id,name,league_code,league,level,gender,city,state,lat,lon,location_accuracy,rating,rating_basis,website,crest_url
atlanta-united,Atlanta United,mls,MLS,pro,M,Atlanta,GA,33.7553,-84.4008,verified,1846,standings,https://atlutd.com,https://www.rankedxi.com/crests/atlanta-united.png
austin-fc,Austin FC,mls,MLS,pro,M,Austin,TX,30.3882,-97.7198,verified,1861,standings,https://austinfc.com,https://www.rankedxi.com/crests/austin-fc.png
cf-montreal,CF Montreal,mls,MLS,pro,M,Montreal,QC,45.5631,-73.5525,verified,1855,standings,https://cfmontreal.com,https://www.rankedxi.com/crests/cf-montreal.png
chicago-fire,Chicago Fire,mls,MLS,pro,M,Chicago,IL,41.8623,-87.6167,verified,1908,standings,https://chicagofirefc.com,https://www.rankedxi.com/crests/chicago-fire.png
fc-cincinnati,FC Cincinnati,mls,MLS,pro,M,Cincinnati,OH,39.1311,-84.5161,verified,1889,standings,https://fccincinnati.com,https://www.rankedxi.com/crests/fc-cincinnati.png
columbus-crew,Columbus Crew,mls,MLS,pro,M,Columbus,OH,40.0094,-82.9911,verified,1865,standings,https://columbuscrew.com,https://www.rankedxi.com/crests/columbus-crew.png
charlotte-fc,Charlotte FC,mls,MLS,pro,M,Charlotte,NC,35.2258,-80.8528,verified,1887,standings,https://charlottefootballclub.com,https://www.rankedxi.com/crests/charlotte-fc.png
colorado-rapids,Colorado Rapids,mls,MLS,pro,M,Commerce City,CO,39.8056,-104.8919,verified,1879,standings,https://coloradorapids.com,https://www.rankedxi.com/crests/colorado-rapids.png
fc-dallas,FC Dallas,mls,MLS,pro,M,Frisco,TX,33.1545,-96.8352,verified,1906,standings,https://fcdallas.com,https://www.rankedxi.com/crests/fc-dallas.png
dc-united,DC United,mls,MLS,pro,M,Washington,DC,38.89,-76.9719,verified,1873,standings,https://dcunited.com,https://www.rankedxi.com/crests/dc-united.png
houston-dynamo,Houston Dynamo,mls,MLS,pro,M,Houston,TX,29.7522,-95.3524,verified,1885,standings,https://houstondynamofc.com,https://www.rankedxi.com/crests/houston-dynamo.png
la-galaxy,LA Galaxy,mls,MLS,pro,M,Carson,CA,33.8644,-118.2611,verified,1875,standings,https://lagalaxy.com,https://www.rankedxi.com/crests/la-galaxy.png
lafc,LAFC,mls,MLS,pro,M,Los Angeles,CA,34.013,-118.285,verified,1922,standings,https://lafc.com,https://www.rankedxi.com/crests/lafc.png
inter-miami,Inter Miami,mls,MLS,pro,M,Fort Lauderdale,FL,26.1931,-80.1611,verified,1934,standings,https://intermiamicf.com,https://www.rankedxi.com/crests/inter-miami.png
minnesota-united,Minnesota United,mls,MLS,pro,M,Minneapolis,MN,44.9764,-93.2244,verified,1881,standings,https://mnufc.com,https://www.rankedxi.com/crests/minnesota-united.png
new-england-revolution,New England Revolution,mls,MLS,pro,M,Foxborough,MA,42.0909,-71.2643,verified,1902,standings,https://revolutionsoccer.net,https://www.rankedxi.com/crests/new-england-revolution.png
nashville-sc,Nashville SC,mls,MLS,pro,M,Nashville,TN,36.1664,-86.7714,verified,1959,standings,https://nashvillesc.com,https://www.rankedxi.com/crests/nashville-sc.png
nycfc,NYCFC,mls,MLS,pro,M,New York,NY,40.8296,-73.9264,verified,1891,standings,https://newyorkcityfc.com,https://www.rankedxi.com/crests/nycfc.png
orlando-city,Orlando City,mls,MLS,pro,M,Orlando,FL,28.5411,-81.3905,verified,1854,standings,https://orlandocitysc.com,https://www.rankedxi.com/crests/orlando-city.png
philadelphia-union,Philadelphia Union,mls,MLS,pro,M,Chester,PA,39.8322,-75.3789,verified,1840,standings,https://philadelphiaunion.com,https://www.rankedxi.com/crests/philadelphia-union.png
portland-timbers,Portland Timbers,mls,MLS,pro,M,Portland,OR,45.5214,-122.6917,verified,1872,standings,https://timbers.com,https://www.rankedxi.com/crests/portland-timbers.png
new-york-red-bulls,New York Red Bulls,mls,MLS,pro,M,Harrison,NJ,40.7367,-74.1503,verified,1877,standings,https://newyorkredbulls.com,https://www.rankedxi.com/crests/new-york-red-bulls.png
real-salt-lake,Real Salt Lake,mls,MLS,pro,M,Sandy,UT,40.5829,-111.893,verified,1903,standings,https://rsl.com,https://www.rankedxi.com/crests/real-salt-lake.png
seattle-sounders,Seattle Sounders,mls,MLS,pro,M,Seattle,WA,47.5953,-122.3317,verified,1892,standings,https://soundersfc.com,https://www.rankedxi.com/crests/seattle-sounders.png
san-jose-earthquakes,San Jose Earthquakes,mls,MLS,pro,M,Santa Clara,CA,37.3506,-121.9367,verified,1931,standings,https://sjearthquakes.com,https://www.rankedxi.com/crests/san-jose-earthquakes.png
sporting-kansas-city,Sporting Kansas City,mls,MLS,pro,M,Kansas City,KS,39.1218,-94.8237,verified,1840,standings,https://sportingkc.com,https://www.rankedxi.com/crests/sporting-kansas-city.png
st-louis-city-sc,St. Louis City SC,mls,MLS,pro,M,Saint Louis,MO,38.6311,-90.2109,verified,1885,standings,https://www.stlcitysc.com/,https://www.rankedxi.com/crests/st-louis-city-sc.png
toronto-fc,Toronto FC,mls,MLS,pro,M,Toronto,ON,43.6328,-79.4186,verified,1861,standings,https://torontofc.ca,https://www.rankedxi.com/crests/toronto-fc.png
vancouver-whitecaps,Vancouver Whitecaps,mls,MLS,pro,M,Vancouver,BC,49.2826,-123.0332,verified,1937,standings,https://whitecapsfc.com,https://www.rankedxi.com/crests/vancouver-whitecaps.png
birmingham-legion,Birmingham Legion,uslc,USL Championship,pro,M,Birmingham,AL,33.4981,-86.8126,verified,1628,real_results,https://bhmlegion.com,https://www.rankedxi.com/crests/birmingham-legion.png
charleston-battery,Charleston Battery,uslc,USL Championship,pro,M,Charleston,SC,32.8709,-79.9198,verified,1766,real_results,https://charlestonbattery.com,https://www.rankedxi.com/crests/charleston-battery.png
detroit-city-fc,Detroit City FC,uslc,USL Championship,pro,M,Hamtramck,MI,42.3924,-83.0489,verified,1745,real_results,https://detcityfc.com,https://www.rankedxi.com/crests/detroit-city-fc.png
hartford-athletic,Hartford Athletic,uslc,USL Championship,pro,M,Hartford,CT,41.7538,-72.6611,verified,1683,real_results,https://hartfordathletic.com,https://www.rankedxi.com/crests/hartford-athletic.png
indy-eleven,Indy Eleven,uslc,USL Championship,pro,M,Indianapolis,IN,39.7711,-86.1779,verified,1681,real_results,https://indyeleven.com,https://www.rankedxi.com/crests/indy-eleven.png
loudoun-united,Loudoun United,uslc,USL Championship,pro,M,Washington,DC,38.8685,-77.0129,verified,1639,real_results,https://www.loudoununitedfc.com/,https://www.rankedxi.com/crests/loudoun-united.png
louisville-city,Louisville City,uslc,USL Championship,pro,M,Louisville,KY,38.2562,-85.7447,verified,1691,real_results,https://loucity.com,https://www.rankedxi.com/crests/louisville-city.png
miami-fc,Miami FC,uslc,USL Championship,pro,M,Miami-Dade,FL,25.7525,-80.3778,verified,1622,real_results,https://www.miamifc.com/,https://www.rankedxi.com/crests/miami-fc.png
pittsburgh-riverhounds,Pittsburgh Riverhounds,uslc,USL Championship,pro,M,Bethel Park,PA,40.3336,-80.0422,verified,1710,real_results,https://riverhounds.com,https://www.rankedxi.com/crests/pittsburgh-riverhounds.png
rhode-island-fc,Rhode Island FC,uslc,USL Championship,pro,M,Smithfield,RI,41.9242,-71.5385,verified,1722,real_results,https://rhodeislandfc.com,https://www.rankedxi.com/crests/rhode-island-fc.png
tampa-bay-rowdies,Tampa Bay Rowdies,uslc,USL Championship,pro,M,Tampa,FL,27.9803,-82.5067,verified,1795,real_results,https://rowdiessoccer.com,https://www.rankedxi.com/crests/tampa-bay-rowdies.png
colorado-springs-switchbacks,Colorado Springs Switchbacks,uslc,USL Championship,pro,M,Colorado Springs,CO,38.8958,-104.711,verified,1694,real_results,https://switchbacksfc.com,https://www.rankedxi.com/crests/colorado-springs-switchbacks.png
el-paso-locomotive,El Paso Locomotive,uslc,USL Championship,pro,M,El Paso,TX,31.759,-106.493,verified,1744,real_results,https://eplocomotivefc.com,https://www.rankedxi.com/crests/el-paso-locomotive.png
fc-tulsa,FC Tulsa,uslc,USL Championship,pro,M,Tulsa,OK,36.1597,-95.9881,verified,1743,real_results,https://www.roughnecksfc.com/,https://www.rankedxi.com/crests/fc-tulsa.png
las-vegas-lights,Las Vegas Lights,uslc,USL Championship,pro,M,Las Vegas,NV,36.1797,-115.13,verified,1675,real_results,https://www.lasvegaslightsfc.com/,https://www.rankedxi.com/crests/las-vegas-lights.png
monterey-bay-fc,Monterey Bay FC,uslc,USL Championship,pro,M,Seaside,CA,36.6508,-121.8051,verified,1602,real_results,https://montereybayfc.com,https://www.rankedxi.com/crests/monterey-bay-fc.png
new-mexico-united,New Mexico United,uslc,USL Championship,pro,M,Albuquerque,NM,35.0697,-106.6292,verified,1769,real_results,https://newmexicoutd.com,https://www.rankedxi.com/crests/new-mexico-united.png
oakland-roots,Oakland Roots,uslc,USL Championship,pro,M,Oakland,CA,37.7945,-122.2587,verified,1655,real_results,https://rootssc.com,https://www.rankedxi.com/crests/oakland-roots.png
orange-county-sc,Orange County SC,uslc,USL Championship,pro,M,Irvine,CA,33.8866,-117.887,verified,1709,real_results,https://orangecountysoccer.com,https://www.rankedxi.com/crests/orange-county-sc.png
phoenix-rising,Phoenix Rising,uslc,USL Championship,pro,M,Phoenix,AZ,33.4462,-111.9991,verified,1701,real_results,https://phxrisingfc.com,https://www.rankedxi.com/crests/phoenix-rising.png
sacramento-republic,Sacramento Republic,uslc,USL Championship,pro,M,Sacramento,CA,38.5406,-121.4867,verified,1732,real_results,https://sacrepublicfc.com,https://www.rankedxi.com/crests/sacramento-republic.png
san-antonio-fc,San Antonio FC,uslc,USL Championship,pro,M,San Antonio,TX,29.5389,-98.3946,verified,1701,real_results,https://sanantoniofc.com,https://www.rankedxi.com/crests/san-antonio-fc.png
charlotte-independence,Charlotte Independence,usl1,USL League One,pro,M,Charlotte,NC,35.1263,-80.9069,verified,1708,real_results,http://www.charlotteindependence.com/,https://www.rankedxi.com/crests/charlotte-independence.png
chattanooga-red-wolves,Chattanooga Red Wolves,usl1,USL League One,pro,M,Chattanooga,TN,35.014,-85.322,verified,1618,real_results,https://www.chattredwolves.com/,https://www.rankedxi.com/crests/chattanooga-red-wolves.png
forward-madison,Forward Madison,usl1,USL League One,pro,M,Madison,WI,43.0831,-89.3731,verified,1687,real_results,https://www.forwardmadisonfc.com/,https://www.rankedxi.com/crests/forward-madison.png
greenville-triumph,Greenville Triumph,usl1,USL League One,pro,M,Travelers Rest,SC,34.9201,-82.4373,verified,1558,real_results,https://www.greenvilletriumph.com/,https://www.rankedxi.com/crests/greenville-triumph.png
lexington-sc,Lexington SC,uslc,USL Championship,pro,M,Lexington,KY,37.9643,-84.3975,verified,1721,real_results,https://www.lexsporting.com/,https://www.rankedxi.com/crests/lexington-sc.png
one-knoxville,One Knoxville,usl1,USL League One,pro,M,Knoxville,TN,35.9459,-83.9329,verified,1654,real_results,https://www.oneknoxsc.com/,https://www.rankedxi.com/crests/one-knoxville.png
union-omaha,Union Omaha,usl1,USL League One,pro,M,Richland I Precinct,NE,41.1518,-96.1062,verified,1672,real_results,https://www.unionomaha.com/,https://www.rankedxi.com/crests/union-omaha.png
richmond-kickers,Richmond Kickers,usl1,USL League One,pro,M,Richmond,VA,37.5497,-77.4868,verified,1496,real_results,https://www.richmondkickers.com/,https://www.rankedxi.com/crests/richmond-kickers.png
spokane-velocity,Spokane Velocity,usl1,USL League One,pro,M,Spokane,WA,47.6668,-117.4194,verified,1635,real_results,https://www.uslspokane.com/,https://www.rankedxi.com/crests/spokane-velocity.png
club-de-lyon,Club de Lyon,loc,The League for Clubs,amateur,M,Daytona Beach,FL,29.1731,-81.1175,verified,,,https://clubdelyon.com/,https://www.rankedxi.com/crests/club-de-lyon.png
maryland-bobcats,Maryland Bobcats,loc,The League for Clubs,amateur,M,Montgomery,MD,39.1521,-77.3063,verified,,,https://www.marylandbobcatsfc.com/,https://www.rankedxi.com/crests/maryland-bobcats.png
michigan-stars,Michigan Stars,loc,The League for Clubs,amateur,M,Washington Charter,MI,42.7522,-83.013,verified,,,https://michiganstarsfc.com,https://www.rankedxi.com/crests/michigan-stars.png
savannah-clovers-fc,Savannah Clovers FC,loc,The League for Clubs,amateur,M,Savannah,GA,31.9932,-81.0798,verified,,,,https://www.rankedxi.com/crests/savannah-clovers-fc.png
georgia-lions-fc,Georgia Lions FC,loc,The League for Clubs,amateur,M,DeKalb,GA,33.8919,-84.2548,verified,,,,https://www.rankedxi.com/crests/georgia-lions-fc.png
arizona-monsoon,Arizona Monsoon,loc,The League for Clubs,amateur,M,Glendale,AZ,33.5719,-112.194,verified,,,,https://www.rankedxi.com/crests/arizona-monsoon.png
capo-fc,Capo FC,usl2,USL League Two,amateur,M,San Clemente,CA,33.4605,-117.6086,verified,1407,real_results,https://fccapistrano.org/,https://www.rankedxi.com/crests/capo-fc.png
la-force,LA Force,nisa,NISA,pro,M,Long Beach,CA,33.8276,-118.1362,verified,,,https://www.losangelesforce.com,https://www.rankedxi.com/crests/nisa-la-force.png
irvine-zeta-fc,Irvine Zeta FC,loc,The League for Clubs,amateur,M,Irvine,CA,33.6745,-117.7388,verified,,,https://www.zetafc.sportzstudio.com/,https://www.rankedxi.com/crests/irvine-zeta-fc.png
carolina-core,Carolina Core,mnp,MLS Next Pro,pro,M,High Point,NC,35.9592,-80.0113,verified,1459,real_results,https://www.mlsnextpro.com/carolinacorefc/,https://www.rankedxi.com/crests/carolina-core.png
chattanooga-fc,Chattanooga FC,mnp,MLS Next Pro,pro,M,Chattanooga,TN,35.0364,-85.3159,verified,1595,real_results,https://www.chattanoogafc.com/,https://www.rankedxi.com/crests/chattanooga-fc.png
angel-city,Angel City,nwsl,NWSL,pro,W,Los Angeles,CA,34.0128,-118.2833,verified,1924,real_results,https://angelcity.com,https://www.rankedxi.com/crests/angel-city.png
bay-fc,Bay FC,nwsl,NWSL,pro,W,San Jose,CA,37.3514,-121.925,verified,1838,real_results,https://bayfc.com,https://www.rankedxi.com/crests/bay-fc.png
chicago-red-stars,Chicago Red Stars,nwsl,NWSL,pro,W,Bridgeview,IL,41.7647,-87.8061,verified,1732,real_results,https://www.chicagoredstars.com/,https://www.rankedxi.com/crests/chicago-red-stars.png
houston-dash,Houston Dash,nwsl,NWSL,pro,W,Houston,TX,29.7522,-95.3524,verified,1857,real_results,https://www.houstondynamofc.com/houstondash,https://www.rankedxi.com/crests/houston-dash.png
kansas-city-current,Kansas City Current,nwsl,NWSL,pro,W,Kansas City,KS,39.1244,-94.8636,verified,1903,real_results,https://www.kcwoso.com/,https://www.rankedxi.com/crests/kansas-city-current.png
nj-ny-gotham,NJ/NY Gotham,nwsl,NWSL,pro,W,Harrison,NJ,40.7369,-74.1496,verified,1991,real_results,https://gothamfc.com,https://www.rankedxi.com/crests/nj-ny-gotham.png
north-carolina-courage,North Carolina Courage,nwsl,NWSL,pro,W,Cary,NC,35.7862,-78.7551,verified,1914,real_results,https://nccourage.com,https://www.rankedxi.com/crests/north-carolina-courage.png
orlando-pride,Orlando Pride,nwsl,NWSL,pro,W,Orlando,FL,28.5411,-81.389,verified,1832,real_results,https://www.orlandocitysc.com/pride/,https://www.rankedxi.com/crests/orlando-pride.png
portland-thorns,Portland Thorns,nwsl,NWSL,pro,W,Portland,OR,45.5214,-122.6917,verified,1924,real_results,https://www.thorns.com/,https://www.rankedxi.com/crests/portland-thorns.png
racing-louisville,Racing Louisville,nwsl,NWSL,pro,W,Louisville,KY,38.2596,-85.7333,verified,1844,real_results,https://racingloufc.com,https://www.rankedxi.com/crests/racing-louisville.png
san-diego-wave,San Diego Wave,nwsl,NWSL,pro,W,San Diego,CA,32.7731,-117.1837,verified,1927,real_results,https://sandiegowavefc.com,https://www.rankedxi.com/crests/san-diego-wave.png
seattle-reign,Seattle Reign,nwsl,NWSL,pro,W,Tukwila,WA,47.4698,-122.248,verified,1900,real_results,https://www.olreign.com/,https://www.rankedxi.com/crests/seattle-reign.png
utah-royals,Utah Royals,nwsl,NWSL,pro,W,Sandy,UT,40.5829,-111.893,verified,1946,real_results,https://www.rsl.com/utahroyals,https://www.rankedxi.com/crests/utah-royals.png
washington-spirit,Washington Spirit,nwsl,NWSL,pro,W,Montgomery,MD,39.1521,-77.3063,verified,1954,real_results,https://washingtonspirit.com,https://www.rankedxi.com/crests/washington-spirit.png
carolina-ascent,Carolina Ascent,uslw,USL Super League,pro,W,Charlotte,NC,35.2179,-80.8277,verified,1910,real_results,https://www.carolinaascent.com/,https://www.rankedxi.com/crests/carolina-ascent.png
dallas-trinity,Dallas Trinity,uslw,USL Super League,pro,W,Dallas,TX,32.7797,-96.7597,verified,1816,real_results,https://www.dallastrinityfc.com/,https://www.rankedxi.com/crests/dallas-trinity.png
fort-lauderdale-united,Fort Lauderdale United,uslw,USL Super League,pro,W,Broward,FL,26.082,-80.2462,verified,1659,real_results,https://www.ftlutd.com/,https://www.rankedxi.com/crests/fort-lauderdale-united.png
lexington-sc-uslw,Lexington SC,uslw,USL Super League,pro,W,Lexington,KY,37.9603,-84.3902,verified,1931,real_results,https://www.lexsporting.com/,https://www.rankedxi.com/crests/lexington-sc.png
tampa-bay-sun,Tampa Bay Sun,uslw,USL Super League,pro,W,Tampa,FL,27.9587,-82.4659,verified,1715,real_results,,https://www.rankedxi.com/crests/tampa-bay-sun.png
dc-power,DC Power,uslw,USL Super League,pro,W,Washington,DC,38.8693,-77.0128,verified,1799,real_results,,https://www.rankedxi.com/crests/dc-power.png
brooklyn-fc,Brooklyn FC,uslw,USL Super League,pro,W,New York,NY,40.574,-73.9844,verified,1749,real_results,https://www.brooklynfootballclub.com/women/schedule/,https://www.rankedxi.com/crests/brooklyn-fc.png
dc-hyper,DC Hyper,loc,The League for Clubs,amateur,M,Montgomery,MD,39.1526,-77.3114,verified,,,,https://www.rankedxi.com/crests/nisa-dc-hyper.png
georgia-fc,Georgia FC,loc,The League for Clubs,amateur,M,DeKalb,GA,33.8854,-84.2484,verified,,,https://www.gafcpro.com/home,https://www.rankedxi.com/crests/georgia-fc.png
arkansa-wolves,Arkansas Wolves,loc,The League for Clubs,amateur,M,North Little Rock,AR,34.7555,-92.2726,verified,,,https://arkansaswolves.com/,https://www.rankedxi.com/crests/nisa-arkansas-wolves.png
sincity-fc,SinCity FC,loc,The League for Clubs,amateur,M,Las Vegas,NV,36.1753,-115.0925,verified,,,,https://www.rankedxi.com/crests/nisa-sin-city-fc.png
desert-fc,Desert FC,upsl,UPSL,amateur,M,Palm Springs,CA,33.8303,-116.5453,approximate,,,,https://www.rankedxi.com/crests/upsl-desert-fc.png
fallbrook,Fallbrook,upsl,UPSL,amateur,M,San Diego,CA,33.3764,-117.2511,approximate,,,,
la-10-fc,LA 10 FC,upsl,UPSL,amateur,M,Los Angeles,CA,34.0128,-118.2845,approximate,,,,
casper-wyoming,Casper Wyoming,upsl,UPSL,amateur,M,Casper,WY,42.8666,-106.3131,approximate,,,,
laramie-sc,Laramie SC,upsl,UPSL,amateur,M,Laramie,WY,41.3114,-105.5911,approximate,,,,
southern-utah-fc,Southern Utah FC,upsl,UPSL,amateur,M,Cedar City,UT,37.6805,-113.0617,verified,,,,https://www.rankedxi.com/crests/upsl-southern-utah-fc.png
uda-new-mexico,UDA New Mexico,upsl,UPSL,amateur,M,Albuquerque,NM,35.0669,-106.6283,approximate,,,,https://www.rankedxi.com/crests/upsl-uda-new-mexico.png
bellevue-athletic-fc,Bellevue Athletic FC,upsl,UPSL,amateur,M,Bellevue,WA,47.6104,-122.2007,verified,1339,standings,https://bellevueathletic.com,https://www.rankedxi.com/crests/upsl-bellevue-athletic-fc.png
iowa-chargers,Iowa Chargers,upsl,UPSL,amateur,M,Des Moines,IA,41.6195,-93.598,approximate,,,,https://www.rankedxi.com/crests/upsl-iowa-chargers.png
milwaukee-torrent,Milwaukee Torrent,npsl,NPSL,amateur,M,Milwaukee,WI,43.028,-87.9715,verified,1384,real_results,http://milwaukeetorrent.com/,https://www.rankedxi.com/crests/npsl-fc-milwaukee-torrent.png
rev-football,Rev Football,upsl,UPSL,amateur,M,Edwardsville,IL,38.8114,-89.9532,approximate,,,,
southern-indiana,Southern Indiana,upsl,UPSL,amateur,M,New Albany,IN,38.2856,-85.8241,approximate,,,,https://www.rankedxi.com/crests/upsl-southern-indiana.png
stryker-fc,Stryker FC,upsl,UPSL,amateur,M,Wichita,KS,37.6872,-97.3301,approximate,,,,
ac-houston-sur,AC Houston Sur,usl2,USL League Two,amateur,M,Houston,TX,29.638,-95.3959,approximate,1292,real_results,,https://www.rankedxi.com/crests/usl2-ac-houston-sur.png
laredo-heat,Laredo Heat,usl2,USL League Two,amateur,M,Blanco,TX,30.417,-98.203,approximate,1461,real_results,https://www.laredoheatsc.com/,https://www.rankedxi.com/crests/usl2-laredo-heat.png
austin-sol,Austin Sol,upsl,UPSL,amateur,M,Austin,TX,30.2837,-97.7325,approximate,,,,
houston-lions-fc,Houston Lions FC,upsl,UPSL,amateur,M,Houston,TX,29.6849,-95.4117,approximate,,,,
baltimore-city-fc,Baltimore City FC,apsl,APSL,amateur,M,Baltimore,MD,39.2781,-76.6233,approximate,1458,standings,https://www.apslsoccer.com/APSL/Team/140784,https://www.rankedxi.com/crests/apsl-baltimore-city-fc.png
fc-hudson-united,FC Hudson United,upsl,UPSL,amateur,M,New York,NY,40.7306,-73.9352,approximate,,,,
nova,NoVa,apsl,APSL,amateur,M,Leesburg,VA,39.1157,-77.5636,approximate,1482,standings,https://www.apslsoccer.com/APSL/Team/114829,https://www.rankedxi.com/crests/apsl-nova-fc.png
dream-fc,Dream FC,upsl,UPSL,amateur,M,Nashville,TN,36.1665,-86.7713,approximate,,,,https://www.rankedxi.com/crests/upsl-dream-fc.png
fc-birmingham,FC Birmingham,upsl,UPSL,amateur,M,Birmingham,AL,33.5207,-86.8025,verified,1335,standings,,https://www.rankedxi.com/crests/upsl-fc-birmingham.png
georgia-impact,Georgia Impact,upsl,UPSL,amateur,M,Canton,GA,34.2368,-84.4908,approximate,,,,https://www.rankedxi.com/crests/upsl-georgia-impact.png
kalonji-pro,Kalonji Pro,upsl,UPSL,amateur,M,Lawrenceville,GA,33.9562,-83.988,approximate,,,,https://www.rankedxi.com/crests/upsl-kalonji-pro.png
scu-heat,SCU Heat,upsl,UPSL,amateur,M,Columbia,SC,34.0007,-81.0348,verified,1403,standings,,https://www.rankedxi.com/crests/upsl-scu-heat.png
tecce-fc,TECCE FC,upsl,UPSL,amateur,M,Columbia,SC,34.0007,-81.0348,approximate,,,,
tennessee-tempo,Tennessee Tempo,upsl,UPSL,amateur,M,Nashville,TN,36.1665,-86.7713,approximate,,,https://www.tennesseetempofc.com/,https://www.rankedxi.com/crests/upsl-tennessee-tempo.png
lax-fc,LAX FC,gcpl,Gulf Coast Premier League,amateur,M,Callaway,FL,30.153,-85.57,verified,1275,standings,,https://www.rankedxi.com/crests/upsl-lax-fc.png
united-soccer-alliance,United Soccer Alliance,upsl,UPSL,amateur,M,Jacksonville,FL,30.3235,-81.6365,verified,1366,standings,,https://www.rankedxi.com/crests/upsl-united-soccer-alliance.png
pensacola-rush,Pensacola Rush,upsl,UPSL,amateur,M,Escambia,FL,30.4333,-87.2404,approximate,,,,https://www.rankedxi.com/crests/upsl-pensacola-rush.png
afc-mobile,AFC Mobile,gcpl,Gulf Coast Premier League,amateur,M,Mobile,AL,30.6954,-88.0399,verified,1296,standings,http://www.afcmobile.net,https://www.rankedxi.com/crests/afc-mobile.png
afghan-premier-fc,Afghan Premier FC,loc,The League for Clubs,amateur,M,Fremont,CA,37.5483,-121.9886,verified,,,,https://www.rankedxi.com/crests/afghan-premier-fc.png
albion-sc-silicon-valley,Albion SC Silicon Valley,loc,The League for Clubs,amateur,M,Sunnyvale,CA,37.37,-122.04,verified,,,,https://www.rankedxi.com/crests/albion-sc-silicon-valley.png
atlantic-city-fc,Atlantic City FC,loc,The League for Clubs,amateur,M,Atlantic City,NJ,39.3701,-74.4389,verified,,,http://www.atlanticcityfc.com,https://www.rankedxi.com/crests/atlantic-city-fc.png
austin-united-fc,Austin United FC,loc,The League for Clubs,amateur,M,Austin,TX,30.2667,-97.7333,verified,,,http://austinunitedfc.com,https://www.rankedxi.com/crests/austin-united-fc.png
bufc-pumas,BUFC Pumas,loc,The League for Clubs,amateur,M,Boulder,CO,40.015,-105.27,verified,,,,https://www.rankedxi.com/crests/bufc-pumas.png
brooklyn-city-f-c-2026,Brooklyn City F.C. (2026),loc,The League for Clubs,amateur,M,New York,NY,40.65,-73.95,verified,,,,https://www.rankedxi.com/crests/brooklyn-city-f-c-2026.png
cf-san-rafael,CF San Rafael,loc,The League for Clubs,amateur,M,San Rafael,CA,37.9861,-122.5348,verified,,,,https://www.rankedxi.com/crests/cf-san-rafael.png
capital-city-sc-2026,Capital City SC (2026),loc,The League for Clubs,amateur,M,Austin,TX,30.2667,-97.7333,verified,,,https://capitalcity.sportzstudio.com/,https://www.rankedxi.com/crests/capital-city-sc-2026.png
central-dallas-fc,Central Dallas FC,loc,The League for Clubs,amateur,M,Dallas,TX,32.7831,-96.8067,verified,,,,https://www.rankedxi.com/crests/central-dallas-fc.png
central-texas-coyotes-fc,Central Texas Coyotes FC,loc,The League for Clubs,amateur,M,Austin,TX,30.2667,-97.7333,verified,,,,https://www.rankedxi.com/crests/central-texas-coyotes-fc.png
corinthians-fc-of-san-antonio,Corinthians FC of San Antonio,loc,The League for Clubs,amateur,M,San Antonio,TX,29.4243,-98.4911,verified,,,https://corinthiansfcsa.sportngin.com/,https://www.rankedxi.com/crests/corinthians-fc-of-san-antonio.png
emporia-fc-2026,Emporia FC (2026),loc,The League for Clubs,amateur,M,Emporia,KS,38.4059,-96.1883,verified,,,,https://www.rankedxi.com/crests/emporia-fc-2026.png
evolution-u23-2026,Evolution U23 (2026),loc,The League for Clubs,amateur,M,Sacramento,CA,38.5816,-121.4944,verified,,,,https://www.rankedxi.com/crests/evolution-u23-2026.png
excelsior-new-york-2026,Excelsior New York (2026),loc,The League for Clubs,amateur,M,New York,NY,40.7306,-73.9352,verified,,,,https://www.rankedxi.com/crests/excelsior-new-york-2026.png
fc-dallas-u23s,FC Dallas U23s,loc,The League for Clubs,amateur,M,Dallas,TX,32.7831,-96.8067,verified,,,,https://www.rankedxi.com/crests/fc-dallas-u23s.png
fc-davis,FC Davis,loc,The League for Clubs,amateur,M,Davis,CA,38.5449,-121.7405,verified,,,https://www.footballclubdavis.com,https://www.rankedxi.com/crests/fc-davis.png
fc-monmouth,FC Monmouth,loc,The League for Clubs,amateur,M,Colts Neck,NJ,40.29,-74.15,verified,,,http://fcmonmouth.com/,https://www.rankedxi.com/crests/fc-monmouth.png
fc-westlake-2026,FC Westlake (2026),loc,The League for Clubs,amateur,M,Westlake,TX,32.9912,-97.1944,verified,,,,https://www.rankedxi.com/crests/fc-westlake-2026.png
fc-wichita,FC Wichita,loc,The League for Clubs,amateur,M,Wichita,KS,37.6979,-97.3148,verified,,,https://fcwichita.soccershift.com/,https://www.rankedxi.com/crests/fc-wichita.png
first-state-fc,First State FC,loc,The League for Clubs,amateur,M,Dover,DE,39.1611,-75.5257,verified,,,,https://www.rankedxi.com/crests/first-state-fc.png
foro-sc,Foro SC,apsl,APSL,amateur,M,Dallas,TX,32.7831,-96.8067,verified,1432,standings,https://www.apslsoccer.com/APSL/Team/165412,https://www.rankedxi.com/crests/foro-sc.png
fuego-u23,Fuego U23,loc,The League for Clubs,amateur,M,Fresno,CA,36.7378,-119.7871,verified,,,,https://www.rankedxi.com/crests/fuego-u23.png
gaffa-fc,Gaffa FC,gcpl,Gulf Coast Premier League,amateur,M,Jackson,MS,32.2988,-90.185,verified,1363,standings,,https://www.rankedxi.com/crests/gaffa-fc.png
iron-rose-fc,Iron Rose FC,loc,The League for Clubs,amateur,M,Roseville,CA,38.7524,-121.288,verified,,,,https://www.rankedxi.com/crests/iron-rose-fc.png
kensington-soccer-club,Kensington Soccer Club,loc,The League for Clubs,amateur,M,Contra Costa,CA,37.9063,-122.2748,verified,,,,https://www.rankedxi.com/crests/kensington-soccer-club.png
kingston-stockade-fc,Kingston Stockade FC,loc,The League for Clubs,amateur,M,Kingston,NY,41.9318,-74.0111,verified,,,,https://www.rankedxi.com/crests/kingston-stockade-fc.png
met-oval-academy,Met Oval Academy,loc,The League for Clubs,amateur,M,New York,NY,40.7306,-73.9352,verified,,,https://metropolitanoval.org/,https://www.rankedxi.com/crests/met-oval-academy.png
nola-ramparts-fc-2026,NOLA Ramparts FC,gcpl,Gulf Coast Premier League,amateur,M,New Orleans,LA,29.9511,-90.0715,verified,1275,standings,,https://www.rankedxi.com/crests/nola-ramparts-fc-2026.png
napa-valley-1839-fc,Napa Valley 1839 FC,loc,The League for Clubs,amateur,M,Napa,CA,38.2975,-122.2869,verified,,,http://napanpsl.com/,https://www.rankedxi.com/crests/napa-valley-1839-fc.png
north-coast-fc-sol,North Coast FC Sol,loc,The League for Clubs,amateur,M,Santa Cruz,CA,36.9721,-122.0263,verified,,,,https://www.rankedxi.com/crests/north-coast-fc-sol.png
oakland-soccer-club,Oakland Soccer Club,loc,The League for Clubs,amateur,M,Oakland,CA,37.8044,-122.2711,verified,,,,https://www.rankedxi.com/crests/oakland-soccer-club.png
oklahoma-city-1889-fc,Oklahoma City 1889 FC,loc,The League for Clubs,amateur,M,Oklahoma City,OK,35.4676,-97.5164,verified,,,https://www.okc1889.com/,https://www.rankedxi.com/crests/oklahoma-city-1889-fc.png
psc-panama-city-beach-fc,PSC Panama City Beach FC,gcpl,Gulf Coast Premier League,amateur,M,Panama City Beach,FL,30.2045,-85.8508,verified,1403,standings,,https://www.rankedxi.com/crests/psc-panama-city-beach-fc.png
peak-xi-fc,Peak XI FC,loc,The League for Clubs,amateur,M,Superior,CO,39.9528,-105.1686,approximate,,,https://www.peakxifc.com/,https://www.rankedxi.com/crests/peak-xi-fc.png
pensacola-fc,Pensacola FC,gcpl,Gulf Coast Premier League,amateur,M,Escambia,FL,30.4333,-87.2404,verified,1501,standings,https://pensacola-fc.com/,https://www.rankedxi.com/crests/pensacola-fc.png
pensacola-fc-academy,Pensacola FC Academy,gcpl,Gulf Coast Premier League,amateur,M,Escambia,FL,30.4333,-87.2404,verified,1314,standings,,https://www.rankedxi.com/crests/pensacola-fc-academy.png
rgv-red-crowns-sc,RGV Red Crowns SC,loc,The League for Clubs,amateur,M,McAllen,TX,26.2034,-98.23,verified,,,,https://www.rankedxi.com/crests/rgv-red-crowns-sc.png
real-central-nj-2026,Real Central NJ (2026),usl2,USL League Two,amateur,M,Princeton,NJ,40.3607,-74.6547,verified,1355,real_results,,https://www.rankedxi.com/crests/real-central-nj-2026.png
san-ramon-fc,San Ramon FC,loc,The League for Clubs,amateur,M,San Ramon,CA,37.7747,-121.9735,verified,,,,https://www.rankedxi.com/crests/san-ramon-fc.png
sowegans-sc,Sowegans SC,loc,The League for Clubs,amateur,M,Albany,GA,31.5814,-84.1557,verified,,,,https://www.rankedxi.com/crests/sowegans-sc.png
tallahassee-sc,Tallahassee SC,gcpl,Gulf Coast Premier League,amateur,M,Tallahassee,FL,30.455,-84.2533,verified,1463,standings,https://www.tlhsoccerclub.com/,https://www.rankedxi.com/crests/tallahassee-sc.png
tulsa-athletic,Tulsa Athletic,loc,The League for Clubs,amateur,M,Tulsa,OK,36.154,-95.9928,verified,,,http://www.tulsaathletic.com,https://www.rankedxi.com/crests/tulsa-athletic.png
union-10-fc,Union 10 FC,gcpl,Gulf Coast Premier League,amateur,M,Daphne,AL,30.6277,-87.9033,verified,1525,standings,,https://www.rankedxi.com/crests/union-10-fc.png
union-kc,Union KC,loc,The League for Clubs,amateur,M,Kansas City,MO,39.0997,-94.5786,verified,,,,https://www.rankedxi.com/crests/union-kc.png
valdosta-fc,Valdosta FC,gcpl,Gulf Coast Premier League,amateur,M,Valdosta,GA,30.8327,-83.2785,verified,1290,standings,,https://www.rankedxi.com/crests/valdosta-fc.png
york-county-afc-2026,York County AFC (2026),loc,The League for Clubs,amateur,M,York,PA,39.9623,-76.7277,verified,,,,https://www.rankedxi.com/crests/york-county-afc-2026.png
yuba-fc,Yuba FC,loc,The League for Clubs,amateur,M,Yuba City,CA,39.137,-121.6078,verified,,,,https://www.rankedxi.com/crests/yuba-fc.png
san-diego-fc,San Diego FC,mls,MLS,pro,M,San Diego,CA,32.7844,-117.1228,verified,1873,standings,https://sandiegofc.com,https://www.rankedxi.com/crests/san-diego-fc.png
boston-legacy-fc,Boston Legacy FC,nwsl,NWSL,pro,W,Boston,MA,42.3097,-71.0959,verified,1801,real_results,https://bostonlegacyfc.com/,https://www.rankedxi.com/crests/boston-legacy-fc.png
denver-summit-fc,Denver Summit FC,nwsl,NWSL,pro,W,Denver,CO,39.74,-104.99,verified,1887,real_results,https://www.denversummitfc.com/,https://www.rankedxi.com/crests/denver-summit-fc.png
ct-united-fc,CT United FC,mnp,MLS Next Pro,pro,M,Hartford,CT,41.76,-72.67,verified,1409,standings,,https://www.rankedxi.com/crests/ct-united-fc.png
westchester-sc,Westchester SC,usl1,USL League One,pro,M,White Plains,NY,41.03,-73.76,verified,1568,real_results,https://www.westchestersc.com/,https://www.rankedxi.com/crests/westchester-sc.png
fc-naples,FC Naples,usl1,USL League One,pro,M,Naples,FL,26.14,-81.79,verified,1534,real_results,https://www.fcnaples.com/,https://www.rankedxi.com/crests/fc-naples.png
av-alta-fc,AV Alta FC,usl1,USL League One,pro,M,Lancaster,CA,34.68,-118.15,verified,1577,real_results,https://www.avaltafc.com/,https://www.rankedxi.com/crests/av-alta-fc.png
portland-hearts-of-pine,Portland Hearts of Pine,usl1,USL League One,pro,M,Portland,ME,43.6579,-70.2767,verified,1531,real_results,https://www.heartsofpine.com/,https://www.rankedxi.com/crests/portland-hearts-of-pine.png
west-chester-united-sc,West Chester United SC,usl2,USL League Two,amateur,M,West Chester,PA,39.96,-75.604,verified,1422,real_results,,https://www.rankedxi.com/crests/npsl-west-chester-united-sc.png
fc-motown,FC Motown,usl2,USL League Two,amateur,M,Morristown,NJ,40.7968,-74.4815,verified,1422,real_results,https://fcmotownsoccer.com/,https://www.rankedxi.com/crests/npsl-fc-motown.png
fc-frederick,FC Frederick,npsl,NPSL,amateur,M,Frederick,MD,39.4143,-77.4105,verified,1347,real_results,https://www.fcfrederick.com/,https://www.rankedxi.com/crests/npsl-fc-frederick.png
el-farolito,El Farolito,npsl,NPSL,amateur,M,San Francisco,CA,37.721,-122.437,verified,1582,real_results,,https://www.rankedxi.com/crests/npsl-el-farolito.png
duluth-fc,Duluth FC,npsl,NPSL,amateur,M,Duluth,MN,46.784,-92.105,verified,1457,real_results,http://www.duluthfc.com/,https://www.rankedxi.com/crests/npsl-duluth-fc.png
cleveland-sc,Cleveland SC,npsl,NPSL,amateur,M,Cleveland,OH,41.5,-81.694,verified,1361,real_results,https://clevelandsc.com,https://www.rankedxi.com/crests/npsl-cleveland-sc.png
erie-commodores-fc,Erie Commodores FC,npsl,NPSL,amateur,M,Erie,PA,42.13,-80.09,verified,1462,real_results,http://www.erie-admirals.com/,https://www.rankedxi.com/crests/npsl-erie-commodores-fc.png
ny-renegades-fc,NY Renegades FC,upsl,UPSL,amateur,M,Hicksville,NY,40.7695,-73.5293,verified,1445,standings,https://nyrenegadesfc.com,https://www.rankedxi.com/crests/upsl-ny-renegades-fc.png
red-hook-football-club,Red Hook Football Club,upsl,UPSL,amateur,M,Brooklyn,NY,40.6526,-73.9497,verified,1406,standings,,https://www.rankedxi.com/crests/upsl-red-hook-football-club.png
osners-fc,OSNER'S FC,upsl,UPSL,amateur,M,Brooklyn,NY,40.6526,-73.9497,verified,1377,standings,https://www.osnersfc.com/,https://www.rankedxi.com/crests/upsl-osners-fc.png
ny-empire-fc,NY Empire FC,upsl,UPSL,amateur,M,Islip,NY,40.7301,-73.2107,verified,1375,standings,,https://www.rankedxi.com/crests/upsl-ny-empire-fc.png
new-york-braveheart-sc,New York Braveheart SC,upsl,UPSL,amateur,M,,NY,40.7128,-74.006,approximate,1348,standings,,https://www.rankedxi.com/crests/upsl-new-york-braveheart-sc.png
haiti-united-fc,Haiti United FC,upsl,UPSL,amateur,M,Washington,DC,38.913,-77.051,verified,1334,standings,,https://www.rankedxi.com/crests/upsl-haiti-united-fc.png
kelmendi-fc-ny,Kelmendi FC NY,upsl,UPSL,amateur,M,Yorktown Heights,NY,41.2702,-73.7754,verified,1302,standings,,https://www.rankedxi.com/crests/upsl-kelmendi-fc-ny.png
afc-academy,AFC Academy,upsl,UPSL,amateur,M,New York,NY,40.7127,-74.006,verified,1303,standings,,https://www.rankedxi.com/crests/upsl-afc-academy.png
brooklyn-fc-u20,Brooklyn FC U20,upsl,UPSL,amateur,M,New York,NY,40.653,-73.95,verified,1303,standings,,https://www.rankedxi.com/crests/upsl-brooklyn-fc-u20.png
cosmos-b,Cosmos B,upsl,UPSL,amateur,M,Cosmos,MN,44.936,-94.697,verified,1408,standings,,https://www.rankedxi.com/crests/upsl-cosmos-b.png
new-jersey-alliance-fc,New Jersey Alliance FC,upsl,UPSL,amateur,M,,NJ,40.7357,-74.1724,approximate,1381,standings,,https://www.rankedxi.com/crests/upsl-new-jersey-alliance-fc.png
sfc-1924,SFC 1924,upsl,UPSL,amateur,M,Whippany,NJ,40.8233,-74.4138,verified,1374,standings,,
union-sc,Union SC,upsl,UPSL,amateur,M,Union,NJ,40.6652,-74.3045,verified,1363,standings,,https://www.rankedxi.com/crests/upsl-union-sc.png
bulldogs-sc,Bulldogs SC,upsl,UPSL,amateur,M,East Brunswick,NJ,40.4279,-74.416,verified,1348,standings,,https://www.rankedxi.com/crests/upsl-bulldogs-sc.png
ironbound-scp,Ironbound SCP,upsl,UPSL,amateur,M,Newark,NJ,40.7357,-74.1724,verified,1334,standings,,https://www.rankedxi.com/crests/upsl-ironbound-scp.png
capital-city-islanders,Capital City Islanders,upsl,UPSL,amateur,M,Harrisburg,PA,40.2663,-76.8861,verified,1350,standings,https://capitalcity.sportzstudio.com/,https://www.rankedxi.com/crests/upsl-capital-city-islanders.png
five-rivers-sc,Five Rivers SC,upsl,UPSL,amateur,M,Carteret,NJ,40.5773,-74.2282,verified,1328,standings,https://www.fiveriverssc.com/,https://www.rankedxi.com/crests/upsl-five-rivers-sc.png
pennsylvania-prime-fc,Pennsylvania Prime FC,upsl,UPSL,amateur,M,Allentown,PA,40.6023,-75.4716,verified,1329,standings,https://www.pennsylvaniaprimefc.com/,https://www.rankedxi.com/crests/upsl-pennsylvania-prime-fc.png
ucfsc-warriors,UCFSC Warriors,upsl,UPSL,amateur,M,Rahway,NJ,40.6082,-74.2776,verified,1312,standings,,https://www.rankedxi.com/crests/upsl-ucfsc-warriors.png
olympians-fc,Olympians FC,upsl,UPSL,amateur,M,El Mirage,AZ,33.613,-112.3245,verified,1386,standings,,https://www.rankedxi.com/crests/upsl-olympians-fc.png
next-level-soccer-premier,Next Level Soccer Premier,upsl,UPSL,amateur,M,Gilbert,AZ,33.3528,-111.789,verified,1392,standings,,https://www.rankedxi.com/crests/upsl-next-level-soccer-premier.png
state-48-sporting-fc,State 48 Sporting FC,upsl,UPSL,amateur,M,El Mirage,AZ,33.613,-112.3245,verified,1354,standings,,https://www.rankedxi.com/crests/upsl-state-48-sporting-fc.png
arizona-arsenal-sc,Arizona Arsenal SC,upsl,UPSL,amateur,M,Mesa,AZ,33.4151,-111.8315,verified,1345,standings,,https://www.rankedxi.com/crests/upsl-arizona-arsenal-sc.png
rsl-az-monarch,RSL AZ Monarch,upsl,UPSL,amateur,M,Tucson,AZ,32.2229,-110.9748,verified,1317,standings,,https://www.rankedxi.com/crests/upsl-rsl-az-monarch.png
rsl-arizona,RSL Arizona,upsl,UPSL,amateur,M,Scottsdale,AZ,33.4942,-111.926,verified,1316,standings,,https://www.rankedxi.com/crests/upsl-rsl-arizona.png
virginia-dream-fc,Virginia Dream FC,upsl,UPSL,amateur,M,Reston,VA,38.956,-77.346,verified,1432,standings,,https://www.rankedxi.com/crests/upsl-virginia-dream-fc.png
arlington-sa,Arlington SA,upsl,UPSL,amateur,M,Arlington,VA,38.8769,-77.0893,verified,1406,standings,,https://www.rankedxi.com/crests/upsl-arlington-sa.png
bowleys-athletic,Bowleys Athletic,upsl,UPSL,amateur,M,Dundalk,MD,39.335,-76.39,verified,1397,standings,,https://www.rankedxi.com/crests/upsl-bowleys-athletic.png
los-toros,Los Toros,upsl,UPSL,amateur,M,Reston,VA,38.9533,-77.3465,verified,1392,standings,,https://www.rankedxi.com/crests/upsl-los-toros.png
msi,MSI,upsl,UPSL,amateur,M,Rockville,MD,39.0818,-77.1517,verified,1383,standings,,https://www.rankedxi.com/crests/upsl-msi.png
doradus-fc,Doradus FC,upsl,UPSL,amateur,M,Springfield,VA,38.775,-77.1804,verified,1370,standings,,https://www.rankedxi.com/crests/upsl-doradus-fc.png
moco-1776-fc,MoCo 1776 FC,upsl,UPSL,amateur,M,Bethesda,MD,38.985,-77.096,verified,1355,standings,,https://www.rankedxi.com/crests/upsl-moco-1776-fc.png
bridge-sports-club,Bridge Sports Club,upsl,UPSL,amateur,M,Laurel,MD,39.0984,-76.8485,verified,1358,standings,,https://www.rankedxi.com/crests/upsl-bridge-sports-club.png
hybrid-football-club,Hybrid Football Club,upsl,UPSL,amateur,M,Oxon Hill,MD,38.7848,-76.9694,verified,1296,standings,,https://www.rankedxi.com/crests/upsl-hybrid-football-club.png
grove-united,Grove United,upsl,UPSL,amateur,M,Richmond,VA,37.5385,-77.4343,verified,1350,standings,,https://www.rankedxi.com/crests/upsl-grove-united.png
alexandria-reds,Alexandria Reds,upsl,UPSL,amateur,M,Alexandria,VA,38.8048,-77.0469,verified,1339,standings,,https://www.rankedxi.com/crests/upsl-alexandria-reds.png
alexandria-united-fc,Alexandria United FC,upsl,UPSL,amateur,M,Alexandria,VA,38.8051,-77.047,verified,1337,standings,,https://www.rankedxi.com/crests/upsl-alexandria-united-fc.png
blue-ridge-fc,Blue Ridge FC,upsl,UPSL,amateur,M,Harrisonburg,VA,38.4493,-78.8689,verified,1312,standings,,https://www.rankedxi.com/crests/upsl-blue-ridge-fc.png
skyline-elite-sc,Skyline Elite SC,upsl,UPSL,amateur,M,Charlottesville,VA,38.0293,-78.4767,verified,1307,standings,,https://www.rankedxi.com/crests/upsl-skyline-elite-sc.png
kissimmee-sc,Kissimmee SC,upsl,UPSL,amateur,M,Kissimmee,FL,28.292,-81.408,verified,1403,standings,,https://www.rankedxi.com/crests/upsl-kissimmee-sc.png
fc-america-spurs,FC America Spurs,upsl,UPSL,amateur,M,Winter Park,FL,28.5978,-81.351,verified,1395,standings,,https://www.rankedxi.com/crests/upsl-fc-america-spurs.png
emerald-football-club,Emerald Football Club,upsl,UPSL,amateur,M,Orlando,FL,28.5421,-81.379,verified,1369,standings,,https://www.rankedxi.com/crests/upsl-emerald-football-club.png
bold-city-sc,Bold City SC,upsl,UPSL,amateur,M,Jacksonville,FL,30.167,-81.506,verified,1365,standings,,https://www.rankedxi.com/crests/upsl-bold-city-sc.png
harbor-city-fc,Harbor City FC,upsl,UPSL,amateur,M,Melbourne,FL,28.147,-80.669,verified,1380,standings,,https://www.rankedxi.com/crests/upsl-harbor-city-fc.png
dme-academy,DME Academy,upsl,UPSL,amateur,M,Volusia,FL,29.173,-81.064,verified,1363,standings,,https://www.rankedxi.com/crests/upsl-dme-academy.png
o-f-c-barca,O.F.C Barca,upsl,UPSL,amateur,M,Laurens,GA,32.666,-83.024,approximate,1354,standings,,https://www.rankedxi.com/crests/upsl-o-f-c-barca.png
brevard-sc,Brevard SC,usl2,USL League Two,amateur,M,Brevard,FL,28.21,-80.8,verified,1341,real_results,,https://www.rankedxi.com/crests/usl2-brevard-sc.png
shark-coast-fc,Shark Coast FC,usl2,USL League Two,amateur,M,Palm Coast,FL,29.429,-81.185,verified,1364,real_results,,https://www.rankedxi.com/crests/usl2-shark-coast-fc.png
gosa-yf-premier,GOSA YF Premier,upsl,UPSL,amateur,M,Orlando,FL,28.5421,-81.379,verified,1310,standings,,https://www.rankedxi.com/crests/upsl-gosa-yf-premier.png
ocala-soccer-institute,Ocala Soccer Institute,upsl,UPSL,amateur,M,Ocala,FL,29.1872,-82.1401,verified,1312,standings,,https://www.rankedxi.com/crests/upsl-ocala-soccer-institute.png
first-coast-athletic,First Coast Athletic,upsl,UPSL,amateur,M,Jacksonville,FL,30.482,-81.608,verified,1298,standings,,https://www.rankedxi.com/crests/upsl-first-coast-athletic.png
florida-badgers-fc,Florida Badgers FC,upsl,UPSL,amateur,M,Boynton Beach,FL,26.5289,-80.0581,verified,1398,standings,,https://www.rankedxi.com/crests/upsl-florida-badgers-fc.png
inter-miami-cf-academy,Inter Miami CF Academy,upsl,UPSL,amateur,M,Miami,FL,25.791,-80.26,verified,1376,standings,,https://www.rankedxi.com/crests/upsl-inter-miami-cf-academy.png
empire-sc,Empire SC,upsl,UPSL,amateur,M,Weston,FL,26.1003,-80.3995,verified,1362,standings,,https://www.rankedxi.com/crests/upsl-empire-sc.png
rush-select-academy,Rush Select Academy,upsl,UPSL,amateur,M,Los Angeles,CA,34.089,-118.269,verified,1365,standings,,https://www.rankedxi.com/crests/upsl-rush-select-academy.png
miami-fc-u20,Miami FC U20,upsl,UPSL,amateur,M,Miami,FL,25.774,-80.194,verified,1361,standings,,https://www.rankedxi.com/crests/upsl-miami-fc-u20.png
palm-beach-flames-sc,Palm Beach Flames SC,upsl,UPSL,amateur,M,West Palm Beach,FL,26.7154,-80.0533,verified,1356,standings,,https://www.rankedxi.com/crests/upsl-palm-beach-flames-sc.png
florida-soccer-soldiers,Florida Soccer Soldiers,upsl,UPSL,amateur,M,Miramar,FL,25.9873,-80.2323,verified,1347,standings,,https://www.rankedxi.com/crests/upsl-florida-soccer-soldiers.png
florida-futbol-club,Florida Futbol Club,upsl,UPSL,amateur,M,Miami Gardens,FL,25.942,-80.2456,verified,1348,standings,,https://www.rankedxi.com/crests/upsl-florida-futbol-club.png
florida-wolves-fc,Florida Wolves FC,upsl,UPSL,amateur,M,Miami-Dade,FL,25.818,-80.362,verified,1345,standings,,https://www.rankedxi.com/crests/upsl-florida-wolves-fc.png
elevate-soccer-project-esp-miami,Elevate Soccer Project ESP Miami,upsl,UPSL,amateur,M,Miami,FL,25.7742,-80.1936,verified,1326,standings,,https://www.rankedxi.com/crests/upsl-elevate-soccer-project-esp-miami.png
plantation-fc,Plantation FC,upsl,UPSL,amateur,M,Plantation,FL,26.128,-80.233,verified,1317,standings,,https://www.rankedxi.com/crests/upsl-plantation-fc.png
parkland-soccer-club,Parkland Soccer Club,upsl,UPSL,amateur,M,Broward,FL,26.31,-80.237,verified,1314,standings,,https://www.rankedxi.com/crests/upsl-parkland-soccer-club.png
city-soccer-fc,City Soccer FC,upsl,UPSL,amateur,M,West Palm Beach,FL,26.7154,-80.0533,verified,1303,standings,,https://www.rankedxi.com/crests/upsl-city-soccer-fc.png
inter-city-fc,Inter City FC,upsl,UPSL,amateur,M,Fort Myers,FL,26.6406,-81.8723,verified,1404,standings,,https://www.rankedxi.com/crests/upsl-inter-city-fc.png
pcu-pelicans-sc,PCU Pelicans SC,upsl,UPSL,amateur,M,Taylor,FL,30.057,-83.806,approximate,1401,standings,,https://www.rankedxi.com/crests/upsl-pcu-pelicans-sc.png
sarasota-paradise,Sarasota Paradise,upsl,UPSL,amateur,M,Sarasota,FL,27.014,-82.363,verified,1369,standings,,https://www.rankedxi.com/crests/upsl-sarasota-paradise.png
lakeland-united,Lakeland United,usl2,USL League Two,amateur,M,Lakeland,FL,28.039,-81.95,verified,1398,real_results,,https://www.rankedxi.com/crests/usl2-lakeland-united.png
florida-premier-fc,Florida Premier FC,upsl,UPSL,amateur,M,Tampa,FL,27.945,-82.4583,verified,1372,standings,,https://www.rankedxi.com/crests/upsl-florida-premier-fc.png
dme-academy-sarasota,DME Academy Sarasota,upsl,UPSL,amateur,M,Sarasota,FL,27.3366,-82.5309,verified,1368,standings,,https://www.rankedxi.com/crests/upsl-dme-academy-sarasota.png
fc-tampa-rangers,FC Tampa Rangers,upsl,UPSL,amateur,M,Tampa,FL,27.945,-82.4583,verified,1363,standings,,https://www.rankedxi.com/crests/upsl-fc-tampa-rangers.png
west-florida-flames,West Florida Flames,upsl,UPSL,amateur,M,Brandon,FL,27.9285,-82.2881,verified,1361,standings,,https://www.rankedxi.com/crests/upsl-west-florida-flames.png
shock-city-fc,Shock City FC,upsl,UPSL,amateur,M,Clearwater,FL,27.9659,-82.8001,verified,1352,standings,,https://www.rankedxi.com/crests/upsl-shock-city-fc.png
clearwater-chargers-sc,Clearwater Chargers SC,upsl,UPSL,amateur,M,Clearwater,FL,27.9659,-82.8001,verified,1320,standings,,https://www.rankedxi.com/crests/upsl-clearwater-chargers-sc.png
florida-premier-fc-swfl,Florida Premier FC SWFL,upsl,UPSL,amateur,M,Lakewood Ranch,FL,27.4092,-82.3925,verified,1306,standings,,https://www.rankedxi.com/crests/upsl-florida-premier-fc-swfl.png
img-academy,IMG Academy,upsl,UPSL,amateur,M,Manatee,FL,27.441,-82.609,verified,1309,standings,,https://www.rankedxi.com/crests/upsl-img-academy.png
twin-rivers-united,Twin Rivers United,upsl,UPSL,amateur,M,Charlotte County,FL,26.9013,-81.9157,verified,1294,standings,https://twinriversunited.com,https://www.rankedxi.com/crests/upsl-twin-rivers-united.png
chattanooga-red-wolves-2,Chattanooga Red Wolves 2,upsl,UPSL,amateur,M,Chattanooga,TN,35.0457,-85.3095,verified,1387,standings,,https://www.rankedxi.com/crests/upsl-chattanooga-red-wolves-2.png
lsa-mustangs,LSA Mustangs,upsl,UPSL,amateur,M,Norcross,GA,33.9412,-84.2135,verified,1385,standings,,https://www.rankedxi.com/crests/upsl-lsa-mustangs.png
scenic-city-soccer-club,Scenic City Soccer Club,upsl,UPSL,amateur,M,Chattanooga,GA,34.9161,-85.2513,verified,1364,standings,,https://www.rankedxi.com/crests/upsl-scenic-city-soccer-club.png
potros-fc,Potros FC,upsl,UPSL,amateur,M,Marietta,GA,33.9528,-84.5496,verified,1339,standings,,https://www.rankedxi.com/crests/upsl-potros-fc.png
pachuca-georgia,Pachuca Georgia,upsl,UPSL,amateur,M,Lilburn,GA,33.8901,-84.143,verified,1331,standings,,https://www.rankedxi.com/crests/upsl-pachuca-georgia.png
soccer-saves-lives-fc,Soccer Saves Lives FC,upsl,UPSL,amateur,M,Norcross,GA,33.9412,-84.2135,verified,1309,standings,,https://www.rankedxi.com/crests/upsl-soccer-saves-lives-fc.png
atlanta-fire-united,Atlanta Fire United,upsl,UPSL,amateur,M,Duluth,GA,34.0029,-84.1441,verified,1309,standings,https://www.atlantaunitedsoccer.com/,https://www.rankedxi.com/crests/upsl-atlanta-fire-united.png
kalonji-pro-profile,Kalonji Pro-Profile,upsl,UPSL,amateur,M,Lawrenceville,GA,33.9566,-83.989,verified,1423,standings,,https://www.rankedxi.com/crests/upsl-kalonji-pro-profile.png
fc-columbus-elite,FC Columbus Elite,upsl,UPSL,amateur,M,Columbus,GA,32.4611,-84.988,verified,1363,standings,,https://www.rankedxi.com/crests/upsl-fc-columbus-elite.png
augusta-arsenal-sc,Augusta Arsenal SC,upsl,UPSL,amateur,M,Augusta,GA,33.476,-82.026,verified,1350,standings,,https://www.rankedxi.com/crests/upsl-augusta-arsenal-sc.png
uma-fc,UMA FC,upsl,UPSL,amateur,M,LaGrange,GA,33.0393,-85.0313,verified,1340,standings,,https://www.rankedxi.com/crests/upsl-uma-fc.png
angelus,Angelus,upsl,UPSL,amateur,M,Warner Robins,GA,32.6201,-83.6066,verified,1344,standings,,https://www.rankedxi.com/crests/upsl-angelus.png
red-top-soccer-club,Red Top Soccer Club,upsl,UPSL,amateur,M,Cartersville,GA,34.1652,-84.7998,verified,1335,standings,,https://www.rankedxi.com/crests/upsl-red-top-soccer-club.png
ufa-lawrenceville,UFA Lawrenceville,upsl,UPSL,amateur,M,Lawrenceville,GA,33.9566,-83.989,verified,1328,standings,,https://www.rankedxi.com/crests/upsl-ufa-lawrenceville.png
lsa-norcross-pro,LSA Norcross Pro,upsl,UPSL,amateur,M,Norcross,GA,33.9412,-84.2135,verified,1304,standings,,https://www.rankedxi.com/crests/upsl-lsa-norcross-pro.png
chattanooga-kaistorms-fc,Chattanooga Kaistorms FC,upsl,UPSL,amateur,M,Chattanooga,TN,35.0457,-85.3095,verified,1383,standings,,https://www.rankedxi.com/crests/upsl-chattanooga-kaistorms-fc.png
tennessee-united-sc,Tennessee United SC,upsl,UPSL,amateur,M,Hendersonville,TN,36.3049,-86.6214,verified,1358,standings,,https://www.rankedxi.com/crests/upsl-tennessee-united-sc.png
midwest-hooligans,Midwest Hooligans,upsl,UPSL,amateur,M,Evansville,IN,37.9705,-87.5716,verified,1360,standings,https://midwestsc.sportzstudio.com/,https://www.rankedxi.com/crests/upsl-midwest-hooligans.png
real-henderson,Real Henderson,upsl,UPSL,amateur,M,Henderson,KY,37.7672,-87.5574,verified,1346,standings,https://realhendersonsc.com,https://www.rankedxi.com/crests/upsl-real-henderson.png
bowling-green-fc,Bowling Green FC,upsl,UPSL,amateur,M,Bowling Green,KY,36.9929,-86.4429,verified,1332,standings,,https://www.rankedxi.com/crests/upsl-bowling-green-fc.png
morazan-zla-fc,Morazan ZLA FC,upsl,UPSL,amateur,M,Nashville,TN,36.1623,-86.7743,verified,1325,standings,,https://www.rankedxi.com/crests/upsl-morazan-zla-fc.png
pumas-premier,Pumas Premier,upsl,UPSL,amateur,M,Paducah,KY,37.0834,-88.6,verified,1289,standings,https://pumaspremier.com,https://www.rankedxi.com/crests/upsl-pumas-premier.png
ac-raleigh,AC Raleigh,upsl,UPSL,amateur,M,Raleigh,NC,35.7804,-78.6391,verified,1403,standings,,https://www.rankedxi.com/crests/upsl-ac-raleigh.png
sporting-soccer-academy,Sporting Soccer Academy,upsl,UPSL,amateur,M,Johnson City,TN,36.3168,-82.3529,verified,1385,standings,,https://www.rankedxi.com/crests/upsl-sporting-soccer-academy.png
briar-united-fc,Briar United FC,upsl,UPSL,amateur,M,Raleigh,NC,35.7804,-78.6391,verified,1368,standings,,https://www.rankedxi.com/crests/upsl-briar-united-fc.png
rush-united-fc,Rush United FC,upsl,UPSL,amateur,M,Radford,VA,37.1343,-80.5749,verified,1350,standings,,https://www.rankedxi.com/crests/upsl-rush-united-fc.png
north-carolina-fc-academy,North Carolina FC Academy,upsl,UPSL,amateur,M,Raleigh,NC,35.7804,-78.6391,verified,1352,standings,,https://www.rankedxi.com/crests/upsl-north-carolina-fc-academy.png
emory-fc,Emory FC,upsl,UPSL,amateur,M,Emory,VA,36.7834,-81.8258,verified,1352,standings,,https://www.rankedxi.com/crests/upsl-emory-fc.png
pro-finish-management-fc,Pro-finish Management FC,upsl,UPSL,amateur,M,Harrisburg,NC,35.3258,-80.6455,verified,1359,standings,,https://www.rankedxi.com/crests/upsl-pro-finish-management-fc.png
north-carolina-lions,North Carolina Lions,upsl,UPSL,amateur,M,Winston Salem,NC,36.0998,-80.2441,verified,1338,standings,,https://www.rankedxi.com/crests/upsl-north-carolina-lions.png
tar-devils-sc,Tar Devils SC,upsl,UPSL,amateur,M,Chapel Hill,NC,35.9132,-79.0558,verified,1336,standings,https://www.tardevilssc.com/,https://www.rankedxi.com/crests/upsl-tar-devils-sc.png
wake-futbol-club,Wake Futbol Club,upsl,UPSL,amateur,M,Holly Springs,NC,35.6513,-78.8336,verified,1315,standings,,https://www.rankedxi.com/crests/upsl-wake-futbol-club.png
rush-united-fc-ii,Rush United FC II,upsl,UPSL,amateur,M,Radford,VA,37.1343,-80.5749,verified,1294,standings,,https://www.rankedxi.com/crests/upsl-rush-united-fc-ii.png
soda-city-fc,Soda City FC,upsl,UPSL,amateur,M,Columbia,SC,33.994,-81.044,verified,1380,standings,https://sodacitysoccer.com/,https://www.rankedxi.com/crests/upsl-soda-city-fc.png
south-carolina-surf,South Carolina Surf,upsl,UPSL,amateur,M,Mount Pleasant,SC,32.7928,-79.8678,verified,1378,standings,https://www.southcarolinasurfsoccer.com/,https://www.rankedxi.com/crests/upsl-south-carolina-surf.png
electric-city-fc,Electric City FC,upsl,UPSL,amateur,M,Anderson,SC,34.5258,-82.653,verified,1371,standings,,https://www.rankedxi.com/crests/upsl-electric-city-fc.png
mint-hill-fc,Mint Hill FC,upsl,UPSL,amateur,M,Mint Hill,NC,35.1735,-80.657,verified,1349,standings,https://www.minthillfc.com/,https://www.rankedxi.com/crests/upsl-mint-hill-fc.png
combine-academy,Combine Academy,upsl,UPSL,amateur,M,Lincolnton,NC,35.4737,-81.2545,verified,1346,standings,https://www.combineacademy.com/,https://www.rankedxi.com/crests/upsl-combine-academy.png
charlotte-soccer-academy,Charlotte Soccer Academy,upsl,UPSL,amateur,M,Charlotte,NC,35.2272,-80.8431,verified,1346,standings,https://charlottesocceracademy.com,https://www.rankedxi.com/crests/upsl-charlotte-soccer-academy.png
gastonia-fc-strikers,Gastonia FC Strikers,upsl,UPSL,amateur,M,Mount Holly,NC,35.2976,-81.0162,verified,1341,standings,,https://www.rankedxi.com/crests/upsl-gastonia-fc-strikers.png
asheville-f-c,Asheville F.C,upsl,UPSL,amateur,M,Asheville,NC,35.595,-82.551,verified,1346,standings,,https://www.rankedxi.com/crests/upsl-asheville-f-c.png
coastal-kings-fc,Coastal Kings FC,upsl,UPSL,amateur,M,Savannah,GA,32.079,-81.0921,verified,1329,standings,,https://www.rankedxi.com/crests/upsl-coastal-kings-fc.png
pre-college-da,Pre-College DA,upsl,UPSL,amateur,M,Pineville,NC,35.0855,-80.8871,verified,1322,standings,https://www.precollegeda.com/,https://www.rankedxi.com/crests/upsl-pre-college-da.png
nc-ballers-fc,NC Ballers FC,upsl,UPSL,amateur,M,Charlotte,NC,35.2272,-80.8431,verified,1291,standings,,https://www.rankedxi.com/crests/upsl-nc-ballers-fc.png
chicago-nation-fc,Chicago Nation FC,upsl,UPSL,amateur,M,Chicago,IL,41.8756,-87.6244,verified,1408,standings,https://www.chicagonationfc.com/,https://www.rankedxi.com/crests/upsl-chicago-nation-fc.png
ks-wisloka-chicago,KS Wisloka Chicago,upsl,UPSL,amateur,M,Elk Grove Village,IL,42.0036,-88.0038,verified,1394,standings,,https://www.rankedxi.com/crests/upsl-ks-wisloka-chicago.png
round-lake-evolution-fc,Round Lake Evolution FC,upsl,UPSL,amateur,M,Round Lake,IL,42.3534,-88.0934,verified,1359,standings,,https://www.rankedxi.com/crests/upsl-round-lake-evolution-fc.png
berber-city-fc,Berber City FC,upsl,UPSL,amateur,M,Chicago,IL,41.8756,-87.6244,verified,1365,standings,https://berbercityfc.net,https://www.rankedxi.com/crests/uws-berber-city-fc-uws.png
diverse-city-fc-pro-academy,Diverse City FC Pro Academy,upsl,UPSL,amateur,M,Schaumburg,IL,42.0334,-88.0834,verified,1343,standings,,https://www.rankedxi.com/crests/upsl-diverse-city-fc-pro-academy.png
chicago-strikers,Chicago Strikers,upsl,UPSL,amateur,M,Oswego,IL,41.6835,-88.3526,verified,1342,standings,https://www.chicagostrikers.com/,https://www.rankedxi.com/crests/upsl-chicago-strikers.png
fc-1974-libertyville,Fc 1974 Libertyville,upsl,UPSL,amateur,M,Libertyville,IL,42.2831,-87.9531,verified,1332,standings,,https://www.rankedxi.com/crests/upsl-fc-1974-libertyville.png
urbana-city-fc,Urbana City FC,upsl,UPSL,amateur,M,Urbana,IL,40.11,-88.205,verified,1308,standings,https://www.urbanacityfc.com/,https://www.rankedxi.com/crests/upsl-urbana-city-fc.png
chicago-kics-fc,Chicago KICS FC,upsl,UPSL,amateur,M,Chicago,IL,41.8756,-87.6244,verified,1317,standings,https://kicsfc.com/,https://www.rankedxi.com/crests/upsl-chicago-kics-fc.png
detroit-city-fc-ii,Detroit City FC II,upsl,UPSL,amateur,M,Detroit,MI,42.357,-83.037,verified,1392,standings,,https://www.rankedxi.com/crests/upsl-detroit-city-fc-ii.png
drita-sc,Drita SC,upsl,UPSL,amateur,M,Rochester Hills,MI,42.6584,-83.1499,verified,1384,standings,,https://www.rankedxi.com/crests/upsl-drita-sc.png
detroit-united,Detroit United,upsl,UPSL,amateur,M,Farmington Hills,MI,42.4853,-83.3772,verified,1379,standings,,https://www.rankedxi.com/crests/upsl-detroit-united.png
detroit-arsenal,Detroit Arsenal,upsl,UPSL,amateur,M,Rochester,MI,42.6806,-83.1338,verified,1349,standings,,https://www.rankedxi.com/crests/upsl-detroit-arsenal.png
victory-soccer,Victory Soccer,upsl,UPSL,amateur,M,Livonia,MI,42.3684,-83.3527,verified,1345,standings,,https://www.rankedxi.com/crests/upsl-victory-soccer.png
detroit-metro-fc,Detroit Metro FC,upsl,UPSL,amateur,M,Metro Detroit,MI,42.6788,-83.3271,verified,1336,standings,https://detroitmetrofc.com,https://www.rankedxi.com/crests/upsl-detroit-metro-fc.png
metro-detroit-wheels-fc,Metro Detroit Wheels FC,upsl,UPSL,amateur,M,Macomb,MI,42.6741,-82.9029,verified,1333,standings,,https://www.rankedxi.com/crests/upsl-metro-detroit-wheels-fc.png
pinnacle-fc,Pinnacle FC,upsl,UPSL,amateur,M,Auburn Hills,MI,42.6875,-83.2341,verified,1292,standings,,https://www.rankedxi.com/crests/uws-pinnacle-fc.png
chivas-kansas,Chivas Kansas,upsl,UPSL,amateur,M,Lenexa,KS,38.9697,-94.7846,verified,1380,standings,https://chivaskansas.com,https://www.rankedxi.com/crests/upsl-chivas-kansas.png
fountain-city-athletic,Fountain City Athletic,upsl,UPSL,amateur,M,Kansas City,KS,39.1135,-94.6265,verified,1373,standings,,https://www.rankedxi.com/crests/upsl-fountain-city-athletic.png
central-kansas-united,Central Kansas United,upsl,UPSL,amateur,M,Salina,KS,38.8403,-97.6114,verified,1380,standings,,https://www.rankedxi.com/crests/upsl-central-kansas-united.png
dodge-city-toros-fc,Dodge City Toros FC,upsl,UPSL,amateur,M,Dodge City,KS,37.7528,-100.0171,verified,1385,standings,,https://www.rankedxi.com/crests/upsl-dodge-city-toros-fc.png
al-madinah-wichita-football-club,Al Madinah Wichita Football Club,upsl,UPSL,amateur,M,Wichita,KS,37.6922,-97.3375,verified,1363,standings,https://www.almadinahwichitafc.com/,https://www.rankedxi.com/crests/upsl-al-madinah-wichita-football-club.png
sporting-wichita-sc,Sporting Wichita SC,upsl,UPSL,amateur,M,Wichita,KS,37.721,-97.247,verified,1357,standings,https://www.sportingwichita.net/,https://www.rankedxi.com/crests/upsl-sporting-wichita-sc.png
emporia-fc,Emporia FC,upsl,UPSL,amateur,M,Emporia,KS,38.404,-96.1816,verified,1356,standings,,https://www.rankedxi.com/crests/upsl-emporia-fc.png
kansas-city-legends,Kansas City Legends,upsl,UPSL,amateur,M,Kansas City,KS,39.127,-94.826,verified,1334,standings,,https://www.rankedxi.com/crests/upsl-kansas-city-legends.png
ryogoku-soccer-academy,Ryogoku Soccer Academy,upsl,UPSL,amateur,M,Kansas City,MO,39.1001,-94.5781,verified,1313,standings,https://ryogokusocceracademy.org,https://www.rankedxi.com/crests/upsl-ryogoku-soccer-academy.png
athletic-wichita,Athletic Wichita,upsl,UPSL,amateur,M,Wichita,KS,37.635,-97.387,verified,1291,standings,,https://www.rankedxi.com/crests/upsl-athletic-wichita.png
granite-city-fc,Granite City FC,upsl,UPSL,amateur,M,St. Cloud,MN,45.5616,-94.1642,verified,1382,standings,,https://www.rankedxi.com/crests/upsl-granite-city-fc.png
st-croix-sc,St. Croix SC,upsl,UPSL,amateur,M,Stillwater,MN,45.0559,-92.8076,verified,1379,standings,,https://www.rankedxi.com/crests/upsl-st-croix-sc.png
vlora-fc,Vlora FC,upsl,UPSL,amateur,M,Burnsville,MN,44.7671,-93.2774,verified,1379,standings,,https://www.rankedxi.com/crests/upsl-vlora-fc.png
karen-football-association,Karen Football Association,upsl,UPSL,amateur,M,St. Paul,MN,44.9497,-93.0931,verified,1369,standings,,https://www.rankedxi.com/crests/upsl-karen-football-association.png
1826-academy,1826 Academy,upsl,UPSL,amateur,M,Minneapolis,MN,44.9773,-93.2655,verified,1369,standings,,https://www.rankedxi.com/crests/upsl-1826-academy.png
manitou-fc,Manitou FC,upsl,UPSL,amateur,M,White Bear Lake,MN,45.0838,-93.0069,verified,1343,standings,,https://www.rankedxi.com/crests/upsl-manitou-fc.png
st-paul-blackhawks,St. Paul Blackhawks,upsl,UPSL,amateur,M,St. Paul,MN,44.9497,-93.0931,verified,1354,standings,https://blackhawksoccer.org,https://www.rankedxi.com/crests/upsl-st-paul-blackhawks.png
minnesota-twinstars-fc,Minnesota Twinstars FC,upsl,UPSL,amateur,M,Brooklyn Park,MN,45.1005,-93.3444,verified,1342,standings,https://www.minnesotatwinstars.com/,https://www.rankedxi.com/crests/upsl-minnesota-twinstars-fc.png
union-des-bateaux-fc,Union Des Bateaux FC,upsl,UPSL,amateur,M,Eau Claire,WI,44.8113,-91.4985,verified,1333,standings,,https://www.rankedxi.com/crests/upsl-union-des-bateaux-fc.png
superior-city-fc,Superior City FC,upsl,UPSL,amateur,M,Superior,WI,46.7208,-92.1041,verified,1332,standings,,https://www.rankedxi.com/crests/upsl-superior-city-fc.png
rochester-fc,Rochester FC,usl2,USL League Two,amateur,M,Rochester,IL,39.749,-89.532,verified,1308,real_results,,https://www.rankedxi.com/crests/usl2-rochester-fc.png
provo-utah-fc,Provo Utah FC,upsl,UPSL,amateur,M,Provo,UT,40.2337,-111.6587,verified,1405,standings,,https://www.rankedxi.com/crests/upsl-provo-utah-fc.png
utah-athletic,Utah Athletic,upsl,UPSL,amateur,M,Provo,UT,40.2337,-111.6587,verified,1397,standings,,https://www.rankedxi.com/crests/upsl-utah-athletic.png
boise-timbers,Boise Timbers,upsl,UPSL,amateur,M,Boise,ID,43.6166,-116.2009,verified,1391,standings,,https://www.rankedxi.com/crests/upsl-boise-timbers.png
union-latina-fc,Unión Latina FC,upsl,UPSL,amateur,M,Provo,UT,40.2337,-111.6587,verified,1337,standings,,https://www.rankedxi.com/crests/upsl-union-latina-fc.png
utah-rangers-fc,Utah Rangers FC,upsl,UPSL,amateur,M,Ogden,UT,41.223,-111.9738,verified,1337,standings,,https://www.rankedxi.com/crests/upsl-utah-rangers-fc.png
yuta-kickers-fc,Yuta Kickers FC,upsl,UPSL,amateur,M,Provo,UT,40.2337,-111.6587,verified,1315,standings,,https://www.rankedxi.com/crests/upsl-yuta-kickers-fc.png
viva-cv,Viva CV,upsl,UPSL,amateur,M,Logan,UT,41.7313,-111.8349,verified,1322,standings,,https://www.rankedxi.com/crests/upsl-viva-cv.png
river-mountain-fc,River Mountain FC,upsl,UPSL,amateur,M,West Jordan,UT,40.6061,-111.9395,verified,1317,standings,https://rivermountain.org,https://www.rankedxi.com/crests/upsl-river-mountain-fc.png
worthington-community-fc,Worthington Community FC,upsl,UPSL,amateur,M,Worthington,MN,43.6205,-95.5956,verified,1411,standings,,https://www.rankedxi.com/crests/upsl-worthington-community-fc.png
omaha-street-futbol-club,Omaha Street Futbol Club,upsl,UPSL,amateur,M,Omaha,NE,41.2587,-95.9384,verified,1390,standings,,https://www.rankedxi.com/crests/upsl-omaha-street-futbol-club.png
club-atletico-omaha,Club Atletico Omaha,upsl,UPSL,amateur,M,Omaha,NE,41.2587,-95.9384,verified,1381,standings,,https://www.rankedxi.com/crests/upsl-club-atletico-omaha.png
super-stars-fc,Super Stars FC,upsl,UPSL,amateur,M,Omaha,NE,41.2587,-95.9384,verified,1351,standings,https://superstarsfc.com,https://www.rankedxi.com/crests/upsl-super-stars-fc.png
reapers-fc,Reapers FC,upsl,UPSL,amateur,M,Lincoln,NE,40.8089,-96.7078,verified,1352,standings,,https://www.rankedxi.com/crests/upsl-reapers-fc.png
bana-mboka-fc,Bana Mboka FC,upsl,UPSL,amateur,M,Omaha,NE,41.2587,-95.9384,verified,1347,standings,,https://www.rankedxi.com/crests/upsl-bana-mboka-fc.png
capital-city-roots-fc,Capital City Roots FC,upsl,UPSL,amateur,M,Des Moines,IA,41.5869,-93.6249,verified,1359,standings,https://capitalcity.sportzstudio.com/,https://www.rankedxi.com/crests/upsl-capital-city-roots-fc.png
garwo-united-fc,Garwo United FC,upsl,UPSL,amateur,M,Sioux Falls,SD,43.5476,-96.7294,verified,1339,standings,https://www.garwounitedfc.com/,https://www.rankedxi.com/crests/upsl-garwo-united-fc.png
sioux-falls-thunder-fc,Sioux Falls Thunder FC,upsl,UPSL,amateur,M,Sioux Falls,SD,43.549,-96.762,verified,1332,standings,https://www.sfthunderfc.com/,https://www.rankedxi.com/crests/upsl-sioux-falls-thunder-fc.png
heartland-united-fc,Heartland United FC,upsl,UPSL,amateur,M,Bellevue,NE,41.1365,-95.8937,verified,1322,standings,,https://www.rankedxi.com/crests/upsl-heartland-united-fc.png
cb-captains-fc,CB Captains FC,upsl,UPSL,amateur,M,Council Bluffs,IA,41.2588,-95.8519,verified,1291,standings,,https://www.rankedxi.com/crests/upsl-cb-captains-fc.png
beech-street-football-club,Beech Street Football Club,upsl,UPSL,amateur,M,Nashua,NH,42.7656,-71.4677,verified,1392,standings,,https://www.rankedxi.com/crests/upsl-beech-street-football-club.png
brockton-fc-united,Brockton FC United,upsl,UPSL,amateur,M,Brockton,MA,42.083,-71.018,verified,1392,standings,,https://www.rankedxi.com/crests/upsl-brockton-fc-united.png
boston-street-fc,Boston Street FC,upsl,UPSL,amateur,M,Boston,MA,42.329,-71.057,verified,1376,standings,,https://www.rankedxi.com/crests/upsl-boston-street-fc.png
united-africa-boston-fc,United Africa Boston FC,upsl,UPSL,amateur,M,Boston,MA,42.309,-71.108,verified,1369,standings,,https://www.rankedxi.com/crests/upsl-united-africa-boston-fc.png
jaguars-united-fc,Jaguars United FC,upsl,UPSL,amateur,M,Everett,MA,42.4086,-71.0542,verified,1337,standings,,https://www.rankedxi.com/crests/upsl-jaguars-united-fc.png
lightning-stars-fc,Lightning Stars FC,upsl,UPSL,amateur,M,Fitchburg,MA,42.5839,-71.8038,verified,1291,standings,,https://www.rankedxi.com/crests/upsl-lightning-stars-fc.png
mighty-mainers,Mighty Mainers,upsl,UPSL,amateur,M,Portland,ME,43.6574,-70.2587,verified,1288,standings,,https://www.rankedxi.com/crests/upsl-mighty-mainers.png
gzs-bridgeport-fc,GZS Bridgeport FC,upsl,UPSL,amateur,M,Bridgeport,CT,41.1793,-73.1888,verified,1376,standings,,https://www.rankedxi.com/crests/upsl-gzs-bridgeport-fc.png
hartford-athletic-ii,Hartford Athletic II,upsl,UPSL,amateur,M,West Hartford,CT,41.792,-72.744,verified,1377,standings,,https://www.rankedxi.com/crests/upsl-hartford-athletic-ii.png
unations-fc,Unations FC,upsl,UPSL,amateur,M,Worcester,MA,42.2626,-71.8019,verified,1357,standings,,https://www.rankedxi.com/crests/upsl-unations-fc.png
fall-river-fc,Fall River FC,upsl,UPSL,amateur,M,Fall River,MA,41.701,-71.155,verified,1355,standings,,https://www.rankedxi.com/crests/upsl-fall-river-fc.png
south-coast-union,South Coast Union,upsl,UPSL,amateur,M,New Bedford,MA,41.6362,-70.9342,verified,1347,standings,,https://www.rankedxi.com/crests/apsl-south-coast-union-apsl.png
southwest-futbol-club,Southwest Futbol Club,upsl,UPSL,amateur,M,Bridgeport,CT,41.1793,-73.1888,verified,1294,standings,,https://www.rankedxi.com/crests/upsl-southwest-futbol-club.png
fc-folsom,FC Folsom,upsl,UPSL,amateur,M,Folsom,CA,38.678,-121.176,verified,1396,standings,,https://www.rankedxi.com/crests/upsl-fc-folsom.png
davis-legacy,Davis Legacy,usl2,USL League Two,amateur,M,Yolo,CA,38.556,-121.663,verified,1324,real_results,,https://www.rankedxi.com/crests/usl2-davis-legacy.png
fc-bandera,FC Bandera,upsl,UPSL,amateur,M,Sacramento,CA,38.5811,-121.4939,verified,1359,standings,,https://www.rankedxi.com/crests/upsl-fc-bandera.png
northern-nevada-sc,Northern Nevada SC,upsl,UPSL,amateur,M,Reno,NV,39.52,-119.82,verified,1357,standings,,https://www.rankedxi.com/crests/upsl-northern-nevada-sc.png
placer-united,Placer United,upsl,UPSL,amateur,M,Rocklin,CA,38.7907,-121.2358,verified,1349,standings,https://www.placerunited.com/,https://www.rankedxi.com/crests/upsl-placer-united.png
reno-united-fc,Reno United FC,upsl,UPSL,amateur,M,Reno,NV,39.5262,-119.8127,verified,1344,standings,,https://www.rankedxi.com/crests/upsl-reno-united-fc.png
butte-united-soccer-club,Butte United Soccer Club,upsl,UPSL,amateur,M,Chico,CA,39.7285,-121.8375,verified,1341,standings,https://www.butteunited.com/,https://www.rankedxi.com/crests/upsl-butte-united-soccer-club.png
sonoma-valley-united-fc,Sonoma Valley United FC,upsl,UPSL,amateur,M,Sonoma,CA,38.225,-122.454,verified,1301,standings,https://sonomavalleyunited.org,https://www.rankedxi.com/crests/upsl-sonoma-valley-united-fc.png
real-galt-fc,Real Galt FC,upsl,UPSL,amateur,M,Galt,CA,38.2546,-121.2999,verified,1292,standings,,https://www.rankedxi.com/crests/upsl-real-galt-fc.png
bay-area-united-fc,Bay Area United FC,upsl,UPSL,amateur,M,Oakland,CA,37.8045,-122.2714,verified,1387,standings,https://www.bayareaunited.org/,https://www.rankedxi.com/crests/upsl-bay-area-united-fc.png
acoreano-sport,Acoreano Sport,upsl,UPSL,amateur,M,Hilmar,CA,37.4085,-120.8502,verified,1386,standings,,https://www.rankedxi.com/crests/upsl-acoreano-sport.png
valley-559-fc,Valley 559 FC,upsl,UPSL,amateur,M,Fresno,CA,36.7394,-119.7848,verified,1407,standings,,https://www.rankedxi.com/crests/upsl-valley-559-fc.png
project-51o,Project 51O,usl2,USL League Two,amateur,M,Santa Barbara,CA,34.421,-119.859,verified,1417,real_results,,https://www.rankedxi.com/crests/usl2-project-51o.png
east-county-revolution-fc,East County Revolution FC,upsl,UPSL,amateur,M,Brentwood,CA,37.9318,-121.696,verified,1336,standings,,https://www.rankedxi.com/crests/upsl-east-county-revolution-fc.png
azteca-fc,Azteca FC,upsl,UPSL,amateur,M,Merced,CA,37.1642,-120.7679,verified,1355,standings,,https://www.rankedxi.com/crests/upsl-azteca-fc.png
atletico-san-jose-fc,Atletico San Jose FC,upsl,UPSL,amateur,M,San Jose,CA,37.3362,-121.8906,verified,1313,standings,,https://www.rankedxi.com/crests/upsl-atletico-san-jose-fc.png
bay-valley-suns,Bay Valley Suns,upsl,UPSL,amateur,M,Pleasanton,CA,37.6624,-121.8747,verified,1284,standings,https://www.bayvalleysuns.com/,https://www.rankedxi.com/crests/upsl-bay-valley-suns.png
fc-bartlesville-buffaloes,FC Bartlesville Buffaloes,upsl,UPSL,amateur,M,Bartlesville,OK,36.7509,-95.9772,verified,1403,standings,,https://www.rankedxi.com/crests/upsl-fc-bartlesville-buffaloes.png
arkansas-wolves-2,Arkansas Wolves 2,upsl,UPSL,amateur,M,Alexander,AR,34.6295,-92.4413,verified,1395,standings,https://arkansaswolvesfc.sportzstudio.com/,https://www.rankedxi.com/crests/upsl-arkansas-wolves-2.png
hot-springs-wolves,Hot Springs Wolves,upsl,UPSL,amateur,M,Hot Springs,AR,34.5038,-93.0552,verified,1359,standings,,https://www.rankedxi.com/crests/upsl-hot-springs-wolves.png
arkansas-fc-benton,Arkansas FC - Benton,upsl,UPSL,amateur,M,Benton,AR,36.3456,-94.267,verified,1315,standings,,https://www.rankedxi.com/crests/upsl-arkansas-fc-benton.png
benton-afc,Benton AFC,upsl,UPSL,amateur,M,Benton,AR,36.3456,-94.267,verified,1297,standings,,https://www.rankedxi.com/crests/upsl-benton-afc.png
lions-football-club,Lions Football Club,upsl,UPSL,amateur,M,Columbus,OH,39.9623,-83.0007,verified,1394,standings,,https://www.rankedxi.com/crests/upsl-lions-football-club.png
leal-united-fc,Leal United FC,upsl,UPSL,amateur,M,Reynoldsburg,OH,39.9548,-82.8121,verified,1373,standings,,https://www.rankedxi.com/crests/upsl-leal-united-fc.png
columbus-astray,Columbus Astray,upsl,UPSL,amateur,M,Columbus,OH,39.9623,-83.0007,verified,1370,standings,,https://www.rankedxi.com/crests/upsl-columbus-astray.png
fut-ohio-sc,Fut Ohio SC,upsl,UPSL,amateur,M,Columbus,OH,39.9623,-83.0007,verified,1378,standings,,https://www.rankedxi.com/crests/upsl-fut-ohio-sc.png
indy-gladiators-sc,Indy Gladiators SC,upsl,UPSL,amateur,M,Indianapolis,IN,39.7683,-86.1584,verified,1358,standings,,https://www.rankedxi.com/crests/upsl-indy-gladiators-sc.png
manu-ledesma-academy,Manu Ledesma Academy,upsl,UPSL,amateur,M,Cincinnati,OH,39.1013,-84.5127,verified,1340,standings,,https://www.rankedxi.com/crests/upsl-manu-ledesma-academy.png
ohio-international-fc,Ohio International FC,upsl,UPSL,amateur,M,Columbus,OH,39.9623,-83.0007,verified,1305,standings,,https://www.rankedxi.com/crests/upsl-ohio-international-fc.png
lightning-sc,Lightning SC,upsl,UPSL,amateur,M,Canton,OH,40.7985,-81.375,verified,1307,standings,,https://www.rankedxi.com/crests/upsl-lightning-sc.png
mahoning-trumbull-united-sc,Mahoning Trumbull United SC,upsl,UPSL,amateur,M,Youngstown,OH,41.129,-80.647,verified,1306,standings,https://www.mahoningtrumbullunitedsc.com/,https://www.rankedxi.com/crests/upsl-mahoning-trumbull-united-sc.png
deportivo-rose-city,Deportivo Rose City,upsl,UPSL,amateur,M,Gresham,OR,45.4979,-122.433,verified,1400,standings,,https://www.rankedxi.com/crests/upsl-deportivo-rose-city.png
valle-verde-fc,Valle Verde FC,upsl,UPSL,amateur,M,Springfield,OR,44.0462,-123.022,verified,1388,standings,,https://www.rankedxi.com/crests/upsl-valle-verde-fc.png
bfc-lightning,BFC Lightning,upsl,UPSL,amateur,M,Vancouver,WA,45.6307,-122.6745,verified,1370,standings,,https://www.rankedxi.com/crests/upsl-bfc-lightning.png
cascadia-united,Cascadia United,upsl,UPSL,amateur,M,Hillsboro,OR,45.5229,-122.9898,verified,1371,standings,,https://www.rankedxi.com/crests/upsl-cascadia-united.png
vancouver-colima-fc,Vancouver Colima FC,upsl,UPSL,amateur,M,Vancouver,WA,45.6307,-122.6745,verified,1369,standings,,
salem-panthers-fc,Salem Panthers FC,upsl,UPSL,amateur,M,Salem,OR,44.9392,-123.0331,verified,1350,standings,,https://www.rankedxi.com/crests/upsl-salem-panthers-fc.png
forest-grove-soccer-club,Forest Grove Soccer Club,upsl,UPSL,amateur,M,Forest Grove,OR,45.519,-123.111,verified,1347,standings,https://www.forestgrovesoccerclub.com/,https://www.rankedxi.com/crests/upsl-forest-grove-soccer-club.png
vancouver-victory,Vancouver Victory,upsl,UPSL,amateur,M,Vancouver,WA,45.616,-122.636,verified,1328,standings,https://www.vancouvervictoryfc.com/,https://www.rankedxi.com/crests/upsl-vancouver-victory.png
inter-pdx-fc,Inter PDX FC,upsl,UPSL,amateur,M,Wilsonville,OR,45.3099,-122.7682,verified,1317,standings,,https://www.rankedxi.com/crests/upsl-inter-pdx-fc.png
westside-metros-fc,Westside Metros FC,upsl,UPSL,amateur,M,Tigard,OR,45.4307,-122.7719,verified,1291,standings,https://www.westsidemetros.org/,https://www.rankedxi.com/crests/upsl-westside-metros-fc.png
av-alta-fc-academy,AV ALTA FC Academy,upsl,UPSL,amateur,M,Palmdale,CA,34.5793,-118.1171,verified,1397,standings,,https://www.rankedxi.com/crests/upsl-av-alta-fc-academy.png
asc-antelope-valley,ASC Antelope Valley,upsl,UPSL,amateur,M,Palmdale,CA,34.5793,-118.1171,verified,1395,standings,,https://www.rankedxi.com/crests/upsl-asc-antelope-valley.png
guadalajara,Guadalajara,upsl,UPSL,amateur,M,Oxnard,CA,34.1976,-119.1804,verified,1385,standings,,https://www.rankedxi.com/crests/upsl-guadalajara.png
los-angeles-dynamo,Los Angeles Dynamo,upsl,UPSL,amateur,M,Los Angeles,CA,34.223,-118.498,verified,1377,standings,,https://www.rankedxi.com/crests/upsl-los-angeles-dynamo.png
l-a-wolves-fc,L.A. Wolves FC,upsl,UPSL,amateur,M,Los Angeles,CA,34.0537,-118.2428,verified,1366,standings,https://www.lawolvesfc.com/,https://www.rankedxi.com/crests/upsl-l-a-wolves-fc.png
fc-scorpions,FC Scorpions,upsl,UPSL,amateur,M,Lynwood,CA,33.9248,-118.2024,verified,1364,standings,,https://www.rankedxi.com/crests/upsl-fc-scorpions.png
deportivo-olimpico,Deportivo Olimpico,upsl,UPSL,amateur,M,Guadalupe,CA,34.9716,-120.5718,verified,1349,standings,https://deportivoolimpico.com,https://www.rankedxi.com/crests/upsl-deportivo-olimpico.png
ocelot-academy-la,Ocelot Academy LA,upsl,UPSL,amateur,M,Los Angeles,CA,34.0537,-118.2428,verified,1315,standings,,https://www.rankedxi.com/crests/upsl-ocelot-academy-la.png
bsa-pro,BSA Pro,upsl,UPSL,amateur,M,Bakersfield,CA,35.369,-119.065,verified,1305,standings,,https://www.rankedxi.com/crests/upsl-bsa-pro.png
sporting-fc,Sporting FC,upsl,UPSL,amateur,M,Westlake Village,CA,34.146,-118.8062,verified,1306,standings,https://sportingatleticofc.sportzstudio.com/,https://www.rankedxi.com/crests/upsl-sporting-fc.png
estudiantes,Estudiantes,upsl,UPSL,amateur,M,Oxnard,CA,34.1976,-119.1804,verified,1291,standings,,https://www.rankedxi.com/crests/upsl-estudiantes.png
la-sol-athletics,LA Sol Athletics,upsl,UPSL,amateur,M,Beverly Hills,CA,34.0697,-118.3963,verified,1423,standings,https://lasolathletics.com,
san-fernando-valley-fc,San Fernando Valley FC,upsl,UPSL,amateur,M,Los Angeles,CA,34.215,-118.5,verified,1408,standings,https://sfvfc.com/,https://www.rankedxi.com/crests/uws-san-fernando-valley-fc-uws.png
socal-united,SoCal United,upsl,UPSL,amateur,M,Tustin,CA,33.7459,-117.8262,verified,1363,standings,,https://www.rankedxi.com/crests/upsl-socal-united.png
laguna-united-fc,Laguna United FC,upsl,UPSL,amateur,M,Laguna Niguel,CA,33.5225,-117.7076,verified,1392,standings,https://www.lagunaunited.org/,https://www.rankedxi.com/crests/upsl-laguna-united-fc.png
long-beach-fc,Long Beach FC,upsl,UPSL,amateur,M,Long Beach,CA,33.769,-118.192,verified,1369,standings,https://longbeachfc.soccer,https://www.rankedxi.com/crests/upsl-long-beach-fc.png
montclair-academy-fc,Montclair Academy FC,upsl,UPSL,amateur,M,Montclair,CA,34.078,-117.69,verified,1379,standings,,https://www.rankedxi.com/crests/upsl-montclair-academy-fc.png
ocelot-academy,Ocelot Academy,upsl,UPSL,amateur,M,San Bernardino,CA,34.8253,-116.0833,verified,1336,standings,,https://www.rankedxi.com/crests/upsl-ocelot-academy.png
aysd-d1-academy-premier-north,AYSD D1 Academy Premier North,upsl,UPSL,amateur,M,Irvine,CA,33.6857,-117.826,verified,1328,standings,,https://www.rankedxi.com/crests/upsl-aysd-d1-academy-premier-north.png
88thirty,88Thirty,upsl,UPSL,amateur,M,Orange County,CA,33.7506,-117.8722,verified,1325,standings,https://88thirty.com,https://www.rankedxi.com/crests/upsl-88thirty.png
apple-valley-storm,Apple Valley Storm,upsl,UPSL,amateur,M,Apple Valley,CA,34.5008,-117.1859,verified,1332,standings,,https://www.rankedxi.com/crests/upsl-apple-valley-storm.png
santa-ana-winds-fc,Santa Ana Winds FC,upsl,UPSL,amateur,M,Santa Ana,CA,33.7495,-117.8732,verified,1331,standings,,https://www.rankedxi.com/crests/upsl-santa-ana-winds-fc.png
rose-city-fc,Rose City FC,upsl,UPSL,amateur,M,Pasadena,CA,34.141,-118.141,verified,1325,standings,,https://www.rankedxi.com/crests/upsl-rose-city-fc.png
playmaker-fc,Playmaker FC,upsl,UPSL,amateur,M,Orange County,CA,33.7506,-117.8722,verified,1311,standings,,https://www.rankedxi.com/crests/upsl-playmaker-fc.png
amsg-fc,AMSG FC,usl2,USL League Two,amateur,M,Fresno,CA,37.159,-118.852,approximate,1301,real_results,https://www.amsgfutbolclub.org/,https://www.rankedxi.com/crests/usl2-amsg-fc.png
nomads-sc,Nomads SC,upsl,UPSL,amateur,M,San Diego,CA,32.7174,-117.1628,verified,1391,standings,,https://www.rankedxi.com/crests/upsl-nomads-sc.png
temecula-fc,Temecula FC,upsl,UPSL,amateur,M,Temecula,CA,33.495,-117.147,verified,1394,standings,,https://www.rankedxi.com/crests/upsl-temecula-fc.png
san-diego-internacional-fc,San Diego Internacional FC,upsl,UPSL,amateur,M,San Diego,CA,32.7174,-117.1628,verified,1394,standings,,https://www.rankedxi.com/crests/upsl-san-diego-internacional-fc.png
city-sc-san-diego,City SC San Diego,upsl,UPSL,amateur,M,Carlsbad.,CA,33.1581,-117.3506,verified,1383,standings,,https://www.rankedxi.com/crests/upsl-city-sc-san-diego.png
irvine-fc,Irvine FC,upsl,UPSL,amateur,M,Irvine,CA,33.686,-117.826,verified,1342,standings,,https://www.rankedxi.com/crests/upsl-irvine-fc.png
flash-fc,Flash FC,upsl,UPSL,amateur,M,Irwindale,CA,34.124,-117.977,verified,1339,standings,,https://www.rankedxi.com/crests/upsl-flash-fc.png
rebels-san-diego,Rebels San Diego,upsl,UPSL,amateur,M,Chula Vista,CA,32.6401,-117.0842,verified,1337,standings,,https://www.rankedxi.com/crests/upsl-rebels-san-diego.png
fullerton-disciples-fc,Fullerton Disciples FC,upsl,UPSL,amateur,M,Fullerton,CA,33.8708,-117.9294,verified,1327,standings,,https://www.rankedxi.com/crests/upsl-fullerton-disciples-fc.png
san-marcos-fc,San Marcos FC,upsl,UPSL,amateur,M,San Marcos,CA,33.135,-117.174,verified,1302,standings,,https://www.rankedxi.com/crests/upsl-san-marcos-fc.png
aysd-d1-academy-premier-south,AYSD D1 Academy Premier South,upsl,UPSL,amateur,M,Irvine,CA,33.6857,-117.826,verified,1299,standings,,https://www.rankedxi.com/crests/upsl-aysd-d1-academy-premier-south.png
ltfc,LTFC,upsl,UPSL,amateur,M,Lake Travis,TX,30.4646,-98.0783,verified,1380,standings,https://www.ltfc.org/,
atx-blues,ATX Blues,upsl,UPSL,amateur,M,Austin,TX,30.2711,-97.7437,verified,1363,standings,,https://www.rankedxi.com/crests/upsl-atx-blues.png
kingdom-fc,Kingdom FC,upsl,UPSL,amateur,M,Killeen,TX,31.1171,-97.7278,verified,1364,standings,,https://www.rankedxi.com/crests/upsl-kingdom-fc.png
saint-stephens-soccer-academy,Saint Stephen's Soccer Academy,upsl,UPSL,amateur,M,Austin,TX,30.2711,-97.7437,verified,1355,standings,,https://www.rankedxi.com/crests/upsl-saint-stephen-s-soccer-academy.png
stellar-football-club,Stellar Football Club,upsl,UPSL,amateur,M,Lake Travis,TX,30.4646,-98.0783,verified,1343,standings,,https://www.rankedxi.com/crests/upsl-stellar-football-club.png
legends-fc-by-js,Legends FC by JS,upsl,UPSL,amateur,M,Austin,TX,30.2711,-97.7437,verified,1305,standings,,https://www.rankedxi.com/crests/upsl-legends-fc-by-js.png
san-antonio-fc-academy,San Antonio FC Academy,upsl,UPSL,amateur,M,San Antonio,TX,29.425,-98.495,verified,1382,standings,,https://www.rankedxi.com/crests/upsl-san-antonio-fc-academy.png
laredo-heat-sc-u23,Laredo Heat SC U23,upsl,UPSL,amateur,M,Laredo,TX,27.5079,-99.507,verified,1387,standings,,https://www.rankedxi.com/crests/upsl-laredo-heat-sc-u23.png
210-fc,210 FC,upsl,UPSL,amateur,M,San Antonio,TX,29.4246,-98.4951,verified,1369,standings,,https://www.rankedxi.com/crests/upsl-210-fc.png
the-dreams-fc,The Dreams FC,upsl,UPSL,amateur,M,San Antonio,TX,29.4246,-98.4951,verified,1355,standings,,https://www.rankedxi.com/crests/upsl-the-dreams-fc.png
sa-athletic-fc-wolves,SA Athletic FC Wolves,upsl,UPSL,amateur,M,San Antonio,TX,29.4246,-98.4951,verified,1345,standings,,https://www.rankedxi.com/crests/upsl-sa-athletic-fc-wolves.png
sa-city-sc,SA City SC,upsl,UPSL,amateur,M,San Antonio,TX,29.4246,-98.4951,verified,1345,standings,,https://www.rankedxi.com/crests/upsl-sa-city-sc.png
arsenal-futbol-club,Arsenal Futbol Club,upsl,UPSL,amateur,M,San Antonio,TX,29.4246,-98.4951,verified,1322,standings,,https://www.rankedxi.com/crests/upsl-arsenal-futbol-club.png
alpha-futbol-usa,Alpha Futbol USA,upsl,UPSL,amateur,M,San Antonio,TX,29.4246,-98.4951,verified,1296,standings,https://www.alphafutbolusa.com/,https://www.rankedxi.com/crests/upsl-alpha-futbol-usa.png
texas-spurs-fc,Texas Spurs FC,upsl,UPSL,amateur,M,Allen,TX,33.1032,-96.6706,verified,1379,standings,https://www.texasspursfc.com/,https://www.rankedxi.com/crests/upsl-texas-spurs-fc.png
atletico-dallas-ii,Atletico Dallas II,upsl,UPSL,amateur,M,Dallas,TX,32.7763,-96.7969,verified,1376,standings,https://www.atleticodallas.com/,https://www.rankedxi.com/crests/upsl-atletico-dallas-ii.png
tenfifteen-fc,Tenfifteen FC,upsl,UPSL,amateur,M,Dallas,TX,32.7763,-96.7969,verified,1364,standings,,https://www.rankedxi.com/crests/upsl-tenfifteen-fc.png
tag-soccer,TAG Soccer,upsl,UPSL,amateur,M,Fairview,TX,33.1578,-96.6318,verified,1359,standings,,https://www.rankedxi.com/crests/upsl-tag-soccer.png
balboa-fc,Balboa FC,upsl,UPSL,amateur,M,Fort Worth,TX,32.7532,-97.3327,verified,1356,standings,,https://www.rankedxi.com/crests/upsl-balboa-fc.png
foro-soccer-club,Foro Soccer Club,upsl,UPSL,amateur,M,Dallas,TX,32.948,-96.807,verified,1362,standings,,https://www.rankedxi.com/crests/upsl-foro-soccer-club.png
dallas-deportivo-fc,Dallas Deportivo FC,upsl,UPSL,amateur,M,Dallas,TX,32.7763,-96.7969,verified,1323,standings,,https://www.rankedxi.com/crests/upsl-dallas-deportivo-fc.png
dksc-pro,DKSC Pro,upsl,UPSL,amateur,M,Dallas,TX,32.7763,-96.7969,verified,1320,standings,,https://www.rankedxi.com/crests/upsl-dksc-pro.png
resolute-soccer,Resolute Soccer,upsl,UPSL,amateur,M,Celina,TX,33.3242,-96.7842,verified,1317,standings,https://www.youthandsportsranch.com/,https://www.rankedxi.com/crests/upsl-resolute-soccer.png
gfi-academy,GFI Academy,usl2,USL League Two,amateur,M,Matagorda,TX,28.601,-95.979,approximate,1372,standings,,https://www.rankedxi.com/crests/usl2-gfi-academy.png
matias-almeyda-fc,Matias Almeyda FC,upsl,UPSL,amateur,M,Houston,TX,29.7589,-95.3677,verified,1387,standings,,https://www.rankedxi.com/crests/upsl-matias-almeyda-fc.png
svd-beaumont,SVD Beaumont,upsl,UPSL,amateur,M,Beaumont,TX,30.0829,-94.0984,verified,1379,standings,,https://www.rankedxi.com/crests/upsl-svd-beaumont.png
houston-dutch-lions-fc,Houston Dutch Lions FC,upsl,UPSL,amateur,M,Conroe,TX,30.3119,-95.4561,verified,1363,standings,https://houstondutchlionsfc.com,https://www.rankedxi.com/crests/upsl-houston-dutch-lions-fc.png
houston-fc,Houston FC,usl2,USL League Two,amateur,M,Houston,TX,29.759,-95.368,verified,1354,real_results,,https://www.rankedxi.com/crests/usl2-houston-fc.png
lightning-elite-fc,Lightning Elite FC,upsl,UPSL,amateur,M,Katy,TX,29.7858,-95.8244,verified,1331,standings,,https://www.rankedxi.com/crests/upsl-lightning-elite-fc.png
katy-jaguars-fc,Katy Jaguars FC,upsl,UPSL,amateur,M,Katy,TX,29.7858,-95.8244,verified,1329,standings,,https://www.rankedxi.com/crests/upsl-katy-jaguars-fc.png
aspire-fc-lions,Aspire FC Lions,upsl,UPSL,amateur,M,Houston,TX,29.7589,-95.3677,verified,1329,standings,,https://www.rankedxi.com/crests/upsl-aspire-fc-lions.png
texas-hawks-fc,Texas Hawks FC,upsl,UPSL,amateur,M,Houston,TX,29.7589,-95.3677,verified,1294,standings,https://texashawksfc.com,https://www.rankedxi.com/crests/upsl-texas-hawks-fc.png
north-stars-fc,North Stars FC,upsl,UPSL,amateur,M,McLean,VA,38.9367,-77.1858,verified,1305,standings,,https://www.rankedxi.com/crests/upsl-north-stars-fc.png
the-st-james-football-club,The St James Football Club,upsl,UPSL,amateur,M,Springfield,VA,38.775,-77.1804,verified,1302,standings,http://www.stjamesfc.org/,https://www.rankedxi.com/crests/upsl-the-st-james-football-club.png
summit-valley-united,Summit Valley United,upsl,UPSL,amateur,M,Winchester,VA,39.1852,-78.1652,verified,1301,standings,https://www.summitvalleyunited.com/,https://www.rankedxi.com/crests/upsl-summit-valley-united.png
lynchburg-fc,Lynchburg FC,upsl,UPSL,amateur,M,Lynchburg,VA,37.414,-79.142,verified,1405,standings,https://lynchburgfc.sportzstudio.com/,https://www.rankedxi.com/crests/upsl-lynchburg-fc.png
wave-futbol-club,Wave Futbol Club,upsl,UPSL,amateur,M,Norfolk,VA,36.8494,-76.29,verified,1368,standings,,
richmond-united,Richmond United,upsl,UPSL,amateur,M,Richmond,VA,37.539,-77.434,verified,1366,standings,https://richmondunited.com,https://www.rankedxi.com/crests/upsl-richmond-united.png
snohomish-united,Snohomish United,usl2,USL League Two,amateur,M,Snohomish,WA,48.007,-121.73,verified,1430,real_results,https://www.snohomishunited.org/,https://www.rankedxi.com/crests/usl2-snohomish-united.png
seattle-eagles-fc,Seattle Eagles FC,upsl,UPSL,amateur,M,Seattle,WA,47.689,-122.311,verified,1371,standings,https://seattleeagles.com,https://www.rankedxi.com/crests/upsl-seattle-eagles-fc.png
seagam-fc,Seagam FC,upsl,UPSL,amateur,M,Kent,WA,47.3827,-122.227,verified,1371,standings,,https://www.rankedxi.com/crests/upsl-seagam-fc.png
3-cities-fc,3 Cities FC,upsl,UPSL,amateur,M,Pasco,WA,46.2307,-119.0921,verified,1357,standings,,https://www.rankedxi.com/crests/upsl-3-cities-fc.png
tri-cities-badgers-fc,Tri-Cities Badgers FC,upsl,UPSL,amateur,M,Pasco,WA,46.2307,-119.0921,verified,1366,standings,,https://www.rankedxi.com/crests/upsl-tri-cities-badgers-fc.png
united-sports-fc,United Sports FC,upsl,UPSL,amateur,M,Bellevue,WA,47.6144,-122.1923,verified,1342,standings,https://www.unitedsportsfc.org/,https://www.rankedxi.com/crests/upsl-united-sports-fc.png
snohomish-sky,Snohomish Sky,upsl,UPSL,amateur,M,Snohomish,WA,47.817,-121.411,verified,1333,standings,https://www.snohomishsky.com/,https://www.rankedxi.com/crests/upsl-snohomish-sky.png
gala-fc,Gala FC,upsl,UPSL,amateur,M,Everett,WA,47.9793,-122.2127,verified,1302,standings,,https://www.rankedxi.com/crests/upsl-gala-fc.png
thurston-county-sa,Thurston County SA,upsl,UPSL,amateur,M,Olympia,WA,47.0451,-122.895,verified,1299,standings,,https://www.rankedxi.com/crests/upsl-thurston-county-sa.png
west-texas-rush,West Texas Rush,upsl,UPSL,amateur,M,El Paso,TX,31.7601,-106.487,verified,1396,standings,https://www.westtexasrush.com/,https://www.rankedxi.com/crests/upsl-west-texas-rush.png
new-mexico-fc,New Mexico FC,upsl,UPSL,amateur,M,Albuquerque,NM,35.0841,-106.651,verified,1390,standings,https://www.newmexicofc.com/,https://www.rankedxi.com/crests/upsl-new-mexico-fc.png
rio-united,Rio United,upsl,UPSL,amateur,M,El Paso,TX,31.7601,-106.487,verified,1338,standings,,https://www.rankedxi.com/crests/upsl-rio-united.png
sun-city-futbol-club,Sun City Futbol Club,upsl,UPSL,amateur,M,El Paso,TX,31.7601,-106.487,verified,1334,standings,,https://www.rankedxi.com/crests/upsl-sun-city-futbol-club.png
el-paso-surf,El Paso Surf,upsl,UPSL,amateur,M,El Paso,TX,31.739,-106.258,verified,1296,standings,https://www.elpasosurf.org/,https://www.rankedxi.com/crests/upsl-el-paso-surf.png
united-elite-krajisnik-fc,United Elite Krajisnik FC,upsl,UPSL,amateur,M,Utica,NY,43.1009,-75.2327,verified,1404,standings,,https://www.rankedxi.com/crests/upsl-united-elite-krajisnik-fc.png
new-york-shockers,New York Shockers,upsl,UPSL,amateur,M,Albany,NY,42.6512,-73.755,verified,1400,standings,https://www.newyorkshockers.com/,https://www.rankedxi.com/crests/upsl-new-york-shockers.png
orange-city-fc,Orange City FC,upsl,UPSL,amateur,M,Liverpool,NY,43.1065,-76.2177,verified,1377,standings,https://orangecityfc.org,https://www.rankedxi.com/crests/upsl-orange-city-fc.png
fcy-new-york,FCY New York,upsl,UPSL,amateur,M,Buffalo,NY,42.8864,-78.8781,verified,1353,standings,https://fcynewyork.com,https://www.rankedxi.com/crests/upsl-fcy-new-york.png
smugtown-fc,Smugtown FC,upsl,UPSL,amateur,M,Rochester,NY,43.1573,-77.6152,verified,1352,standings,,https://www.rankedxi.com/crests/upsl-smugtown-fc.png
onondaga-fc,Onondaga FC,upsl,UPSL,amateur,M,Syracuse,NY,43.0481,-76.1474,verified,1347,standings,https://www.onondagafc.com/,https://www.rankedxi.com/crests/upsl-onondaga-fc.png
nfc,NFC,upsl,UPSL,amateur,M,Auburn,NY,42.932,-76.5672,verified,1343,standings,,https://www.rankedxi.com/crests/upsl-nfc.png
torabora-fc,Torabora FC,upsl,UPSL,amateur,M,Utica,NY,43.1009,-75.2327,verified,1338,standings,,https://www.rankedxi.com/crests/upsl-torabora-fc.png
gaffer-city-fc,Gaffer City FC,upsl,UPSL,amateur,M,Corning,NY,42.143,-77.055,verified,1329,standings,,https://www.rankedxi.com/crests/upsl-gaffer-city-fc.png
syracuse-fc,Syracuse FC,upsl,UPSL,amateur,M,Syracuse,NY,43.048,-76.147,verified,1314,standings,,https://www.rankedxi.com/crests/upsl-syracuse-fc.png
mmbondo-fc,M'mbondo FC,upsl,UPSL,amateur,M,Buffalo,NY,42.8864,-78.8781,verified,1266,standings,,https://www.rankedxi.com/crests/upsl-mmbondo-fc.png
ny-hota-bavarian-sc,NY Hota Bavarian SC,upsl,UPSL,amateur,M,Franklin Square,NY,40.7002,-73.6764,verified,1384,standings,,https://www.rankedxi.com/crests/upsl-ny-hota-bavarian-sc.png
ny-renegades-fc-ii,NY Renegades FC II,upsl,UPSL,amateur,M,Hicksville,NY,40.7695,-73.5293,verified,1394,standings,,https://www.rankedxi.com/crests/upsl-ny-renegades-fc-ii.png
club-deportivo-iberia,Club Deportivo Iberia,upsl,UPSL,amateur,M,Astoria,NY,40.772,-73.9303,verified,1367,standings,,https://www.rankedxi.com/crests/upsl-club-deportivo-iberia.png
ny-crush-sc,NY Crush SC,upsl,UPSL,amateur,M,Suffern,NY,41.1151,-74.1494,verified,1364,standings,,https://www.rankedxi.com/crests/upsl-ny-crush-sc.png
leone-stars-of-new-york,Leone Stars of New York,upsl,UPSL,amateur,M,,NY,40.7128,-74.006,approximate,1356,standings,,https://www.rankedxi.com/crests/upsl-leone-stars-of-new-york.png
new-york-braveheart-sc-u23,New York Braveheart SC U23,upsl,UPSL,amateur,M,Central Islip,NY,40.7807,-73.1928,verified,1354,standings,,https://www.rankedxi.com/crests/upsl-new-york-braveheart-sc-u23.png
osners-fc-ii,OSNER'S FC II,upsl,UPSL,amateur,M,Sandy Springs,GA,33.895,-84.384,verified,1348,standings,,https://www.rankedxi.com/crests/upsl-osners-fc-ii.png
real-new-york-fc,Real New York FC,upsl,UPSL,amateur,M,New York,NY,40.819,-73.903,verified,1331,standings,,https://www.rankedxi.com/crests/upsl-real-new-york-fc.png
long-island-premier-fc,Long Island Premier FC,upsl,UPSL,amateur,M,Long Island,NY,40.8515,-73.0994,verified,1310,standings,,https://www.rankedxi.com/crests/upsl-long-island-premier-fc.png
atlas-fc-nyc,Atlas FC NYC,upsl,UPSL,amateur,M,Long Island,NY,40.8515,-73.0994,verified,1291,standings,,https://www.rankedxi.com/crests/upsl-atlas-fc-nyc.png
latin-power-fc,Latin Power FC,upsl,UPSL,amateur,M,Ridgewood,NY,40.7081,-73.9142,verified,1408,standings,,https://www.rankedxi.com/crests/upsl-latin-power-fc.png
fc-ulqini,FC Ulqini,upsl,UPSL,amateur,M,Staten Island,NY,40.5835,-74.1496,verified,1390,standings,,https://www.rankedxi.com/crests/upsl-fc-ulqini.png
rosedale-soccer-club,Rosedale Soccer Club,upsl,UPSL,amateur,M,Queens,NY,40.7135,-73.8283,verified,1385,standings,,https://www.rankedxi.com/crests/upsl-rosedale-soccer-club.png
md-sportiv-fc,MD Sportiv FC,upsl,UPSL,amateur,M,New York,NY,40.7127,-74.006,verified,1305,standings,https://www.mdsportiv.com/,https://www.rankedxi.com/crests/upsl-md-sportiv-fc.png
06-united-fc,06 United FC,upsl,UPSL,amateur,M,Flushing,NY,40.7654,-73.8174,verified,1294,standings,,https://www.rankedxi.com/crests/upsl-06-united-fc.png
ironbound-scp-ii,Ironbound SCP II,upsl,UPSL,amateur,M,Jersey,IL,39.092,-90.334,approximate,1399,standings,,https://www.rankedxi.com/crests/upsl-ironbound-scp-ii.png
allstars-fc,Allstars FC,upsl,UPSL,amateur,M,Clifton,NJ,40.8584,-74.1638,verified,1394,standings,,https://www.rankedxi.com/crests/upsl-allstars-fc.png
milford-fc,Milford FC,upsl,UPSL,amateur,M,West Milford,NJ,41.1312,-74.3674,verified,1378,standings,,https://www.rankedxi.com/crests/upsl-milford-fc.png
holger-soccer-club,Holger Soccer Club,upsl,UPSL,amateur,M,Quakertown,PA,40.4418,-75.3416,verified,1361,standings,,https://www.rankedxi.com/crests/upsl-holger-soccer-club.png
new-jersey-alliance-fc-ii,New Jersey Alliance FC II,upsl,UPSL,amateur,M,,NJ,40.7357,-74.1724,approximate,1352,standings,,https://www.rankedxi.com/crests/upsl-new-jersey-alliance-fc-ii.png
philadelphia-lone-star-fc-u23,Philadelphia Lone Star FC U23,upsl,UPSL,amateur,M,Macoupin,IL,39.17,-90.134,approximate,1352,standings,,https://www.rankedxi.com/crests/upsl-philadelphia-lone-star-fc-u23.png
princeton-international-fc,Princeton International FC,upsl,UPSL,amateur,M,West Windsor,NJ,40.332,-74.629,verified,1339,standings,,https://www.rankedxi.com/crests/upsl-princeton-international-fc.png
northeast-pa-fc,Northeast PA FC,upsl,UPSL,amateur,M,Scranton,PA,41.4087,-75.6621,verified,1328,standings,https://www.northeastpafc.com/,https://www.rankedxi.com/crests/upsl-northeast-pa-fc.png
nj-santos-fc-rush,NJ Santos FC Rush,upsl,UPSL,amateur,M,Bridgewater,NJ,40.5598,-74.5517,verified,1325,standings,,https://www.rankedxi.com/crests/upsl-nj-santos-fc-rush.png
ucfsc-warriors-ii,UCFSC Warriors II,upsl,UPSL,amateur,M,Rahway,NJ,40.6082,-74.2776,verified,1317,standings,,https://www.rankedxi.com/crests/upsl-ucfsc-warriors-ii.png
pennsylvania-prime-fc-ii,Pennsylvania Prime FC II,upsl,UPSL,amateur,M,Allentown,PA,40.6023,-75.4716,verified,1312,standings,,https://www.rankedxi.com/crests/upsl-pennsylvania-prime-fc-ii.png
tempe-inferno-cf,Tempe Inferno CF,upsl,UPSL,amateur,M,Tempe,AZ,33.4255,-111.94,verified,1407,standings,https://tempeinferno.com,https://www.rankedxi.com/crests/upsl-tempe-inferno-cf.png
ojb-fc,OJB FC,upsl,UPSL,amateur,M,Chino Valley,AZ,34.7575,-112.4538,verified,1396,standings,,https://www.rankedxi.com/crests/upsl-ojb-fc.png
kings-fc,Kings FC,upsl,UPSL,amateur,M,Scottsdale,AZ,33.4942,-111.926,verified,1393,standings,,https://www.rankedxi.com/crests/upsl-kings-fc.png
dd8-academy,DD8 Academy,upsl,UPSL,amateur,M,Phoenix,AZ,33.4484,-112.0741,verified,1361,standings,,https://www.rankedxi.com/crests/upsl-dd8-academy.png
next-level-soccer-ii,Next Level Soccer II,upsl,UPSL,amateur,M,Gilbert,AZ,33.3528,-111.789,verified,1328,standings,https://www.nextlevelsoccer.com/,https://www.rankedxi.com/crests/upsl-next-level-soccer-ii.png
state-48-sporting-fc-ii,State 48 Sporting FC II,upsl,UPSL,amateur,M,El Mirage,AZ,33.613,-112.3245,verified,1333,standings,,https://www.rankedxi.com/crests/upsl-state-48-sporting-fc-ii.png
florence-fc,Florence FC,upsl,UPSL,amateur,M,Florence,AZ,33.031,-111.387,verified,1327,standings,,https://www.rankedxi.com/crests/upsl-florence-fc.png
coronado-athletic-club-ii,Coronado Athletic Club II,upsl,UPSL,amateur,M,Surprise,AZ,33.664,-112.423,verified,1310,standings,,https://www.rankedxi.com/crests/upsl-coronado-athletic-club-ii.png
virunga-fc,Virunga FC,upsl,UPSL,amateur,M,Phoenix,AZ,33.4484,-112.0741,verified,1298,standings,,https://www.rankedxi.com/crests/upsl-virunga-fc.png
golden-goal-soccer,Golden Goal Soccer,upsl,UPSL,amateur,M,Fort Ann,NY,43.424,-73.519,verified,1394,standings,,https://www.rankedxi.com/crests/upsl-golden-goal-soccer.png
brian-and-anthonys-football-club,Brian and Anthony’s Football Club,upsl,UPSL,amateur,M,Tarpon Springs,FL,28.165,-82.787,approximate,1384,standings,,https://www.rankedxi.com/crests/upsl-brian-and-anthonys-football-club.png
hunters-creek-soccer-club,Hunter's Creek Soccer Club,upsl,UPSL,amateur,M,Orange,FL,28.357,-81.422,verified,1380,standings,,https://www.rankedxi.com/crests/upsl-hunters-creek-soccer-club.png
o-f-c-barca-ii,O.F.C Barca II,upsl,UPSL,amateur,M,Pasco,FL,28.332,-82.454,approximate,1367,standings,,https://www.rankedxi.com/crests/upsl-o-f-c-barca-ii.png
bateria-fc,Bateria FC,upsl,UPSL,amateur,M,New York,NY,40.797,-73.953,verified,1363,standings,,https://www.rankedxi.com/crests/upsl-bateria-fc.png
stetson-fa,Stetson FA,upsl,UPSL,amateur,M,Orlando,FL,28.569,-81.39,verified,1352,standings,,https://www.rankedxi.com/crests/upsl-stetson-fa.png
merritt-island-soccer-club,Merritt Island Soccer Club,upsl,UPSL,amateur,M,Brevard,FL,28.266,-80.664,verified,1360,standings,,https://www.rankedxi.com/crests/upsl-merritt-island-soccer-club.png
kissimmee-fc-ii,Kissimmee FC II,upsl,UPSL,amateur,M,Kissimmee,FL,28.292,-81.408,verified,1350,standings,,https://www.rankedxi.com/crests/upsl-kissimmee-fc-ii.png
four-corners-fc,Four Corners FC,upsl,UPSL,amateur,M,Lake,FL,28.355,-81.677,verified,1346,standings,,https://www.rankedxi.com/crests/upsl-four-corners-fc.png
fc-kanks,FC Kanks,upsl,UPSL,amateur,M,Maitland,FL,28.6275,-81.3656,verified,1315,standings,,https://www.rankedxi.com/crests/upsl-fc-kanks.png
the-academy-of-central-florida,The Academy of Central Florida,upsl,UPSL,amateur,M,Osceola,FL,28.28,-81.354,verified,1307,standings,,https://www.rankedxi.com/crests/upsl-the-academy-of-central-florida.png
the-power-of-friendship-fc,The Power of Friendship FC,upsl,UPSL,amateur,M,Orlando,FL,28.5421,-81.379,verified,1296,standings,,https://www.rankedxi.com/crests/upsl-the-power-of-friendship-fc.png
jax-united-fc,Jax United FC,upsl,UPSL,amateur,M,Jacksonville,FL,30.382,-81.636,verified,1417,standings,,https://www.rankedxi.com/crests/upsl-jax-united-fc.png
inter-united-soccer-club,Inter-United Soccer Club,upsl,UPSL,amateur,M,Palm Coast,FL,29.5541,-81.2208,verified,1393,standings,,https://www.rankedxi.com/crests/upsl-inter-united-soccer-club.png
bold-city-sc-ii,Bold City SC II,upsl,UPSL,amateur,M,Jacksonville,FL,30.165,-81.508,verified,1366,standings,,https://www.rankedxi.com/crests/upsl-bold-city-sc-ii.png
coastal-kings-fc-ii,Coastal Kings FC II,upsl,UPSL,amateur,M,Crystal River,FL,28.899,-82.593,verified,1373,standings,,https://www.rankedxi.com/crests/upsl-coastal-kings-fc-ii.png
bronson-fc,Bronson FC,upsl,UPSL,amateur,M,Bronson,FL,29.448,-82.642,verified,1324,standings,,https://www.rankedxi.com/crests/upsl-bronson-fc.png
ch4-football-club,CH4 Football Club,upsl,UPSL,amateur,M,Jacksonville,FL,30.3262,-81.6579,verified,1302,standings,,
ocala-soccer-institute-ii,Ocala Soccer Institute II,upsl,UPSL,amateur,M,Coffee,AL,31.321,-85.972,approximate,1291,standings,,https://www.rankedxi.com/crests/upsl-ocala-soccer-institute-ii.png
florida-celtic-sc,Florida Celtic SC,upsl,UPSL,amateur,M,Tampa,FL,28.143,-82.289,verified,1403,standings,,https://www.rankedxi.com/crests/upsl-florida-celtic-sc.png
pcu-pelicans-sc-ii,PCU Pelicans SC II,upsl,UPSL,amateur,M,Tarpon Springs,FL,28.165,-82.787,approximate,1403,standings,,https://www.rankedxi.com/crests/upsl-pcu-pelicans-sc-ii.png
polk-united-fc,Polk United FC,upsl,UPSL,amateur,M,Polk,FL,27.945,-81.727,verified,1381,standings,,https://www.rankedxi.com/crests/upsl-polk-united-fc.png
dynamic-futbol,Dynamic Futbol,upsl,UPSL,amateur,M,Tarpon Springs,FL,28.165,-82.787,approximate,1357,standings,,https://www.rankedxi.com/crests/upsl-dynamic-futbol.png
players-club-tampa-bay,Players Club Tampa Bay,upsl,UPSL,amateur,M,Brandon,FL,27.9285,-82.2881,verified,1352,standings,,https://www.rankedxi.com/crests/upsl-players-club-tampa-bay.png
lase-lions,LASE Lions,upsl,UPSL,amateur,M,Apollo Beach,FL,27.7729,-82.3981,verified,1332,standings,,https://www.rankedxi.com/crests/upsl-lase-lions.png
shock-city-fc-ii,Shock City FC II,upsl,UPSL,amateur,M,West Des Moines,IA,41.584,-93.789,verified,1312,standings,,https://www.rankedxi.com/crests/upsl-shock-city-fc-ii.png
tampa-bay-mutiny,Tampa Bay Mutiny,upsl,UPSL,amateur,M,Tampa,FL,27.945,-82.4583,verified,1302,standings,,https://www.rankedxi.com/crests/upsl-tampa-bay-mutiny.png
team-boca,Team Boca,upsl,UPSL,amateur,M,Boca Raton,FL,26.3587,-80.0831,verified,1412,standings,https://www.teamboca.com/,https://www.rankedxi.com/crests/upsl-team-boca.png
aventura-fc-bold-nation,Aventura FC Bold Nation,upsl,UPSL,amateur,M,Aventura,FL,25.9565,-80.1392,verified,1404,standings,,https://www.rankedxi.com/crests/upsl-aventura-fc-bold-nation.png
cyclones-fc,Cyclones FC,upsl,UPSL,amateur,M,Pembroke Pines,FL,26.0062,-80.2872,verified,1402,standings,,https://www.rankedxi.com/crests/upsl-cyclones-fc.png
athletum-fc,Athletum FC,upsl,UPSL,amateur,M,Elmore,AL,32.556,-85.94,approximate,1379,standings,,https://www.rankedxi.com/crests/upsl-athletum-fc.png
strikers-miami-first-team,Strikers Miami First Team,upsl,UPSL,amateur,M,Elmore,AL,32.635,-86.276,approximate,1365,standings,,https://www.rankedxi.com/crests/upsl-strikers-miami-first-team.png
boca-jrs-miami-fc,Boca Jrs Miami FC,upsl,UPSL,amateur,M,Margate,FL,26.2445,-80.2064,verified,1355,standings,,https://www.rankedxi.com/crests/upsl-boca-jrs-miami-fc.png
miami-breakers-fc,Miami Breakers FC,upsl,UPSL,amateur,M,Miami-Dade,FL,25.562,-80.344,verified,1353,standings,,https://www.rankedxi.com/crests/upsl-miami-breakers-fc.png
hodler-miami-fc-ii,Hodler Miami FC II,upsl,UPSL,amateur,M,Macon,AL,32.342,-85.813,approximate,1347,standings,,https://www.rankedxi.com/crests/upsl-hodler-miami-fc-ii.png
osheas-fc,Osheas FC,upsl,UPSL,amateur,M,West Palm Beach,FL,26.7154,-80.0533,verified,1351,standings,,https://www.rankedxi.com/crests/upsl-osheas-fc.png
impact-city-fc,Impact City FC,upsl,UPSL,amateur,M,Palm Beach Gardens,FL,26.8234,-80.1387,verified,1334,standings,,https://www.rankedxi.com/crests/upsl-impact-city-fc.png
asa-primera,ASA Primera,upsl,UPSL,amateur,M,Autauga,AL,32.413,-86.549,approximate,1323,standings,,https://www.rankedxi.com/crests/upsl-asa-primera.png
hollywood-fc-academy,Hollywood FC Academy,upsl,UPSL,amateur,M,Broward,FL,26.011,-80.149,verified,1315,standings,,https://www.rankedxi.com/crests/upsl-hollywood-fc-academy.png
miami-sa-reserve,Miami SA Reserve,upsl,UPSL,amateur,M,Miami,OH,40.093,-84.224,verified,1285,standings,,https://www.rankedxi.com/crests/upsl-miami-sa-reserve.png
weston-fc,Weston FC,usl2,USL League Two,amateur,M,Broward,FL,26.1,-80.4,verified,1390,real_results,,https://www.rankedxi.com/crests/usl2-weston-fc.png
davie-united-sc,Davie United SC,upsl,UPSL,amateur,M,Broward,FL,26.063,-80.233,verified,1404,standings,,https://www.rankedxi.com/crests/upsl-davie-united-sc.png
miami-fc-u19,Miami FC U19,upsl,UPSL,amateur,M,Miami,FL,25.774,-80.194,verified,1364,standings,,https://www.rankedxi.com/crests/upsl-miami-fc-u19.png
psg-academy-miami-city,PSG Academy Miami City,upsl,UPSL,amateur,M,Fort Lauderdale,FL,26.1223,-80.1434,verified,1367,standings,,https://www.rankedxi.com/crests/upsl-psg-academy-miami-city.png
parkland-soccer-club-ii,Parkland Soccer Club II,upsl,UPSL,amateur,M,Broward,FL,26.31,-80.237,verified,1355,standings,,https://www.rankedxi.com/crests/upsl-parkland-soccer-club-ii.png
plantation-fc-ii,Plantation FC II,upsl,UPSL,amateur,M,Plantation,FL,26.128,-80.233,verified,1356,standings,,https://www.rankedxi.com/crests/upsl-plantation-fc-ii.png
florida-futbol-club-ii,Florida Futbol Club II,upsl,UPSL,amateur,M,Hillsborough,FL,28.154,-82.507,approximate,1340,standings,,https://www.rankedxi.com/crests/upsl-florida-futbol-club-ii.png
city-soccer-fc-ii,City Soccer FC II,upsl,UPSL,amateur,M,Miami-Dade,FL,25.689,-80.307,verified,1339,standings,,https://www.rankedxi.com/crests/upsl-city-soccer-fc-ii.png
rush-select-academy-ii,Rush Select Academy II,upsl,UPSL,amateur,M,Los Angeles,CA,34.089,-118.269,verified,1333,standings,,https://www.rankedxi.com/crests/upsl-rush-select-academy-ii.png
schulz-academy,Schulz Academy,upsl,UPSL,amateur,M,Sumter,FL,28.795,-82.006,verified,1331,standings,,https://www.rankedxi.com/crests/upsl-schulz-academy.png
weston-fc-ii,Weston FC II,upsl,UPSL,amateur,M,Broward,FL,26.1,-80.4,verified,1303,standings,,https://www.rankedxi.com/crests/upsl-weston-fc-ii.png
estates-fc,Estates FC,upsl,UPSL,amateur,M,Naples,FL,26.1422,-81.7943,verified,1412,standings,,https://www.rankedxi.com/crests/upsl-estates-fc.png
swfl-sc,SWFL SC,upsl,UPSL,amateur,M,Cape Coral,FL,26.563,-81.946,verified,1372,standings,,https://www.rankedxi.com/crests/upsl-swfl-sc.png
upper-90-fc,Upper 90 FC,upsl,UPSL,amateur,M,Sarasota,FL,27.3366,-82.5309,verified,1363,standings,https://upper90futbolclub.com,https://www.rankedxi.com/crests/upsl-upper-90-fc.png
sporting-impalas,Sporting Impalas,upsl,UPSL,amateur,M,Naples,FL,26.1422,-81.7943,verified,1332,standings,,https://www.rankedxi.com/crests/upsl-sporting-impalas.png
twin-rivers-united-ii,Twin Rivers United II,upsl,UPSL,amateur,M,Martin,FL,27.162,-80.184,verified,1334,standings,,https://www.rankedxi.com/crests/upsl-twin-rivers-united-ii.png
calusa-fc,CALUSA FC,upsl,UPSL,amateur,M,Cape Coral,FL,26.5626,-81.9439,verified,1304,standings,,https://www.rankedxi.com/crests/upsl-calusa-fc.png
chattanooga-fc-u20,Chattanooga FC U20,upsl,UPSL,amateur,M,Chattanooga,TN,35.0457,-85.3095,verified,1411,standings,,https://www.rankedxi.com/crests/upsl-chattanooga-fc-u20.png
atlanta-ignite-fc,Atlanta Ignite FC,upsl,UPSL,amateur,M,Atlanta,GA,33.7545,-84.3898,verified,1375,standings,,https://www.rankedxi.com/crests/upsl-atlanta-ignite-fc.png
georgia-athletic-sc,Georgia Athletic SC,upsl,UPSL,amateur,M,Lawrenceville,GA,33.9566,-83.989,verified,1372,standings,https://www.georgiaathleticsc.com/,https://www.rankedxi.com/crests/upsl-georgia-athletic-sc.png
cleveland-united-fc,Cleveland United FC,upsl,UPSL,amateur,M,Cleveland,TN,35.1595,-84.8766,verified,1370,standings,,https://www.rankedxi.com/crests/upsl-cleveland-united-fc.png
club-the-strongest-atlanta,Club The Strongest Atlanta,upsl,UPSL,amateur,M,Gwinnett,GA,33.9567,-84.0227,verified,1367,standings,,https://www.rankedxi.com/crests/upsl-club-the-strongest-atlanta.png
dalton-united,Dalton United,upsl,UPSL,amateur,M,"Dalton, GA",GA,34.7692,-84.9702,verified,1357,standings,,https://www.rankedxi.com/crests/upsl-dalton-united.png
north-georgia-united,North Georgia United,upsl,UPSL,amateur,M,Calhoun,GA,31.5312,-84.6143,verified,1342,standings,,https://www.rankedxi.com/crests/upsl-north-georgia-united.png
lithonia-city-fc,Lithonia City FC,upsl,UPSL,amateur,M,Lithonia,GA,33.71,-84.109,verified,1339,standings,https://lithoniacityfc.com,https://www.rankedxi.com/crests/upsl-lithonia-city-fc.png
mableton-fc,Mableton FC,upsl,UPSL,amateur,M,Mableton,GA,33.819,-84.582,verified,1337,standings,,https://www.rankedxi.com/crests/upsl-mableton-fc.png
scenic-city-soccer-club-ii,Scenic City Soccer Club II,upsl,UPSL,amateur,M,Chattanooga,GA,34.9161,-85.2513,verified,1304,standings,,https://www.rankedxi.com/crests/upsl-scenic-city-soccer-club-ii.png
lsa-mustangs-ii,LSA Mustangs II,upsl,UPSL,amateur,M,Norcross,GA,33.9412,-84.2135,verified,1294,standings,,https://www.rankedxi.com/crests/upsl-lsa-mustangs-ii.png
lake-country-united-fc,Lake Country United FC,upsl,UPSL,amateur,M,Eatonton/Greensboro,GA,33.5483,-83.2082,verified,1405,standings,https://lakecountryunitedfc.com,https://www.rankedxi.com/crests/upsl-lake-country-united-fc.png
middle-georgia-united-fc,Middle Georgia United FC,upsl,UPSL,amateur,M,Macon,GA,32.8407,-83.6324,verified,1394,standings,,https://www.rankedxi.com/crests/upsl-middle-georgia-united-fc.png
augusta-soccer-team,Augusta Soccer Team,upsl,UPSL,amateur,M,Augusta,GA,33.471,-81.9748,verified,1364,standings,https://www.augustasoccerteam.com/,https://www.rankedxi.com/crests/upsl-augusta-soccer-team.png
afa-academy,AFA Academy,upsl,UPSL,amateur,M,Decatur,GA,30.8737,-84.5741,verified,1368,standings,,https://www.rankedxi.com/crests/upsl-afa-academy.png
calera-fc,Calera FC,upsl,UPSL,amateur,M,Calera,AL,33.104,-86.751,verified,1352,standings,,https://www.rankedxi.com/crests/upsl-calera-fc.png
albion-sc-atlanta-u23,Albion SC Atlanta U23,upsl,UPSL,amateur,M,Hampton,GA,33.3871,-84.283,verified,1341,standings,,https://www.rankedxi.com/crests/upsl-albion-sc-atlanta-u23.png
fc-columbus-elite-ii,FC Columbus Elite II,upsl,UPSL,amateur,M,Columbus,GA,32.4611,-84.988,verified,1319,standings,,https://www.rankedxi.com/crests/upsl-fc-columbus-elite-ii.png
atlanta-city-fc,Atlanta City FC,upsl,UPSL,amateur,M,Atlanta,GA,33.749,-84.391,verified,1325,standings,,https://www.rankedxi.com/crests/upsl-atlanta-city-fc.png
lsa-norcross-pro-ii,LSA Norcross Pro II,upsl,UPSL,amateur,M,Norcross,GA,33.9412,-84.2135,verified,1319,standings,,https://www.rankedxi.com/crests/upsl-lsa-norcross-pro-ii.png
columbus-knight-eagles-fc,Columbus Knight Eagles FC,upsl,UPSL,amateur,M,Columbus,GA,32.4611,-84.988,verified,1306,standings,,https://www.rankedxi.com/crests/upsl-columbus-knight-eagles-fc.png
midwest-hooligans-da,Midwest Hooligans DA,upsl,UPSL,amateur,M,Evansville,IN,37.9705,-87.5716,verified,1382,standings,https://midwestsc.sportzstudio.com/,https://www.rankedxi.com/crests/upsl-midwest-hooligans-da.png
tennessee-united-sc-ii,Tennessee United SC II,upsl,UPSL,amateur,M,Hendersonville,TN,36.3049,-86.6214,verified,1370,standings,,https://www.rankedxi.com/crests/upsl-tennessee-united-sc-ii.png
tango-fc,Tango FC,upsl,UPSL,amateur,M,Athens,TN,35.4429,-84.593,verified,1331,standings,,https://www.rankedxi.com/crests/upsl-tango-fc.png
tennessee-tempo-fc-ii,Tennessee Tempo FC II,upsl,UPSL,amateur,M,Nashville,TN,36.1623,-86.7743,verified,1319,standings,https://www.tennesseetempofc.com/,https://www.rankedxi.com/crests/upsl-tennessee-tempo-fc-ii.png
cardinal-fc,Cardinal FC,upsl,UPSL,amateur,M,Roanoke,VA,37.271,-79.9414,verified,1406,standings,,https://www.rankedxi.com/crests/upsl-cardinal-fc.png
liberty-arsenal-international-sc-academy,Liberty Arsenal International SC Academy,upsl,UPSL,amateur,M,Fayetteville,NC,35.0526,-78.8783,verified,1366,standings,,https://www.rankedxi.com/crests/upsl-liberty-arsenal-international-sc-academy.png
carolina-football-club,Carolina Football Club,upsl,UPSL,amateur,M,Sanford,NC,35.4799,-79.1803,verified,1360,standings,,https://www.rankedxi.com/crests/upsl-carolina-football-club.png
briar-united-castle-fc,Briar United Castle FC,upsl,UPSL,amateur,M,Raleigh,NC,35.7804,-78.6391,verified,1352,standings,,https://www.rankedxi.com/crests/upsl-briar-united-castle-fc.png
ac-raleigh-ii,AC Raleigh II,upsl,UPSL,amateur,M,Raleigh,NC,35.7804,-78.6391,verified,1354,standings,,https://www.rankedxi.com/crests/upsl-ac-raleigh-ii.png
football-club-roanoke,Football Club Roanoke,upsl,UPSL,amateur,M,Roanoke Rapids,NC,36.4558,-77.6574,verified,1317,standings,,https://www.rankedxi.com/crests/upsl-football-club-roanoke.png
sporting-soccer-academy-ii,Sporting Soccer Academy II,upsl,UPSL,amateur,M,Johnson city,TN,36.3168,-82.3529,verified,1323,standings,,https://www.rankedxi.com/crests/upsl-sporting-soccer-academy-ii.png
kangoory-football-club,Kangoory Football Club,upsl,UPSL,amateur,M,Clayton,NC,35.6507,-78.4564,verified,1284,standings,,https://www.rankedxi.com/crests/upsl-kangoory-football-club.png
sanford-area-soccer-league,Sanford Area Soccer League,upsl,UPSL,amateur,M,Sanford,NC,35.4799,-79.1803,verified,1396,standings,,https://www.rankedxi.com/crests/upsl-sanford-area-soccer-league.png
bragg-fc,Bragg FC,upsl,UPSL,amateur,M,Fayetteville,NC,35.0526,-78.8783,verified,1383,standings,,https://www.rankedxi.com/crests/upsl-bragg-fc.png
gastonia-city-fc,Gastonia City FC,upsl,UPSL,amateur,M,Gastonia,NC,35.262,-81.184,verified,1376,standings,,https://www.rankedxi.com/crests/upsl-gastonia-city-fc.png
mint-hill-fc-ii,Mint Hill FC II,upsl,UPSL,amateur,M,Mint Hill,NC,35.1735,-80.657,verified,1359,standings,,https://www.rankedxi.com/crests/upsl-mint-hill-fc-ii.png
north-carolina-lions-ii,North Carolina Lions II,upsl,UPSL,amateur,M,Winston Salem,NC,36.0998,-80.2441,verified,1326,standings,,https://www.rankedxi.com/crests/upsl-north-carolina-lions-ii.png
combine-academy-ii,Combine Academy II,upsl,UPSL,amateur,M,Charlotte,NC,35.2272,-80.8431,verified,1329,standings,https://www.combineacademy.com/,https://www.rankedxi.com/crests/upsl-combine-academy-ii.png
electric-city-fc-ii,Electric City FC II,upsl,UPSL,amateur,M,Anderson,SC,34.5258,-82.653,verified,1326,standings,,https://www.rankedxi.com/crests/upsl-electric-city-fc-ii.png
ilm-football-club,ILM Football Club,upsl,UPSL,amateur,M,Wilmington,NC,34.2353,-77.9487,verified,1306,standings,,https://www.rankedxi.com/crests/upsl-ilm-football-club.png
force-football-club,Force Football Club,upsl,UPSL,amateur,M,Crystal Lake,IL,42.2411,-88.3162,verified,1397,standings,https://www.clsf.org,https://www.rankedxi.com/crests/upsl-force-football-club.png
asteras-tripolis-chicago-fc,Asteras Tripolis Chicago FC,upsl,UPSL,amateur,M,Chicago,IL,41.8756,-87.6244,verified,1386,standings,,https://www.rankedxi.com/crests/upsl-asteras-tripolis-chicago-fc.png
ks-wisloka-chicago-u23,KS Wisloka Chicago U23,upsl,UPSL,amateur,M,Elk Grove Village,IL,42.0036,-88.0038,verified,1378,standings,,https://www.rankedxi.com/crests/upsl-ks-wisloka-chicago-u23.png
hodgepodge-heroes,Hodgepodge Heroes,upsl,UPSL,amateur,M,Rolling Meadow,IL,42.3113,-89.0324,verified,1361,standings,,https://www.rankedxi.com/crests/upsl-hodgepodge-heroes.png
diverse-city-fc-pro-academy-ii,Diverse City FC Pro Academy II,upsl,UPSL,amateur,M,Schaumburg,IL,42.0334,-88.0834,verified,1310,standings,,https://www.rankedxi.com/crests/upsl-diverse-city-fc-pro-academy-ii.png
chicago-kics-fc-ii,Chicago KICS FC II,upsl,UPSL,amateur,M,Chicago,IL,41.8756,-87.6244,verified,1282,standings,https://kicsfc.com/,https://www.rankedxi.com/crests/upsl-chicago-kics-fc-ii.png
dakota-sc,Dakota SC,upsl,UPSL,amateur,M,South St. Paul,MN,44.8907,-93.0373,verified,1401,standings,https://dakotasoccerclub.org/,https://www.rankedxi.com/crests/upsl-dakota-sc.png
wave-sc,Wave SC,upsl,UPSL,amateur,M,Eagan,MN,44.8182,-93.1659,verified,1386,standings,https://wavesoccer.org/,https://www.rankedxi.com/crests/upsl-wave-sc.png
vlora-fc-ii,Vlora FC II,upsl,UPSL,amateur,M,Burnsville,MN,44.7671,-93.2774,verified,1373,standings,,https://www.rankedxi.com/crests/upsl-vlora-fc-ii.png
minneapolis-city-sc-2,Minneapolis City SC 2,upsl,UPSL,amateur,M,Minneapolis,MN,44.977,-93.265,verified,1370,standings,,https://www.rankedxi.com/crests/upsl-minneapolis-city-sc-2.png
salvo-sc,Salvo SC,upsl,UPSL,amateur,M,Eagan,MN,44.8182,-93.1659,verified,1366,standings,https://salvosoccer.org/,https://www.rankedxi.com/crests/upsl-salvo-sc.png
north-star-fc,North Star FC,upsl,UPSL,amateur,M,Rochester,MN,44.0234,-92.463,verified,1360,standings,https://northstarfc.com,https://www.rankedxi.com/crests/upsl-north-star-fc.png
shakopee-soccer,Shakopee Soccer,upsl,UPSL,amateur,M,Shakopee,MN,44.798,-93.527,verified,1358,standings,,https://www.rankedxi.com/crests/upsl-shakopee-soccer.png
skills-fc,Skills FC,upsl,UPSL,amateur,M,Burnsville,MN,44.7671,-93.2774,verified,1346,standings,https://www.skillsfc.org/,https://www.rankedxi.com/crests/upsl-skills-fc.png
boreal-fc,Boreal FC,upsl,UPSL,amateur,M,Elk River,MN,45.3039,-93.5672,verified,1347,standings,https://www.borealfc.com/,https://www.rankedxi.com/crests/upsl-boreal-fc.png
lakeville-soccer-club,Lakeville Soccer Club,upsl,UPSL,amateur,M,Lakeville,MN,44.708,-93.256,verified,1309,standings,,https://www.rankedxi.com/crests/upsl-lakeville-soccer-club.png
rochester-fc-ii,Rochester FC II,upsl,UPSL,amateur,M,Rochester,MN,44.0234,-92.463,verified,1299,standings,,https://www.rankedxi.com/crests/upsl-rochester-fc-ii.png
fc-minneapolis-ii,FC Minneapolis II,upsl,UPSL,amateur,M,Minneapolis,MN,44.9773,-93.2655,verified,1307,standings,,https://www.rankedxi.com/crests/upsl-fc-minneapolis-ii.png
bowaze-fc,Bowaze FC,upsl,UPSL,amateur,M,Boise,ID,43.6166,-116.2009,verified,1400,standings,,https://www.rankedxi.com/crests/upsl-bowaze-fc.png
utah-athletic-ii,Utah Athletic II,upsl,UPSL,amateur,M,Salt Lake City,UT,40.7596,-111.8868,verified,1402,standings,,https://www.rankedxi.com/crests/upsl-utah-athletic-ii.png
utah-real-fc,Utah Real FC,upsl,UPSL,amateur,M,Roy,UT,41.1715,-112.0274,verified,1388,standings,https://utahrealfc.com,https://www.rankedxi.com/crests/upsl-utah-real-fc.png
future-fc,Future FC,upsl,UPSL,amateur,M,Salt Lake City,UT,40.7596,-111.8868,verified,1380,standings,http://www.futuresportsclub.com/index.html,https://www.rankedxi.com/crests/upsl-future-fc.png
utah-real-fc-ii,Utah Real FC II,upsl,UPSL,amateur,M,Roy,UT,41.1715,-112.0274,verified,1312,standings,https://utahrealfc.com,https://www.rankedxi.com/crests/upsl-utah-real-fc-ii.png
sei-corvids-fc,SEI Corvids FC,upsl,UPSL,amateur,M,Pocatello,ID,42.862,-112.4506,verified,1299,standings,,https://www.rankedxi.com/crests/upsl-sei-corvids-fc.png
valor-sc,Valor SC,upsl,UPSL,amateur,M,Logan,UT,41.7313,-111.8349,verified,1291,standings,,https://www.rankedxi.com/crests/upsl-valor-sc.png
boston-emeralds-fc,Boston Emeralds FC,upsl,UPSL,amateur,M,Dorchester,MA,42.2973,-71.0745,verified,1417,standings,,https://www.rankedxi.com/crests/upsl-boston-emeralds-fc.png
vermont-clover,Vermont Clover,upsl,UPSL,amateur,M,Burlington,VT,44.4762,-73.2129,verified,1403,standings,https://www.vermontclover.com/,https://www.rankedxi.com/crests/upsl-vermont-clover.png
maine-mystics-fc,Maine Mystics FC,upsl,UPSL,amateur,M,,ME,43.6591,-70.2568,approximate,1371,standings,,https://www.rankedxi.com/crests/upsl-maine-mystics-fc.png
maine-legends-fc,Maine Legends FC,upsl,UPSL,amateur,M,,ME,43.6591,-70.2568,approximate,1335,standings,,https://www.rankedxi.com/crests/upsl-maine-legends-fc.png
boston-street-fc-ii,Boston Street FC II,upsl,UPSL,amateur,M,Boston,MA,42.329,-71.057,verified,1327,standings,,https://www.rankedxi.com/crests/upsl-boston-street-fc-ii.png
dorchester-city-fc,Dorchester City FC,upsl,UPSL,amateur,M,Dorchester,MA,42.2973,-71.0745,verified,1331,standings,,https://www.rankedxi.com/crests/upsl-dorchester-city-fc.png
unations-fc-ii,Unations FC II,upsl,UPSL,amateur,M,Marquette,WI,43.775,-89.111,approximate,1324,standings,,https://www.rankedxi.com/crests/upsl-unations-fc-ii.png
new-england-combine-fc,New England Combine FC,upsl,UPSL,amateur,M,Worcester,MA,42.2626,-71.8019,verified,1308,standings,,https://www.rankedxi.com/crests/upsl-new-england-combine-fc.png
reno-united-ii,Reno United II,upsl,UPSL,amateur,M,Reno,NV,39.5262,-119.8127,verified,1417,standings,,https://www.rankedxi.com/crests/upsl-reno-united-ii.png
fc-patria,FC Patria,upsl,UPSL,amateur,M,West Sacramento,CA,38.5805,-121.5302,verified,1386,standings,,https://www.rankedxi.com/crests/upsl-fc-patria.png
capitol-city-futbol-club,Capitol City Futbol Club,upsl,UPSL,amateur,M,Sacramento,CA,38.5811,-121.4939,verified,1363,standings,,https://www.rankedxi.com/crests/upsl-capitol-city-futbol-club.png
junction-29,Junction 29,upsl,UPSL,amateur,M,American Canyon,CA,38.1785,-122.2552,verified,1369,standings,,https://www.rankedxi.com/crests/upsl-junction-29.png
ccysc-cobras,CCYSC Cobras,upsl,UPSL,amateur,M,Pittsburg,CA,38.0268,-121.8854,verified,1367,standings,,https://www.rankedxi.com/crests/upsl-ccysc-cobras.png
soccer-without-borders-academy,Soccer Without Borders Academy,upsl,UPSL,amateur,M,Oakland,CA,37.8045,-122.2714,verified,1305,standings,,https://www.rankedxi.com/crests/upsl-soccer-without-borders-academy.png
sacramento-united,Sacramento United,upsl,UPSL,amateur,M,Sacramento,CA,38.581,-121.494,verified,1309,standings,,https://www.rankedxi.com/crests/upsl-sacramento-united.png
suisun-city-rush,Suisun City Rush,upsl,UPSL,amateur,M,Suisun City,CA,38.2382,-122.0402,verified,1296,standings,https://www.suisuncityrush.com/,https://www.rankedxi.com/crests/upsl-suisun-city-rush.png
central-valley-premier-fc,Central Valley Premier FC,upsl,UPSL,amateur,M,Visalia,CA,36.3302,-119.2921,verified,1411,standings,https://centralvalleypremierfc.com,https://www.rankedxi.com/crests/upsl-central-valley-premier-fc.png
san-leandro-united-fc,San Leandro United FC,upsl,UPSL,amateur,M,San Leandro,CA,37.725,-122.156,verified,1378,standings,https://sanleandrounitedfc.sportzstudio.com/,https://www.rankedxi.com/crests/upsl-san-leandro-united-fc.png
ballistic-united-soccer-club,Ballistic United Soccer Club,upsl,UPSL,amateur,M,Pleasanton,CA,37.6624,-121.8747,verified,1368,standings,https://busc.org/,https://www.rankedxi.com/crests/upsl-ballistic-united-soccer-club.png
eclipse-soccer-academy,Eclipse Soccer Academy,upsl,UPSL,amateur,M,Santa Cruz,CA,37.0501,-121.9906,verified,1352,standings,,https://www.rankedxi.com/crests/upsl-eclipse-soccer-academy.png
cv-united,CV United,upsl,UPSL,amateur,M,Dublin,CA,37.7022,-121.9358,verified,1354,standings,,
golden-state-futbol-club,Golden State Futbol Club,upsl,UPSL,amateur,M,Hughson,CA,37.597,-120.866,verified,1308,standings,https://goldenstatefutbolclub.com,https://www.rankedxi.com/crests/upsl-golden-state-futbol-club.png
ov-toros-fc,OV Toros FC,upsl,UPSL,amateur,M,Morgan Hill,CA,37.1304,-121.6545,verified,1312,standings,https://ovysl.org/,https://www.rankedxi.com/crests/upsl-ov-toros-fc.png
delhi-futbol-club,Delhi Futbol Club,upsl,UPSL,amateur,M,Delhi,CA,37.4339,-120.7769,verified,1294,standings,,https://www.rankedxi.com/crests/upsl-delhi-futbol-club.png
columbus-rough-riders-fc,Columbus Rough Riders FC,upsl,UPSL,amateur,M,Columbus,OH,39.9623,-83.0007,verified,1384,standings,,https://www.rankedxi.com/crests/upsl-columbus-rough-riders-fc.png
columbus-astray-ii,Columbus Astray II,upsl,UPSL,amateur,M,Columbus,OH,39.837,-83.001,verified,1379,standings,,https://www.rankedxi.com/crests/upsl-columbus-astray-ii.png
kettering-fc,Kettering FC,upsl,UPSL,amateur,M,Dayton,OH,39.7589,-84.1916,verified,1358,standings,,https://www.rankedxi.com/crests/upsl-kettering-fc.png
manu-ledesma-academy-ii,Manu Ledesma Academy II,upsl,UPSL,amateur,M,Cincinnati,OH,39.1013,-84.5127,verified,1350,standings,,https://www.rankedxi.com/crests/upsl-manu-ledesma-academy-ii.png
ohio-eagles-fc,Ohio Eagles FC,upsl,UPSL,amateur,M,Columbus,OH,39.9623,-83.0007,verified,1332,standings,,https://www.rankedxi.com/crests/upsl-ohio-eagles-fc.png
ohio-international-fc-ii,Ohio International FC II,upsl,UPSL,amateur,M,Columbus,OH,39.9623,-83.0007,verified,1309,standings,,https://www.rankedxi.com/crests/upsl-ohio-international-fc-ii.png
internacionales-cvsl,Internacionales CVSL,upsl,UPSL,amateur,M,Indio,CA,33.7193,-116.2188,verified,1394,standings,,https://www.rankedxi.com/crests/upsl-internacionales-cvsl.png
asc-antelope-valley-ii,ASC Antelope Valley II,upsl,UPSL,amateur,M,Palmdale,CA,34.5793,-118.1171,verified,1390,standings,,https://www.rankedxi.com/crests/upsl-asc-antelope-valley-ii.png
montclair-academy-fc-ii,Montclair Academy FC II,upsl,UPSL,amateur,M,Carson,CA,33.8322,-118.2518,verified,1373,standings,,https://www.rankedxi.com/crests/upsl-montclair-academy-fc-ii.png
independent-fc,Independent FC,upsl,UPSL,amateur,M,Norco,CA,33.9323,-117.5509,verified,1380,standings,,https://www.rankedxi.com/crests/upsl-independent-fc.png
ocelot-academy-iii,Ocelot Academy III,upsl,UPSL,amateur,M,San Bernardino,CA,34.8253,-116.0833,verified,1353,standings,,https://www.rankedxi.com/crests/upsl-ocelot-academy-iii.png
sporting-fontana,Sporting Fontana,upsl,UPSL,amateur,M,Fontana,CA,34.138,-117.434,verified,1348,standings,,https://www.rankedxi.com/crests/upsl-sporting-fontana.png
titans-fc,Titans FC,upsl,UPSL,amateur,M,Highland,CA,34.1121,-117.1808,verified,1317,standings,,https://www.rankedxi.com/crests/upsl-titans-fc.png
gauchos-intercontinental,Gauchos Intercontinental,upsl,UPSL,amateur,M,San Bernardino,CA,34.188,-117.571,verified,1304,standings,,https://www.rankedxi.com/crests/upsl-gauchos-intercontinental.png
flash-fc-ii,Flash FC II,upsl,UPSL,amateur,M,Tustin,CA,33.7459,-117.8262,verified,1299,standings,,https://www.rankedxi.com/crests/upsl-flash-fc-ii.png
pateadores-santa-clarita,Pateadores Santa Clarita,upsl,UPSL,amateur,M,Santa Clarita,CA,34.4128,-118.5538,verified,1411,standings,,https://www.rankedxi.com/crests/upsl-pateadores-santa-clarita.png
south-bay-strikers,South Bay Strikers,upsl,UPSL,amateur,M,Torrance,CA,33.8371,-118.3414,verified,1381,standings,https://southbaystrikers.com,https://www.rankedxi.com/crests/upsl-south-bay-strikers.png
pasadena-cali-soccer-club,Pasadena Cali Soccer Club,upsl,UPSL,amateur,M,Pasadena,CA,34.1477,-118.1442,verified,1379,standings,,https://www.rankedxi.com/crests/upsl-pasadena-cali-soccer-club.png
san-fernando-valley-fc-ii,San Fernando Valley FC II,upsl,UPSL,amateur,M,San Fernando,CA,34.285,-118.4377,verified,1361,standings,https://sfvfc.com/,https://www.rankedxi.com/crests/upsl-san-fernando-valley-fc-ii.png
a-s-los-angeles,A.S. Los Angeles,upsl,UPSL,amateur,M,Tujunga,CA,34.2522,-118.2884,verified,1361,standings,https://www.aslosangelesfc.com/,https://www.rankedxi.com/crests/upsl-a-s-los-angeles.png
academia-futbol-central-los-angeles,Academia Futbol Central Los Angeles,upsl,UPSL,amateur,M,Moreno Valley,CA,33.9375,-117.2306,verified,1319,standings,,https://www.rankedxi.com/crests/upsl-academia-futbol-central-los-angeles.png
oc-sporting-fc-white,OC Sporting FC White,upsl,UPSL,amateur,M,Mission Viejo,CA,33.5966,-117.6594,verified,1291,standings,,https://www.rankedxi.com/crests/upsl-oc-sporting-fc-white.png
southern-california-fc,Southern California FC,upsl,UPSL,amateur,M,Los Angeles,CA,34.0537,-118.2428,verified,1286,standings,,https://www.rankedxi.com/crests/upsl-southern-california-fc.png
ikon,IKON,upsl,UPSL,amateur,M,Irvine,CA,33.6857,-117.826,verified,1396,standings,https://ikonsoccer.com,https://www.rankedxi.com/crests/upsl-ikon.png
pateadores-oc,Pateadores OC,upsl,UPSL,amateur,M,Orange,CA,33.7506,-117.8722,verified,1397,standings,,https://www.rankedxi.com/crests/upsl-pateadores-oc.png
ocelot-academy-ii,Ocelot Academy II,upsl,UPSL,amateur,M,San Bernardino,CA,34.8253,-116.0833,verified,1385,standings,,https://www.rankedxi.com/crests/upsl-ocelot-academy-ii.png
autobahn-sc,Autobahn SC,upsl,UPSL,amateur,M,Santa Monica,CA,34.0195,-118.4912,verified,1380,standings,,https://www.rankedxi.com/crests/upsl-autobahn-sc.png
leopardos-naranjas-fc,Leopardos Naranjas FC,upsl,UPSL,amateur,M,Orange,CA,33.7506,-117.8722,verified,1349,standings,,https://www.rankedxi.com/crests/upsl-leopardos-naranjas-fc.png
fc-rockers,FC Rockers,upsl,UPSL,amateur,M,Irvine,CA,33.6857,-117.826,verified,1359,standings,,https://www.rankedxi.com/crests/upsl-fc-rockers.png
olympiacos-ca,Olympiacos CA,upsl,UPSL,amateur,M,Huntington Beach,CA,33.6783,-118,verified,1306,standings,,https://www.rankedxi.com/crests/upsl-olympiacos-ca.png
oc-sporting-fc-blue,OC Sporting FC Blue,upsl,UPSL,amateur,M,Mission Viejo,CA,33.5966,-117.6594,verified,1302,standings,,https://www.rankedxi.com/crests/upsl-oc-sporting-fc-blue.png
irvine-fc-ii,Irvine FC II,upsl,UPSL,amateur,M,Irvine,CA,33.686,-117.826,verified,1299,standings,,https://www.rankedxi.com/crests/upsl-irvine-fc-ii.png
mixtum-united,Mixtum United,upsl,UPSL,amateur,M,Killeen,TX,31.1171,-97.7278,verified,1402,standings,,https://www.rankedxi.com/crests/upsl-mixtum-united.png
stellar-football-club-ii,Stellar Football Club II,upsl,UPSL,amateur,M,Lakeway,TX,30.3645,-97.9875,verified,1402,standings,,https://www.rankedxi.com/crests/upsl-stellar-football-club-ii.png
atx-blues-ii,ATX Blues II,upsl,UPSL,amateur,M,Austin,TX,30.2711,-97.7437,verified,1327,standings,,https://www.rankedxi.com/crests/upsl-atx-blues-ii.png
centex-storm-sc,Centex Storm SC,upsl,UPSL,amateur,M,Temple,TX,31.0984,-97.343,verified,1320,standings,https://centexstorm.com,https://www.rankedxi.com/crests/upsl-centex-storm-sc.png
bell-county-fc,Bell County FC,upsl,UPSL,amateur,M,Belton,TX,31.056,-97.4645,verified,1306,standings,,https://www.rankedxi.com/crests/upsl-bell-county-fc.png
forza-laredos,Forza Laredos,upsl,UPSL,amateur,M,Laredo,TX,27.5079,-99.507,verified,1417,standings,,https://www.rankedxi.com/crests/upsl-forza-laredos.png
quickplay-fc,Quickplay FC,upsl,UPSL,amateur,M,San Antonio,TX,29.4246,-98.4951,verified,1387,standings,,https://www.rankedxi.com/crests/upsl-quickplay-fc.png
sa-athletic-fc-wolves-ii,SA Athletic FC Wolves II,upsl,UPSL,amateur,M,San Antonio,TX,29.4246,-98.4951,verified,1370,standings,,https://www.rankedxi.com/crests/upsl-sa-athletic-fc-wolves-ii.png
safc-academy-rl-red,SAFC Academy RL Red,upsl,UPSL,amateur,M,San Antonio,TX,29.4246,-98.4951,verified,1351,standings,,https://www.rankedxi.com/crests/upsl-safc-academy-rl-red.png
alpha-futbol-usa-ll,Alpha Futbol USA ll,upsl,UPSL,amateur,M,San Antonio,TX,29.4246,-98.4951,verified,1342,standings,,https://www.rankedxi.com/crests/upsl-alpha-futbol-usa-ll.png
safc-academy-rl-black,SAFC Academy RL Black,upsl,UPSL,amateur,M,San Antonio,TX,29.4246,-98.4951,verified,1312,standings,,https://www.rankedxi.com/crests/upsl-safc-academy-rl-black.png
hcysa-tejanos,HCYSA Tejanos,upsl,UPSL,amateur,M,Kerrville,TX,30.0485,-99.1399,verified,1257,standings,,https://www.rankedxi.com/crests/upsl-hcysa-tejanos.png
midcities-fc,Midcities FC,upsl,UPSL,amateur,M,Euless,TX,32.868,-97.069,verified,1389,standings,,https://www.rankedxi.com/crests/upsl-midcities-fc.png
allegiance-academy,Allegiance Academy,upsl,UPSL,amateur,M,Euless,TX,32.8371,-97.082,verified,1376,standings,https://www.allegianceacademy.com/,https://www.rankedxi.com/crests/upsl-allegiance-academy.png
inter-fort-worth-fc,Inter Fort Worth FC,upsl,UPSL,amateur,M,Fort Worth,TX,32.7532,-97.3327,verified,1373,standings,https://fcfortworth.sportzstudio.com/,https://www.rankedxi.com/crests/upsl-inter-fort-worth-fc.png
henderson-cavalry-fc,Henderson Cavalry FC,upsl,UPSL,amateur,M,Athens,TX,32.2044,-95.8549,verified,1358,standings,,https://www.rankedxi.com/crests/upsl-henderson-cavalry-fc.png
ice-fc-black-ice,Ice FC/Black Ice,upsl,UPSL,amateur,M,Dallas,TX,32.7763,-96.7969,verified,1338,standings,,https://www.rankedxi.com/crests/upsl-ice-fc-black-ice.png
cosmos-fc,Cosmos FC,upsl,UPSL,amateur,M,Fort Worth,TX,32.7532,-97.3327,verified,1338,standings,,https://www.rankedxi.com/crests/upsl-cosmos-fc.png
dksc-pro-ii,DKSC Pro II,upsl,UPSL,amateur,M,Dallas,TX,32.7763,-96.7969,verified,1284,standings,,https://www.rankedxi.com/crests/upsl-dksc-pro-ii.png
ntx-lions,NTX Lions,upsl,UPSL,amateur,M,Prosper,TX,33.2372,-96.7977,verified,1403,standings,,https://www.rankedxi.com/crests/upsl-ntx-lions.png
texas-spurs-fc-ii,Texas Spurs FC II,upsl,UPSL,amateur,M,Allen,TX,33.1032,-96.6706,verified,1394,standings,https://www.texasspursfc.com/,https://www.rankedxi.com/crests/upsl-texas-spurs-fc-ii.png
diversity-fc,Diversity FC,upsl,UPSL,amateur,M,Frisco,TX,33.1506,-96.8238,verified,1370,standings,,https://www.rankedxi.com/crests/upsl-diversity-fc.png
resolute-soccer-ii,Resolute Soccer II,upsl,UPSL,amateur,M,Celina,TX,33.3242,-96.7842,verified,1353,standings,,https://www.rankedxi.com/crests/upsl-resolute-soccer-ii.png
fc-allen,FC Allen,upsl,UPSL,amateur,M,Allen,TX,33.103,-96.671,verified,1343,standings,,https://www.rankedxi.com/crests/upsl-fc-allen.png
threat-football-club,Threat Football Club,upsl,UPSL,amateur,M,Dallas,TX,32.7763,-96.7969,verified,1324,standings,https://threatfc.org/,https://www.rankedxi.com/crests/upsl-threat-football-club.png
denton-diablos-estudiantes,Denton Diablos Estudiantes,upsl,UPSL,amateur,M,Denton,TX,33.1839,-97.1413,verified,1285,standings,,https://www.rankedxi.com/crests/upsl-denton-diablos-estudiantes.png
texas-international-fc,Texas International FC,upsl,UPSL,amateur,M,Houston,TX,29.7589,-95.3677,verified,1408,standings,https://texasinter.sportzstudio.com/,https://www.rankedxi.com/crests/upsl-texas-international-fc.png
crossbar-elite-fc,Crossbar Elite FC,upsl,UPSL,amateur,M,Houston,TX,29.7589,-95.3677,verified,1385,standings,,https://www.rankedxi.com/crests/upsl-crossbar-elite-fc.png
gfi-academy-south-u19,GFI Academy South U19,upsl,UPSL,amateur,M,Houston,TX,29.7589,-95.3677,verified,1367,standings,,https://www.rankedxi.com/crests/upsl-gfi-academy-south-u19.png
svd-beaumont-ii,SVD Beaumont II,upsl,UPSL,amateur,M,Beaumont,TX,30.0829,-94.0984,verified,1347,standings,,https://www.rankedxi.com/crests/upsl-svd-beaumont-ii.png
houston-fc-ii,Houston FC II,upsl,UPSL,amateur,M,Houston,TX,29.759,-95.368,verified,1329,standings,,https://www.rankedxi.com/crests/upsl-houston-fc-ii.png
north-houston-fc,North Houston FC,upsl,UPSL,amateur,M,Hockley,TX,33.5714,-102.311,verified,1322,standings,https://www.northhoustonfc.com/,https://www.rankedxi.com/crests/upsl-north-houston-fc.png
katy-jaguars-fc-ii,Katy Jaguars FC II,upsl,UPSL,amateur,M,Katy,TX,29.7858,-95.8244,verified,1305,standings,,https://www.rankedxi.com/crests/upsl-katy-jaguars-fc-ii.png
strangers-united-fc,Strangers United FC,upsl,UPSL,amateur,M,Bellevue,WA,47.6144,-122.1923,verified,1401,standings,https://www.strangersunitedfc.com/,https://www.rankedxi.com/crests/upsl-strangers-united-fc.png
sammamish-fc,Sammamish FC,upsl,UPSL,amateur,M,Sammamish,WA,47.602,-122.042,verified,1401,standings,,https://www.rankedxi.com/crests/upsl-sammamish-fc.png
holac-fc-academy,Holac FC Academy,upsl,UPSL,amateur,M,Seattle,WA,47.6038,-122.3301,verified,1380,standings,,https://www.rankedxi.com/crests/upsl-holac-fc-academy.png
bellevue-athletic-ii,Bellevue Athletic II,upsl,UPSL,amateur,M,Bellevue,WA,47.614,-122.192,verified,1368,standings,https://bellevueathletic.com,https://www.rankedxi.com/crests/upsl-bellevue-athletic-ii.png
seagam-ii,Seagam II,upsl,UPSL,amateur,M,Shoreline,WA,47.7565,-122.3437,verified,1366,standings,,https://www.rankedxi.com/crests/upsl-seagam-ii.png
united-sports-fc-ii,United Sports FC II,upsl,UPSL,amateur,M,Bellevue,WA,47.6144,-122.1923,verified,1345,standings,https://unitedsports.net,https://www.rankedxi.com/crests/upsl-united-sports-fc-ii.png
everett-fc,Everett FC,upsl,UPSL,amateur,M,Everett,WA,47.979,-122.213,verified,1336,standings,,https://www.rankedxi.com/crests/upsl-everett-fc.png
thurston-county-sa-ii,Thurston County SA II,upsl,UPSL,amateur,M,Olympia,WA,47.0451,-122.895,verified,1326,standings,,https://www.rankedxi.com/crests/upsl-thurston-county-sa-ii.png
new-northerners-football-club,New Northerners Football Club,upsl,UPSL,amateur,M,Mountlake Terrace,WA,47.791,-122.3066,verified,1302,standings,https://www.newnorthernersfootballclub.org/,https://www.rankedxi.com/crests/upsl-new-northerners-football-club.png
rayados-soccer-academy-northwest,Rayados Soccer Academy - Northwest,upsl,UPSL,amateur,M,Issaquah,WA,47.5349,-122.0433,verified,1282,standings,,https://www.rankedxi.com/crests/upsl-rayados-soccer-academy-northwest.png
soaring-capital-sc,Soaring Capital SC,upsl,UPSL,amateur,M,Elmira,NY,42.0898,-76.8077,verified,1411,standings,,https://www.rankedxi.com/crests/upsl-soaring-capital-sc.png
silver-city-sharks-fc,Silver City Sharks FC,upsl,UPSL,amateur,M,Sherrill,NY,43.0739,-75.5983,verified,1375,standings,,https://www.rankedxi.com/crests/upsl-silver-city-sharks-fc.png
soaring-capital-sc-ii,Soaring Capital SC II,upsl,UPSL,amateur,M,Elmira,NY,42.0898,-76.8077,verified,1344,standings,,https://www.rankedxi.com/crests/upsl-soaring-capital-sc-ii.png
nfc-ii,NFC II,upsl,UPSL,amateur,M,Auburn,NY,42.932,-76.5672,verified,1322,standings,,https://www.rankedxi.com/crests/upsl-nfc-ii.png
tanganyika-fc,Tanganyika FC,upsl,UPSL,amateur,M,Buffalo,NY,42.8864,-78.8781,verified,1283,standings,,https://www.rankedxi.com/crests/upsl-tanganyika-fc.png
new-york-dash-fc,New York Dash FC,upsl,UPSL,amateur,M,College Point,NY,40.7876,-73.846,verified,1405,standings,,https://www.rankedxi.com/crests/upsl-new-york-dash-fc.png
amigos-fc-new-york,Amigos FC New York,upsl,UPSL,amateur,M,Huntington Station,NY,40.8472,-73.4036,verified,1380,standings,,https://www.rankedxi.com/crests/upsl-amigos-fc-new-york.png
ny-renegades-fc-u23,NY Renegades FC U23,upsl,UPSL,amateur,M,Hicksville,NY,40.7695,-73.5293,verified,1380,standings,,https://www.rankedxi.com/crests/upsl-ny-renegades-fc-u23.png
whitestone-fc,Whitestone FC,upsl,UPSL,amateur,M,Queens,NY,40.7135,-73.8283,verified,1355,standings,https://whitestonefc.com,https://www.rankedxi.com/crests/upsl-whitestone-fc.png
afc-academy-ii,AFC Academy II,upsl,UPSL,amateur,M,New York,NY,40.7127,-74.006,verified,1345,standings,,https://www.rankedxi.com/crests/upsl-afc-academy-ii.png
osners-fc-iii,OSNER'S FC III,upsl,UPSL,amateur,M,Brooklyn,NY,40.6526,-73.9497,verified,1317,standings,https://www.osnersfc.com/,https://www.rankedxi.com/crests/upsl-osners-fc-iii.png
ucfsc-warriors-iii,UCFSC Warriors III,upsl,UPSL,amateur,M,Rahway,NJ,40.6082,-74.2776,verified,1308,standings,,https://www.rankedxi.com/crests/upsl-ucfsc-warriors-iii.png
northeast-pa-fc-ii,Northeast PA FC II,upsl,UPSL,amateur,M,Scranton,PA,41.4087,-75.6621,verified,1306,standings,https://www.northeastpafc.com/,https://www.rankedxi.com/crests/upsl-northeast-pa-fc-ii.png
river-miami-fc,River Miami FC,upsl,UPSL,amateur,M,Hollywood,FL,26.0112,-80.1495,verified,1407,standings,https://rivermiamifc.us,https://www.rankedxi.com/crests/upsl-river-miami-fc.png
united-stars-academy,United Stars Academy,upsl,UPSL,amateur,M,Miami,FL,25.7742,-80.1936,verified,1400,standings,,https://www.rankedxi.com/crests/upsl-united-stars-academy.png
fort-training-academy,Fort Training Academy,upsl,UPSL,amateur,M,Miami,FL,25.7742,-80.1936,verified,1372,standings,,https://www.rankedxi.com/crests/upsl-fort-training-academy.png
penarol-miami-fc,Penarol Miami FC,upsl,UPSL,amateur,M,Hollywood,FL,26.0112,-80.1495,verified,1373,standings,,https://www.rankedxi.com/crests/upsl-penarol-miami-fc.png
psl-hurricanes-fc,PSL Hurricanes FC,upsl,UPSL,amateur,M,Port St. Lucie,FL,27.2939,-80.3503,verified,1374,standings,,https://www.rankedxi.com/crests/upsl-psl-hurricanes-fc.png
futsoc,FUTSOC,upsl,UPSL,amateur,M,Weston,FL,26.1003,-80.3995,verified,1369,standings,,https://www.rankedxi.com/crests/upsl-futsoc.png
havana-fc,Havana FC,upsl,UPSL,amateur,M,Miami,FL,25.7742,-80.1936,verified,1347,standings,,https://www.rankedxi.com/crests/upsl-havana-fc.png
florida-wolves-fc-ii,Florida Wolves FC II,upsl,UPSL,amateur,M,Broward,FL,26.1598,-80.4624,verified,1341,standings,,https://www.rankedxi.com/crests/upsl-florida-wolves-fc-ii.png
alianza-miami,Alianza Miami,upsl,UPSL,amateur,M,Hallandale,FL,25.9812,-80.1484,verified,1338,standings,,https://www.rankedxi.com/crests/upsl-alianza-miami.png
asa-reserva,ASA RESERVA,upsl,UPSL,amateur,M,Miami,FL,25.7742,-80.1936,verified,1328,standings,,https://www.rankedxi.com/crests/upsl-asa-reserva.png
ives-estates-thunder-sc,Ives Estates Thunder SC,upsl,UPSL,amateur,M,Aventura,FL,25.9565,-80.1392,verified,1311,standings,,https://www.rankedxi.com/crests/upsl-ives-estates-thunder-sc.png
deportivo-colonia,Deportivo Colonia,upsl,UPSL,amateur,M,Miami,FL,25.7742,-80.1936,verified,1299,standings,https://deportivocolonia.com.uy/,https://www.rankedxi.com/crests/upsl-deportivo-colonia.png
milan-de-miami-fc,Milan De Miami FC,upsl,UPSL,amateur,M,Miami,FL,25.799,-80.2,verified,1299,standings,,https://www.rankedxi.com/crests/upsl-milan-de-miami-fc.png
st-croix-sc-ii,St. Croix SC II,upsl,UPSL,amateur,M,Stillwater,MN,45.0559,-92.8076,verified,1411,standings,,https://www.rankedxi.com/crests/upsl-st-croix-sc-ii.png
tonka-united,Tonka United,upsl,UPSL,amateur,M,Minnetonka,MN,44.9405,-93.4639,verified,1396,standings,https://www.tonkaunited.org/,https://www.rankedxi.com/crests/upsl-tonka-united.png
willmar-fc,Willmar FC,upsl,UPSL,amateur,M,Willmar,MN,45.122,-95.044,verified,1376,standings,,https://www.rankedxi.com/crests/upsl-willmar-fc.png
1826-academy-2,1826 Academy 2,upsl,UPSL,amateur,M,Minneapolis,MN,44.9773,-93.2655,verified,1373,standings,,https://www.rankedxi.com/crests/upsl-1826-academy-2.png
manitou-fc-ii,Manitou FC II,upsl,UPSL,amateur,M,White Bear Lake,MN,45.0838,-93.0069,verified,1360,standings,,https://www.rankedxi.com/crests/upsl-manitou-fc-ii.png
vlora-fc-3,Vlora FC 3,upsl,UPSL,amateur,M,Burnsville,MN,44.7671,-93.2774,verified,1346,standings,,https://www.rankedxi.com/crests/upsl-vlora-fc-3.png
dakota-sc-ii,Dakota SC II,upsl,UPSL,amateur,M,South St. Paul,MN,44.8907,-93.0373,verified,1312,standings,https://dakotasoccerclub.org/,https://www.rankedxi.com/crests/upsl-dakota-sc-ii.png
njp-fc,NJP FC,upsl,UPSL,amateur,M,Minneapolis,MN,44.9773,-93.2655,verified,1306,standings,,https://www.rankedxi.com/crests/upsl-njp-fc.png
skills-fc-2,Skills FC 2,upsl,UPSL,amateur,M,Burnsville,MN,44.7671,-93.2774,verified,1294,standings,https://www.skillsfc.org/,https://www.rankedxi.com/crests/upsl-skills-fc-2.png
texas-havoc-fc,Inter Nova Havoc FC,upsl,UPSL,amateur,M,Roanoke,TX,33.004,-97.2258,verified,1417,standings,https://texashavocfc.com,https://www.rankedxi.com/crests/upsl-texas-havoc-fc.png
faith-family-academy,Faith Family Academy,upsl,UPSL,amateur,M,Dallas,TX,32.7763,-96.7969,verified,1394,standings,,https://www.rankedxi.com/crests/upsl-faith-family-academy.png
futbol-fever,Futbol Fever,upsl,UPSL,amateur,M,Dallas,TX,32.7763,-96.7969,verified,1388,standings,,https://www.rankedxi.com/crests/upsl-futbol-fever.png
allegiance-academy-ii,Allegiance Academy II,upsl,UPSL,amateur,M,Euless,TX,32.8371,-97.082,verified,1383,standings,,https://www.rankedxi.com/crests/upsl-allegiance-academy-ii.png
crystal-legacy-fc,Crystal Legacy FC,upsl,UPSL,amateur,M,Plano,TX,33.0137,-96.6925,verified,1376,standings,,https://www.rankedxi.com/crests/upsl-crystal-legacy-fc.png
diversity-fc-ii,Diversity FC II,upsl,UPSL,amateur,M,Frisco,TX,33.1506,-96.8238,verified,1364,standings,,https://www.rankedxi.com/crests/upsl-diversity-fc-ii.png
midcities-fc-ii,Midcities FC II,upsl,UPSL,amateur,M,Euless,TX,32.868,-97.069,verified,1344,standings,,https://www.rankedxi.com/crests/upsl-midcities-fc-ii.png
dksc-futuro,DKSC Futuro,upsl,UPSL,amateur,M,Dallas,TX,32.7763,-96.7969,verified,1326,standings,,https://www.rankedxi.com/crests/upsl-dksc-futuro.png
texas-spurs-fc-futures,Texas Spurs FC Futures,upsl,UPSL,amateur,M,Allen,TX,33.1032,-96.6706,verified,1310,standings,,https://www.rankedxi.com/crests/upsl-texas-spurs-fc-futures.png
ice-fc-blue-ice,Ice FC/Blue ICE,upsl,UPSL,amateur,M,Dallas,TX,32.7763,-96.7969,verified,1291,standings,,https://www.rankedxi.com/crests/upsl-ice-fc-blue-ice.png
denton-diablos-dos,Denton Diablos DOS,upsl,UPSL,amateur,M,Denton,TX,33.1839,-97.1413,verified,1285,standings,,https://www.rankedxi.com/crests/upsl-denton-diablos-dos.png
university-at-albany-great-danes,University at Albany Great Danes,ncaa1,NCAA Division I,college,M,Albany,NY,42.651,-73.755,verified,1463,results_model,https://ualbanysports.com/,https://www.rankedxi.com/crests/ncaa1-university-at-albany-great-danes.png
binghamton-university-bearcats,Binghamton University Bearcats,ncaa1,NCAA Division I,college,M,Binghamton,NY,42.099,-75.913,verified,1429,results_model,,https://www.rankedxi.com/crests/ncaa1-binghamton-university-bearcats.png
bryant-university-bulldogs,Bryant University Bulldogs,ncaa1,NCAA Division I,college,M,Smithfield,RI,41.922,-71.55,verified,1550,results_model,,https://www.rankedxi.com/crests/ncaa1-bryant-university-bulldogs.png
university-of-new-hampshire-wildcats,University of New Hampshire Wildcats,ncaa1,NCAA Division I,college,M,Durham,NH,43.121,-70.918,verified,1507,results_model,,https://www.rankedxi.com/crests/ncaa1-university-of-new-hampshire-wildcats.png
new-jersey-institute-of-technology-highlanders,New Jersey Institute of Technology Highlanders,ncaa1,NCAA Division I,college,M,Newark,NJ,40.736,-74.172,verified,1459,results_model,https://www.njit.edu/,https://www.rankedxi.com/crests/ncaa1-new-jersey-institute-of-technology-highlanders.png
university-of-massachusetts-lowell-river-hawks,University of Massachusetts Lowell River Hawks,ncaa1,NCAA Division I,college,M,Lowell,MA,42.641,-71.309,verified,1453,results_model,https://www.uml.edu,https://www.rankedxi.com/crests/ncaa1-university-of-massachusetts-lowell-river-hawks.png
university-of-maryland-baltimore-county-retrievers,"University of Maryland, Baltimore County Retrievers",ncaa1,NCAA Division I,college,M,Baltimore,MD,39.261,-76.746,verified,1477,results_model,http://www.umaryland.edu,https://www.rankedxi.com/crests/ncaa1-university-of-maryland-baltimore-county-retrievers.png
university-of-vermont-catamounts,University of Vermont Catamounts,ncaa1,NCAA Division I,college,M,Burlington,VT,44.476,-73.213,verified,1570,results_model,https://uvmathletics.com/index.aspx?path=mbball,https://www.rankedxi.com/crests/ncaa1-university-of-vermont-catamounts.png
university-of-north-carolina-at-charlotte-49ers,University of North Carolina at Charlotte 49ers,ncaa1,NCAA Division I,college,M,Charlotte,NC,35.227,-80.843,verified,1554,results_model,,https://www.rankedxi.com/crests/ncaa1-university-of-north-carolina-at-charlotte-49ers.png
florida-atlantic-university-owls,Florida Atlantic University Owls,ncaa1,NCAA Division I,college,M,Boca Raton,FL,26.359,-80.083,verified,1533,results_model,http://www.fau.edu/,https://www.rankedxi.com/crests/ncaa1-florida-atlantic-university-owls.png
florida-international-university-panthers,Florida International University Panthers,ncaa1,NCAA Division I,college,M,Miami,FL,25.774,-80.194,verified,1526,results_model,https://www.fiu.edu/,https://www.rankedxi.com/crests/ncaa1-florida-international-university-panthers.png
university-of-memphis-tigers,University of Memphis Tigers,ncaa1,NCAA Division I,college,M,Memphis,TN,35.146,-90.052,verified,1487,results_model,,https://www.rankedxi.com/crests/ncaa1-university-of-memphis-tigers.png
missouri-state-university-bears,Missouri State University Bears,ncaa1,NCAA Division I,college,M,Springfield,MO,37.208,-93.292,verified,1537,results_model,http://www.missouristate.edu,https://www.rankedxi.com/crests/ncaa1-missouri-state-university-bears.png
university-of-south-florida-bulls,University of South Florida Bulls,ncaa1,NCAA Division I,college,M,Tampa,FL,27.945,-82.458,verified,1516,results_model,http://www.gousfbulls.com,https://www.rankedxi.com/crests/ncaa1-university-of-south-florida-bulls.png
temple-university-owls,Temple University Owls,ncaa1,NCAA Division I,college,M,Philadelphia,PA,39.953,-75.164,verified,1443,results_model,https://owlsports.com/index.aspx?path=mbball,https://www.rankedxi.com/crests/ncaa1-temple-university-owls.png
university-of-tulsa-golden-hurricane,University of Tulsa Golden Hurricane,ncaa1,NCAA Division I,college,M,Tulsa,OK,36.156,-95.993,verified,1489,results_model,https://utulsa.edu,https://www.rankedxi.com/crests/ncaa1-university-of-tulsa-golden-hurricane.png
university-of-alabama-at-birmingham-blazers,University of Alabama at Birmingham Blazers,ncaa1,NCAA Division I,college,M,Birmingham,AL,33.521,-86.802,verified,1485,results_model,,https://www.rankedxi.com/crests/ncaa1-university-of-alabama-at-birmingham-blazers.png
davidson-college-wildcats,Davidson College Wildcats,ncaa1,NCAA Division I,college,M,Davidson,NC,35.79,-80.212,verified,1499,results_model,http://www.davidsonwildcats.com/index.aspx?path=mbball,https://www.rankedxi.com/crests/ncaa1-davidson-college-wildcats.png
university-of-dayton-flyers,University of Dayton Flyers,ncaa1,NCAA Division I,college,M,Dayton,OH,39.759,-84.192,verified,1529,results_model,https://daytonflyers.com/,https://www.rankedxi.com/crests/ncaa1-university-of-dayton-flyers.png
duquesne-university-dukes,Duquesne University Dukes,ncaa1,NCAA Division I,college,M,Pittsburgh,PA,40.441,-80.003,verified,1466,results_model,https://goduquesne.com/,https://www.rankedxi.com/crests/ncaa1-duquesne-university-dukes.png
fordham-university-rams,Fordham University Rams,ncaa1,NCAA Division I,college,M,New York,NY,40.847,-73.879,verified,1505,results_model,https://fordhamsports.com/,https://www.rankedxi.com/crests/ncaa1-fordham-university-rams.png
george-mason-university-patriots,George Mason University Patriots,ncaa1,NCAA Division I,college,M,Fairfax,VA,38.846,-77.306,verified,1495,results_model,https://www.gmu.edu/,https://www.rankedxi.com/crests/ncaa1-george-mason-university-patriots.png
la-salle-university-explorers,La Salle University Explorers,ncaa1,NCAA Division I,college,M,Philadelphia,PA,39.953,-75.164,verified,1456,results_model,http://www.lasalle.edu,https://www.rankedxi.com/crests/ncaa1-la-salle-university-explorers.png
loyola-university-chicago-ramblers,Loyola University Chicago Ramblers,ncaa1,NCAA Division I,college,M,Chicago,IL,41.876,-87.624,verified,1469,results_model,http://www.loyolaramblers.com/,https://www.rankedxi.com/crests/ncaa1-loyola-university-chicago-ramblers.png
university-of-rhode-island-rams,University of Rhode Island Rams,ncaa1,NCAA Division I,college,M,South Kingstown,RI,41.473,-71.522,verified,1472,results_model,https://www.uri.edu/,https://www.rankedxi.com/crests/ncaa1-university-of-rhode-island-rams.png
st-bonaventure-university-bonnies,St. Bonaventure University Bonnies,ncaa1,NCAA Division I,college,M,Allegany,NY,42.08,-78.477,verified,1422,results_model,http://gobonnies.sbu.edu/sports/m-baskbl/index,https://www.rankedxi.com/crests/ncaa1-st-bonaventure-university-bonnies.png
saint-josephs-university-hawks,Saint Joseph's University Hawks,ncaa1,NCAA Division I,college,M,Philadelphia,PA,39.953,-75.164,verified,1449,results_model,http://www.saintjoe.edu,https://www.rankedxi.com/crests/ncaa1-saint-joseph-s-university-hawks.png
saint-louis-university-billikens,Saint Louis University Billikens,ncaa1,NCAA Division I,college,M,Saint Louis,MO,38.625,-90.19,verified,1546,results_model,https://slubillikens.com/sports/mens-basketball,https://www.rankedxi.com/crests/ncaa1-saint-louis-university-billikens.png
virginia-commonwealth-university-rams,Virginia Commonwealth University Rams,ncaa1,NCAA Division I,college,M,Richmond,VA,37.539,-77.434,verified,1514,results_model,http://www.vcu.edu/,https://www.rankedxi.com/crests/ncaa1-virginia-commonwealth-university-rams.png
boston-college-eagles,Boston College Eagles,ncaa1,NCAA Division I,college,M,Newton,MA,42.33,-71.195,verified,1503,results_model,http://bceagles.com/index.aspx?path=mbball,https://www.rankedxi.com/crests/ncaa1-boston-college-eagles.png
university-of-california-berkeley-golden-bears,"University of California, Berkeley Golden Bears",ncaa1,NCAA Division I,college,M,Berkeley,CA,37.871,-122.273,verified,1547,results_model,https://calbears.com/,https://www.rankedxi.com/crests/ncaa1-university-of-california-berkeley-golden-bears.png
clemson-university-tigers,Clemson University Tigers,ncaa1,NCAA Division I,college,M,Clemson,SC,34.685,-82.836,verified,1574,results_model,https://clemsontigers.com/,https://www.rankedxi.com/crests/ncaa1-clemson-university-tigers.png
duke-university-blue-devils,Duke University Blue Devils,ncaa1,NCAA Division I,college,M,Durham,NC,35.997,-78.902,verified,1577,results_model,https://goduke.com,https://www.rankedxi.com/crests/ncaa1-duke-university-blue-devils.png
university-of-louisville-cardinals,University of Louisville Cardinals,ncaa1,NCAA Division I,college,M,Louisville,KY,38.254,-85.759,verified,1532,results_model,https://gocards.com/,https://www.rankedxi.com/crests/ncaa1-university-of-louisville-cardinals.png
north-carolina-state-university-wolfpack,North Carolina State University Wolfpack,ncaa1,NCAA Division I,college,M,Raleigh,NC,35.78,-78.639,verified,1599,results_model,https://gopack.com,https://www.rankedxi.com/crests/ncaa1-north-carolina-state-university-wolfpack.png
university-of-north-carolina-at-chapel-hill-tar-heels,University of North Carolina at Chapel Hill Tar Heels,ncaa1,NCAA Division I,college,M,Chapel Hill,NC,35.913,-79.056,verified,1573,results_model,http://www.goheels.com,https://www.rankedxi.com/crests/ncaa1-university-of-north-carolina-at-chapel-hill-tar-heels.png
university-of-notre-dame-fighting-irish,University of Notre Dame Fighting Irish,ncaa1,NCAA Division I,college,M,Saint Joseph,IN,41.705,-86.238,verified,1546,results_model,http://www.und.com/,https://www.rankedxi.com/crests/ncaa1-university-of-notre-dame-fighting-irish.png
university-of-pittsburgh-panthers,University of Pittsburgh Panthers,ncaa1,NCAA Division I,college,M,Pittsburgh,PA,40.441,-80.003,verified,1552,results_model,,https://www.rankedxi.com/crests/ncaa1-university-of-pittsburgh-panthers.png
southern-methodist-university-mustangs,Southern Methodist University Mustangs,ncaa1,NCAA Division I,college,M,Dallas,TX,32.776,-96.797,verified,1571,results_model,https://www.smu.edu/,https://www.rankedxi.com/crests/ncaa1-southern-methodist-university-mustangs.png
stanford-university-cardinal,Stanford University Cardinal,ncaa1,NCAA Division I,college,M,Santa Clara,CA,37.427,-122.17,verified,1590,results_model,http://www.gostanford.com,https://www.rankedxi.com/crests/ncaa1-stanford-university-cardinal.png
syracuse-university-orange,Syracuse University Orange,ncaa1,NCAA Division I,college,M,Syracuse,NY,43.048,-76.147,verified,1537,results_model,https://cuse.com,https://www.rankedxi.com/crests/ncaa1-syracuse-university-orange.png
university-of-virginia-cavaliers,University of Virginia Cavaliers,ncaa1,NCAA Division I,college,M,Charlottesville,VA,38.029,-78.477,verified,1571,results_model,https://virginiasports.com/,https://www.rankedxi.com/crests/ncaa1-university-of-virginia-cavaliers.png
virginia-polytechnic-instituteand-state-university-hokies,Virginia Polytechnic Institute and State University Hokies,ncaa1,NCAA Division I,college,M,Blacksburg,VA,37.23,-80.414,verified,1533,results_model,,https://www.rankedxi.com/crests/ncaa1-virginia-polytechnic-institute-and-state-university-hokies.png
wake-forest-university-demon-deacons,Wake Forest University Demon Deacons,ncaa1,NCAA Division I,college,M,Winston-Salem,NC,36.1,-80.244,verified,1560,results_model,http://www.wakeforestsports.com/,https://www.rankedxi.com/crests/ncaa1-wake-forest-university-demon-deacons.png
bellarmine-university-knights,Bellarmine University Knights,ncaa1,NCAA Division I,college,M,Louisville,KY,38.254,-85.759,verified,1489,results_model,,https://www.rankedxi.com/crests/ncaa1-bellarmine-university-knights.png
university-of-central-arkansas-bears,University of Central Arkansas Bears,ncaa1,NCAA Division I,college,M,Conway,AR,35.089,-92.44,verified,1463,results_model,,https://www.rankedxi.com/crests/ncaa1-university-of-central-arkansas-bears.png
florida-gulf-coast-university-eagles,Florida Gulf Coast University Eagles,ncaa1,NCAA Division I,college,M,Fort Myers,FL,26.641,-81.872,verified,1492,results_model,http://www.fgcu.edu,https://www.rankedxi.com/crests/ncaa1-florida-gulf-coast-university-eagles.png
jacksonville-university-dolphins,Jacksonville University Dolphins,ncaa1,NCAA Division I,college,M,Jacksonville,FL,30.326,-81.658,verified,1490,results_model,https://judolphins.com/,https://www.rankedxi.com/crests/ncaa1-jacksonville-university-dolphins.png
lipscomb-university-bisons,Lipscomb University Bisons,ncaa1,NCAA Division I,college,M,Nashville,TN,36.162,-86.774,verified,1460,results_model,http://www.lipscombsports.com/mbasketball/,https://www.rankedxi.com/crests/ncaa1-lipscomb-university-bisons.png
university-of-north-florida-ospreys,University of North Florida Ospreys,ncaa1,NCAA Division I,college,M,Jacksonville,FL,30.326,-81.658,verified,1507,results_model,https://unfospreys.com/,https://www.rankedxi.com/crests/ncaa1-university-of-north-florida-ospreys.png
queens-university-of-charlotte-queens-royals,Queens University of Charlotte[Queens] Royals,ncaa1,NCAA Division I,college,M,Charlotte,NC,35.227,-80.843,verified,1456,results_model,https://queensathletics.com/,https://www.rankedxi.com/crests/ncaa1-queens-university-of-charlotte-queens-royals.png
stetson-university-hatters,Stetson University Hatters,ncaa1,NCAA Division I,college,M,DeLand,FL,29.028,-81.303,verified,1477,results_model,https://gohatters.com/,https://www.rankedxi.com/crests/ncaa1-stetson-university-hatters.png
university-of-west-florida-91-k-93-argonauts,University of West Florida Argonauts,ncaa1,NCAA Division I,college,M,Pensacola,FL,30.421,-87.217,verified,,,https://goargos.com/,https://www.rankedxi.com/crests/ncaa1-university-of-west-florida-argonauts.png
university-of-akron-zips,University of Akron Zips,ncaa1,NCAA Division I,college,M,Akron,OH,41.083,-81.518,verified,1567,results_model,https://gozips.com/,https://www.rankedxi.com/crests/ncaa1-university-of-akron-zips.png
butler-university-bulldogs,Butler University Bulldogs,ncaa1,NCAA Division I,college,M,Indianapolis,IN,39.768,-86.158,verified,1462,results_model,https://butlersports.com/sports/mens-basketball,https://www.rankedxi.com/crests/ncaa1-butler-university-bulldogs.png
creighton-university-bluejays,Creighton University Bluejays,ncaa1,NCAA Division I,college,M,Omaha,NE,41.259,-95.938,verified,1533,results_model,,https://www.rankedxi.com/crests/ncaa1-creighton-university-bluejays.png
depaul-university-blue-demons,DePaul University Blue Demons,ncaa1,NCAA Division I,college,M,Chicago,IL,41.876,-87.624,verified,1453,results_model,http://www.depaul.edu,https://www.rankedxi.com/crests/ncaa1-depaul-university-blue-demons.png
marquette-university-golden-eagles,Marquette University Golden Eagles,ncaa1,NCAA Division I,college,M,Milwaukee,WI,43.039,-87.909,verified,1486,results_model,https://www.marquette.edu/,https://www.rankedxi.com/crests/ncaa1-marquette-university-golden-eagles.png
providence-college-friars,Providence College Friars,ncaa1,NCAA Division I,college,M,Providence,RI,41.824,-71.413,verified,1530,results_model,https://friars.com/sports/womens-basketball,https://www.rankedxi.com/crests/ncaa1-providence-college-friars.png
st-johns-university-red-storm,St. John's University Red Storm,ncaa1,NCAA Division I,college,M,New York,NY,40.714,-73.828,verified,1529,results_model,,https://www.rankedxi.com/crests/ncaa1-st-john-s-university-red-storm.png
seton-hall-university-pirates,Seton Hall University Pirates,ncaa1,NCAA Division I,college,M,South Orange,NJ,40.747,-74.264,verified,1547,results_model,https://shupirates.com/sports/mens-basketball,https://www.rankedxi.com/crests/ncaa1-seton-hall-university-pirates.png
university-of-connecticut-huskies,University of Connecticut Huskies,ncaa1,NCAA Division I,college,M,Mansfield,CT,41.809,-72.251,verified,1534,results_model,,https://www.rankedxi.com/crests/ncaa1-university-of-connecticut-huskies.png
villanova-university-wildcats,Villanova University Wildcats,ncaa1,NCAA Division I,college,M,Lower Merion,PA,40.039,-75.329,verified,1479,results_model,https://villanova.com/sports/mens-basketball,https://www.rankedxi.com/crests/ncaa1-villanova-university-wildcats.png
xavier-university-musketeers,Xavier University Musketeers,ncaa1,NCAA Division I,college,M,Cincinnati,OH,39.101,-84.513,verified,1500,results_model,,https://www.rankedxi.com/crests/ncaa1-xavier-university-musketeers.png
gardnerwebb-university-runnin-bulldogs,Gardner–Webb University Runnin' Bulldogs,ncaa1,NCAA Division I,college,M,Boiling Springs,NC,35.254,-81.667,verified,1516,results_model,https://gwusports.com/index.aspx?path=mbball,https://www.rankedxi.com/crests/ncaa1-gardnerwebb-university-runnin-bulldogs.png
high-point-university-panthers,High Point University Panthers,ncaa1,NCAA Division I,college,M,High Point,NC,35.956,-80.005,verified,1564,results_model,https://www.highpoint.edu,https://www.rankedxi.com/crests/ncaa1-high-point-university-panthers.png
longwood-university-lancers,Longwood University Lancers,ncaa1,NCAA Division I,college,M,Farmville,VA,37.302,-78.392,verified,1418,results_model,https://longwoodlancers.com/,https://www.rankedxi.com/crests/ncaa1-longwood-university-lancers.png
presbyterian-college-blue-hose,Presbyterian College Blue Hose,ncaa1,NCAA Division I,college,M,Clinton,SC,34.473,-81.881,verified,1443,results_model,http://www.presby.edu,https://www.rankedxi.com/crests/ncaa1-presbyterian-college-blue-hose.png
radford-university-highlanders,Radford University Highlanders,ncaa1,NCAA Division I,college,M,Radford,VA,37.134,-80.575,verified,1403,results_model,http://radfordathletics.com/index.aspx?path=mbball&tab=0,https://www.rankedxi.com/crests/ncaa1-radford-university-highlanders.png
university-of-north-carolina-at-asheville-bulldogs,University of North Carolina at Asheville Bulldogs,ncaa1,NCAA Division I,college,M,Asheville,NC,35.595,-82.551,verified,1459,results_model,,https://www.rankedxi.com/crests/ncaa1-university-of-north-carolina-at-asheville-bulldogs.png
university-of-south-carolina-upstate-spartans,University of South Carolina Upstate Spartans,ncaa1,NCAA Division I,college,M,Spartanburg,SC,34.95,-81.932,verified,1432,results_model,,https://www.rankedxi.com/crests/ncaa1-university-of-south-carolina-upstate-spartans.png
winthrop-university-eagles,Winthrop University Eagles,ncaa1,NCAA Division I,college,M,Rock Hill,SC,34.925,-81.025,verified,1399,results_model,,https://www.rankedxi.com/crests/ncaa1-winthrop-university-eagles.png
indiana-university-bloomington-hoosiers,Indiana University Bloomington Hoosiers,ncaa1,NCAA Division I,college,M,Bloomington,IN,39.167,-86.534,verified,1570,results_model,https://iuhoosiers.com/,https://www.rankedxi.com/crests/ncaa1-indiana-university-bloomington-hoosiers.png
university-of-maryland-college-park-terrapins,"University of Maryland, College Park Terrapins",ncaa1,NCAA Division I,college,M,College Park,MD,38.981,-76.937,verified,1580,results_model,https://umd.edu,https://www.rankedxi.com/crests/ncaa1-university-of-maryland-college-park-terrapins.png
university-of-michigan-wolverines,University of Michigan Wolverines,ncaa1,NCAA Division I,college,M,Ann Arbor,MI,42.281,-83.748,verified,1553,results_model,https://mgoblue.com/,https://www.rankedxi.com/crests/ncaa1-university-of-michigan-wolverines.png
michigan-state-university-spartans,Michigan State University Spartans,ncaa1,NCAA Division I,college,M,East Lansing,MI,42.732,-84.472,verified,1520,results_model,http://www.msuspartans.com/sports/m-baskbl/msu-m-baskbl-body.html,https://www.rankedxi.com/crests/ncaa1-michigan-state-university-spartans.png
northwestern-university-wildcats,Northwestern University Wildcats,ncaa1,NCAA Division I,college,M,Evanston,IL,42.047,-87.685,verified,1524,results_model,http://www.nusports.com/,https://www.rankedxi.com/crests/ncaa1-northwestern-university-wildcats.png
ohio-state-university-buckeyes,Ohio State University Buckeyes,ncaa1,NCAA Division I,college,M,Columbus,OH,39.962,-83.001,verified,1534,results_model,https://ohiostatebuckeyes.com/,https://www.rankedxi.com/crests/ncaa1-ohio-state-university-buckeyes.png
pennsylvania-state-university-nittany-lions,Pennsylvania State University Nittany Lions,ncaa1,NCAA Division I,college,M,College,PA,40.813,-77.871,verified,1520,results_model,,https://www.rankedxi.com/crests/ncaa1-pennsylvania-state-university-nittany-lions.png
rutgers-universitynew-brunswick-scarlet-knights,Rutgers University–New Brunswick Scarlet Knights,ncaa1,NCAA Division I,college,M,Piscataway,NJ,40.546,-74.466,verified,1527,results_model,https://scarletknights.com/,https://www.rankedxi.com/crests/ncaa1-rutgers-universitynew-brunswick-scarlet-knights.png
university-of-california-los-angeles-bruins,"University of California, Los Angeles Bruins",ncaa1,NCAA Division I,college,M,Los Angeles,CA,34.054,-118.243,verified,1571,results_model,https://ucla.edu,https://www.rankedxi.com/crests/ncaa1-university-of-california-los-angeles-bruins.png
university-of-washington-huskies,University of Washington Huskies,ncaa1,NCAA Division I,college,M,Seattle,WA,47.604,-122.33,verified,1609,results_model,http://www.gohuskies.com,https://www.rankedxi.com/crests/ncaa1-university-of-washington-huskies.png
university-of-wisconsinmadison-badgers,University of Wisconsin–Madison Badgers,ncaa1,NCAA Division I,college,M,Madison,WI,43.075,-89.384,verified,1523,results_model,https://uwbadgers.com/index.aspx?path=mbball,https://www.rankedxi.com/crests/ncaa1-university-of-wisconsinmadison-badgers.png
california-state-university-bakersfield-roadrunners,"California State University, Bakersfield Roadrunners",ncaa1,NCAA Division I,college,M,Bakersfield,CA,35.374,-119.019,verified,1475,results_model,https://gorunners.com/,https://www.rankedxi.com/crests/ncaa1-california-state-university-bakersfield-roadrunners.png
california-state-university-fullerton-titans,"California State University, Fullerton Titans",ncaa1,NCAA Division I,college,M,Fullerton,CA,33.871,-117.929,verified,1519,results_model,http://www.fullertontitans.com/sports/m-baskbl/index,https://www.rankedxi.com/crests/ncaa1-california-state-university-fullerton-titans.png
california-state-university-northridge-matadors,"California State University, Northridge Matadors",ncaa1,NCAA Division I,college,M,Los Angeles,CA,34.235,-118.537,verified,1492,results_model,http://www.gomatadors.com/,https://www.rankedxi.com/crests/ncaa1-california-state-university-northridge-matadors.png
california-state-university-sacramento-hornets,"California State University, Sacramento Hornets",ncaa1,NCAA Division I,college,M,Sacramento,CA,38.581,-121.494,verified,1455,results_model,https://hornetsports.com/,https://www.rankedxi.com/crests/ncaa1-california-state-university-sacramento-hornets.png
university-of-california-irvine-anteaters,"University of California, Irvine Anteaters",ncaa1,NCAA Division I,college,M,Irvine,CA,33.686,-117.826,verified,1526,results_model,https://www.ucirvinesports.com/,https://www.rankedxi.com/crests/ncaa1-university-of-california-irvine-anteaters.png
university-of-california-santa-barbara-gauchos,"University of California, Santa Barbara Gauchos",ncaa1,NCAA Division I,college,M,Santa Barbara,CA,34.422,-119.703,verified,1520,results_model,http://www.ucsbgauchos.com/,https://www.rankedxi.com/crests/ncaa1-university-of-california-santa-barbara-gauchos.png
utah-valley-university-wolverines,Utah Valley University Wolverines,ncaa1,NCAA Division I,college,M,Orem,UT,40.298,-111.694,verified,1514,results_model,https://www.uvu.edu,https://www.rankedxi.com/crests/ncaa1-utah-valley-university-wolverines.png
campbell-university-fighting-camels,Campbell University Fighting Camels,ncaa1,NCAA Division I,college,M,Harnett,NC,35.412,-78.737,verified,1499,results_model,https://www.campbell.edu,https://www.rankedxi.com/crests/ncaa1-campbell-university-fighting-camels.png
college-of-charleston-cougars,College of Charleston Cougars,ncaa1,NCAA Division I,college,M,Charleston,SC,32.788,-79.94,verified,1487,results_model,http://www.cofcsports.com/,https://www.rankedxi.com/crests/ncaa1-college-of-charleston-cougars.png
drexel-university-dragons,Drexel University Dragons,ncaa1,NCAA Division I,college,M,Philadelphia,PA,39.953,-75.164,verified,1487,results_model,,https://www.rankedxi.com/crests/ncaa1-drexel-university-dragons.png
elon-university-phoenix,Elon University Phoenix,ncaa1,NCAA Division I,college,M,Elon,NC,36.103,-79.507,verified,1520,results_model,,https://www.rankedxi.com/crests/ncaa1-elon-university-phoenix.png
hofstra-university-pride,Hofstra University Pride,ncaa1,NCAA Division I,college,M,Hempstead,NY,40.674,-73.619,verified,1556,results_model,https://gohofstra.com/,https://www.rankedxi.com/crests/ncaa1-hofstra-university-pride.png
monmouth-university-hawks,Monmouth University Hawks,ncaa1,NCAA Division I,college,M,West Long Branch,NJ,40.29,-74.017,verified,1487,results_model,https://monmouthhawks.com/,https://www.rankedxi.com/crests/ncaa1-monmouth-university-hawks.png
northeastern-university-huskies,Northeastern University Huskies,ncaa1,NCAA Division I,college,M,Boston,MA,42.359,-71.058,verified,1476,results_model,http://nuhuskies.com/index.aspx?path=mbball,https://www.rankedxi.com/crests/ncaa1-northeastern-university-huskies.png
stony-brook-university-seawolves,Stony Brook University Seawolves,ncaa1,NCAA Division I,college,M,Brookhaven,NY,40.908,-73.133,verified,1477,results_model,http://www.stonybrookathletics.com,https://www.rankedxi.com/crests/ncaa1-stony-brook-university-seawolves.png
university-of-north-carolina-wilmington-seahawks,University of North Carolina Wilmington Seahawks,ncaa1,NCAA Division I,college,M,Wilmington,NC,34.235,-77.949,verified,1485,results_model,,https://www.rankedxi.com/crests/ncaa1-university-of-north-carolina-wilmington-seahawks.png
college-of-william-mary-tribe,College of William & Mary Tribe,ncaa1,NCAA Division I,college,M,Williamsburg,VA,37.271,-76.7,verified,1440,results_model,https://www.wm.edu/,https://www.rankedxi.com/crests/ncaa1-college-of-william-mary-tribe.png
cleveland-state-university-vikings,Cleveland State University Vikings,ncaa1,NCAA Division I,college,M,Cleveland,OH,41.5,-81.694,verified,1477,results_model,http://www.csuvikings.com,https://www.rankedxi.com/crests/ncaa1-cleveland-state-university-vikings.png
university-of-detroit-mercy-titans,University of Detroit Mercy Titans,ncaa1,NCAA Division I,college,M,Detroit,MI,42.332,-83.047,verified,1430,results_model,https://www.udmercy.edu/,https://www.rankedxi.com/crests/ncaa1-university-of-detroit-mercy-titans.png
university-of-wisconsingreen-bay-phoenix,University of Wisconsin–Green Bay Phoenix,ncaa1,NCAA Division I,college,M,Green Bay,WI,44.513,-88.013,verified,1457,results_model,http://www.uwgb.edu,https://www.rankedxi.com/crests/ncaa1-university-of-wisconsingreen-bay-phoenix.png
indiana-university-indianapolis-91-p-93-jaguars,Indiana University Indianapolis Jaguars,ncaa1,NCAA Division I,college,M,Indianapolis,IN,39.768,-86.158,verified,1442,results_model,,https://www.rankedxi.com/crests/ncaa1-indiana-university-indianapolis-jaguars.png
university-of-wisconsinmilwaukee-panthers,University of Wisconsin–Milwaukee Panthers,ncaa1,NCAA Division I,college,M,Milwaukee,WI,43.039,-87.909,verified,1457,results_model,https://mkepanthers.com/,https://www.rankedxi.com/crests/ncaa1-university-of-wisconsinmilwaukee-panthers.png
northern-illinois-university-huskies,Northern Illinois University Huskies,ncaa1,NCAA Division I,college,M,Afton,IL,41.89,-88.771,verified,1469,results_model,https://www.niu.edu/,https://www.rankedxi.com/crests/ncaa1-northern-illinois-university-huskies.png
northern-kentucky-university-norse,Northern Kentucky University Norse,ncaa1,NCAA Division I,college,M,Highland Heights,KY,39.033,-84.452,verified,1440,results_model,http://www.nku.edu,https://www.rankedxi.com/crests/ncaa1-northern-kentucky-university-norse.png
oakland-university-golden-grizzlies,Oakland University Golden Grizzlies,ncaa1,NCAA Division I,college,M,Rochester,MI,42.681,-83.134,verified,1463,results_model,http://www.oakland.edu,https://www.rankedxi.com/crests/ncaa1-oakland-university-golden-grizzlies.png
purdue-university-fort-wayne-mastodons,Purdue University Fort Wayne Mastodons,ncaa1,NCAA Division I,college,M,Fort Wayne,IN,41.08,-85.139,verified,1452,results_model,http://www.ipfw.edu,https://www.rankedxi.com/crests/ncaa1-purdue-university-fort-wayne-mastodons.png
robert-morris-university-colonials,Robert Morris University Colonials,ncaa1,NCAA Division I,college,M,Moon,PA,40.506,-80.208,verified,1463,results_model,http://www.rmu.edu,https://www.rankedxi.com/crests/ncaa1-robert-morris-university-colonials.png
wright-state-university-raiders,Wright State University Raiders,ncaa1,NCAA Division I,college,M,Dayton,OH,39.759,-84.192,verified,1420,results_model,http://www.wright.edu,https://www.rankedxi.com/crests/ncaa1-wright-state-university-raiders.png
brown-university-bears,Brown University Bears,ncaa1,NCAA Division I,college,M,Providence,RI,41.824,-71.413,verified,1499,results_model,http://www.brownbears.com,https://www.rankedxi.com/crests/ncaa1-brown-university-bears.png
columbia-university-lions,Columbia University Lions,ncaa1,NCAA Division I,college,M,New York,NY,40.713,-74.006,verified,1476,results_model,http://www.gocolumbialions.com,https://www.rankedxi.com/crests/ncaa1-columbia-university-lions.png
cornell-university-big-red,Cornell University Big Red,ncaa1,NCAA Division I,college,M,Ithaca,NY,42.437,-76.548,verified,1567,results_model,http://www.cornellbigred.com/,https://www.rankedxi.com/crests/ncaa1-cornell-university-big-red.png
dartmouth-college-big-green,Dartmouth College Big Green,ncaa1,NCAA Division I,college,M,Hanover,NH,43.702,-72.289,verified,1470,results_model,https://home.dartmouth.edu,https://www.rankedxi.com/crests/ncaa1-dartmouth-college-big-green.png
harvard-university-crimson,Harvard University Crimson,ncaa1,NCAA Division I,college,M,Boston,MA,42.359,-71.058,verified,1502,results_model,https://gocrimson.com/,https://www.rankedxi.com/crests/ncaa1-harvard-university-crimson.png
princeton-university-tigers,Princeton University Tigers,ncaa1,NCAA Division I,college,M,Princeton,NJ,40.35,-74.66,verified,1570,results_model,,https://www.rankedxi.com/crests/ncaa1-princeton-university-tigers.png
university-of-pennsylvania-quakers,University of Pennsylvania Quakers,ncaa1,NCAA Division I,college,M,Philadelphia,PA,39.953,-75.164,verified,1540,results_model,https://pennathletics.com/,https://www.rankedxi.com/crests/ncaa1-university-of-pennsylvania-quakers.png
yale-university-bulldogs,Yale University Bulldogs,ncaa1,NCAA Division I,college,M,New Haven,CT,41.308,-72.925,verified,1472,results_model,https://yalebulldogs.com/sports/mens-basketball,https://www.rankedxi.com/crests/ncaa1-yale-university-bulldogs.png
canisius-university-golden-griffins,Canisius University Golden Griffins,ncaa1,NCAA Division I,college,M,Buffalo,NY,42.886,-78.878,verified,1383,results_model,http://www.canisius.edu,https://www.rankedxi.com/crests/ncaa1-canisius-university-golden-griffins.png
fairfield-university-stags,Fairfield University Stags,ncaa1,NCAA Division I,college,M,Fairfield,CT,41.141,-73.264,verified,1467,results_model,https://fairfieldstags.com/,https://www.rankedxi.com/crests/ncaa1-fairfield-university-stags.png
iona-university-gaels,Iona University Gaels,ncaa1,NCAA Division I,college,M,New Rochelle,NY,40.912,-73.783,verified,1485,results_model,https://icgaels.com/,https://www.rankedxi.com/crests/ncaa1-iona-university-gaels.png
manhattan-university-jaspers,Manhattan University Jaspers,ncaa1,NCAA Division I,college,M,New York,NY,40.847,-73.879,verified,1430,results_model,https://gojaspers.com/,https://www.rankedxi.com/crests/ncaa1-manhattan-university-jaspers.png
marist-university-red-foxes,Marist University Red Foxes,ncaa1,NCAA Division I,college,M,Poughkeepsie,NY,41.707,-73.928,verified,1452,results_model,http://www.marist.edu,https://www.rankedxi.com/crests/ncaa1-marist-university-red-foxes.png
merrimack-college-warriors,Merrimack College Warriors,ncaa1,NCAA Division I,college,M,Essex,MA,42.703,-71.131,verified,1420,results_model,https://merrimackathletics.com/,https://www.rankedxi.com/crests/ncaa1-merrimack-college-warriors.png
mount-st-marys-university-mountaineers-the-mount,Mount St. Mary's University Mountaineers / The Mount,ncaa1,NCAA Division I,college,M,Emmitsburg,MD,39.705,-77.327,verified,1406,results_model,https://mountathletics.com/,https://www.rankedxi.com/crests/ncaa1-mount-st-mary-s-university-mountaineers-the-mount.png
niagara-university-purple-eagles,Niagara University Purple Eagles,ncaa1,NCAA Division I,college,M,Lewiston,NY,43.137,-79.035,verified,1408,results_model,http://www.niagara.edu,https://www.rankedxi.com/crests/ncaa1-niagara-university-purple-eagles.png
quinnipiac-university-bobcats,Quinnipiac University Bobcats,ncaa1,NCAA Division I,college,M,Hamden,CT,41.384,-72.902,verified,1416,results_model,https://gobobcats.com/,https://www.rankedxi.com/crests/ncaa1-quinnipiac-university-bobcats.png
rider-university-broncs,Rider University Broncs,ncaa1,NCAA Division I,college,M,Lawrence,NJ,40.301,-74.737,verified,1442,results_model,https://gobroncs.com/,https://www.rankedxi.com/crests/ncaa1-rider-university-broncs.png
sacred-heart-university-pioneers,Sacred Heart University Pioneers,ncaa1,NCAA Division I,college,M,Fairfield,CT,41.141,-73.264,verified,1476,results_model,http://www.sacredheart.edu,https://www.rankedxi.com/crests/ncaa1-sacred-heart-university-pioneers.png
saint-peters-university-peacocks,Saint Peter's University Peacocks,ncaa1,NCAA Division I,college,M,Jersey City,NJ,40.722,-74.047,verified,1396,results_model,http://www.saintpeters.edu,https://www.rankedxi.com/crests/ncaa1-saint-peter-s-university-peacocks.png
siena-university-saints,Siena University Saints,ncaa1,NCAA Division I,college,M,Colonie,NY,42.703,-73.764,verified,1479,results_model,https://sienasaints.com/,https://www.rankedxi.com/crests/ncaa1-siena-university-saints.png
belmont-university-bruins,Belmont University Bruins,ncaa1,NCAA Division I,college,M,Nashville,TN,36.162,-86.774,verified,1496,results_model,https://belmontbruins.com/sports/mens-basketball,https://www.rankedxi.com/crests/ncaa1-belmont-university-bruins.png
bowling-green-state-university-falcons,Bowling Green State University Falcons,ncaa1,NCAA Division I,college,M,Bowling Green,OH,41.375,-83.651,verified,1480,results_model,https://bgsu.edu,https://www.rankedxi.com/crests/ncaa1-bowling-green-state-university-falcons.png
bradley-university-braves,Bradley University Braves,ncaa1,NCAA Division I,college,M,Peoria,IL,40.694,-89.589,verified,1436,results_model,https://bradleybraves.com/sports/mens-basketball,https://www.rankedxi.com/crests/ncaa1-bradley-university-braves.png
drake-university-bulldogs,Drake University Bulldogs,ncaa1,NCAA Division I,college,M,Des Moines,IA,41.587,-93.625,verified,1505,results_model,http://www.godrakebulldogs.com,https://www.rankedxi.com/crests/ncaa1-drake-university-bulldogs.png
university-of-evansville-purple-aces,University of Evansville Purple Aces,ncaa1,NCAA Division I,college,M,Evansville,IN,37.97,-87.572,verified,1510,results_model,http://www.evansville.edu/,https://www.rankedxi.com/crests/ncaa1-university-of-evansville-purple-aces.png
university-of-illinois-chicago-flames,University of Illinois Chicago Flames,ncaa1,NCAA Division I,college,M,Chicago,IL,41.876,-87.624,verified,1492,results_model,,https://www.rankedxi.com/crests/ncaa1-university-of-illinois-chicago-flames.png
western-michigan-university-broncos,Western Michigan University Broncos,ncaa1,NCAA Division I,college,M,Kalamazoo,MI,42.292,-85.587,verified,1519,results_model,http://www.wmubroncos.com,https://www.rankedxi.com/crests/ncaa1-western-michigan-university-broncos.png
united-states-air-force-academy-falcons,United States Air Force Academy Falcons,ncaa1,NCAA Division I,college,M,El Paso,CO,38.979,-104.864,verified,1413,results_model,https://www.airforce.com/,https://www.rankedxi.com/crests/ncaa1-united-states-air-force-academy-falcons.png
grand-canyon-university-antelopes,Grand Canyon University Antelopes,ncaa1,NCAA Division I,college,M,Phoenix,AZ,33.448,-112.074,verified,1540,results_model,https://www.gcu.edu/,https://www.rankedxi.com/crests/ncaa1-grand-canyon-university-antelopes.png
san-jose-state-university-spartans,San Jose State University Spartans,ncaa1,NCAA Division I,college,M,San Jose,CA,37.336,-121.891,verified,1526,results_model,https://sjsuspartans.com/,https://www.rankedxi.com/crests/ncaa1-san-jose-state-university-spartans.png
university-of-california-davis-aggies,"University of California, Davis Aggies",ncaa1,NCAA Division I,college,M,Davis,CA,38.544,-121.739,verified,1510,results_model,https://berkeley.edu,https://www.rankedxi.com/crests/ncaa1-university-of-california-davis-aggies.png
university-of-nevada-las-vegas-rebels,"University of Nevada, Las Vegas Rebels",ncaa1,NCAA Division I,college,M,Las Vegas,NV,36.167,-115.148,verified,1492,results_model,https://unlv.edu,https://www.rankedxi.com/crests/ncaa1-university-of-nevada-las-vegas-rebels.png
utah-tech-university-trailblazers,Utah Tech University Trailblazers,ncaa1,NCAA Division I,college,M,St. George,UT,37.11,-113.583,verified,1475,results_model,http://www.dixie.edu/,https://www.rankedxi.com/crests/ncaa1-utah-tech-university-trailblazers.png
central-connecticut-state-university-blue-devils,Central Connecticut State University Blue Devils,ncaa1,NCAA Division I,college,M,New Britain,CT,41.661,-72.78,verified,1354,results_model,http://www.ccsu.edu,https://www.rankedxi.com/crests/ncaa1-central-connecticut-state-university-blue-devils.png
chicago-state-university-cougars,Chicago State University Cougars,ncaa1,NCAA Division I,college,M,Chicago,IL,41.876,-87.624,verified,1354,results_model,http://www.gocsucougars.com/,https://www.rankedxi.com/crests/ncaa1-chicago-state-university-cougars.png
fairleigh-dickinson-university-knights,Fairleigh Dickinson University Knights,ncaa1,NCAA Division I,college,M,Florham Park,NJ,40.766,-74.4,verified,1473,results_model,https://fduknights.com/sports/mens-basketball,https://www.rankedxi.com/crests/ncaa1-fairleigh-dickinson-university-knights.png
le-moyne-college-dolphins,Le Moyne College Dolphins,ncaa1,NCAA Division I,college,M,Syracuse,NY,43.048,-76.147,verified,1412,results_model,https://lemoynedolphins.com/,
long-island-university-sharks,Long Island University Sharks,ncaa1,NCAA Division I,college,M,Brookville,NY,40.813,-73.567,verified,1455,results_model,https://liuathletics.com/,https://www.rankedxi.com/crests/ncaa1-long-island-university-sharks.png
mercyhurst-university-91-aa-93-lakers,Mercyhurst University Lakers,ncaa1,NCAA Division I,college,M,Erie,PA,42.129,-80.085,verified,1391,results_model,https://hurstathletics.com/,https://www.rankedxi.com/crests/ncaa1-mercyhurst-university-lakers.png
university-of-new-haven-91-ab-93-chargers,University of New Haven Chargers,ncaa1,NCAA Division I,college,M,West Haven,CT,41.271,-72.947,verified,1382,results_model,https://newhavenchargers.com/,https://www.rankedxi.com/crests/ncaa1-university-of-new-haven-chargers.png
stonehill-college-skyhawks,Stonehill College Skyhawks,ncaa1,NCAA Division I,college,M,Easton,MA,42.025,-71.129,verified,1383,results_model,https://stonehillskyhawks.com/,https://www.rankedxi.com/crests/ncaa1-stonehill-college-skyhawks.png
eastern-illinois-university-panthers,Eastern Illinois University Panthers,ncaa1,NCAA Division I,college,M,Charleston,IL,39.496,-88.176,verified,1398,results_model,http://www.eiu.edu/,https://www.rankedxi.com/crests/ncaa1-eastern-illinois-university-panthers.png
houston-christian-university-huskies,Houston Christian University Huskies,ncaa1,NCAA Division I,college,M,Houston,TX,29.759,-95.368,verified,1467,results_model,http://www.hbu.edu,https://www.rankedxi.com/crests/ncaa1-houston-christian-university-huskies.png
university-of-the-incarnate-word-cardinals,University of the Incarnate Word Cardinals,ncaa1,NCAA Division I,college,M,San Antonio,TX,29.471,-98.471,verified,1430,results_model,https://www.uiw.edu/,https://www.rankedxi.com/crests/ncaa1-university-of-the-incarnate-word-cardinals.png
lindenwood-university-lions,Lindenwood University Lions,ncaa1,NCAA Division I,college,M,O’Fallon,MO,38.788,-90.675,verified,1475,results_model,,https://www.rankedxi.com/crests/ncaa1-lindenwood-university-lions.png
southern-illinois-university-edwardsville-cougars,Southern Illinois University Edwardsville Cougars,ncaa1,NCAA Division I,college,M,Edwardsville,IL,38.811,-89.953,verified,1457,results_model,https://www.siuecougars.com/,https://www.rankedxi.com/crests/ncaa1-southern-illinois-university-edwardsville-cougars.png
university-of-southern-indiana-screaming-eagles,University of Southern Indiana Screaming Eagles,ncaa1,NCAA Division I,college,M,Evansville,IN,37.97,-87.572,verified,1354,results_model,http://www.usi.edu,https://www.rankedxi.com/crests/ncaa1-university-of-southern-indiana-screaming-eagles.png
university-of-texas-rio-grande-valley-vaqueros,University of Texas Rio Grande Valley Vaqueros,ncaa1,NCAA Division I,college,M,Edinburg,TX,26.301,-98.162,verified,1442,results_model,,https://www.rankedxi.com/crests/ncaa1-university-of-texas-rio-grande-valley-vaqueros.png
western-illinois-university-leathernecks,Western Illinois University Leathernecks,ncaa1,NCAA Division I,college,M,Macomb,IL,40.459,-90.671,verified,1403,results_model,http://www.wiu.edu,https://www.rankedxi.com/crests/ncaa1-western-illinois-university-leathernecks.png
california-baptist-university-lancers,California Baptist University Lancers,ncaa1,NCAA Division I,college,M,Riverside,CA,33.982,-117.374,verified,1530,results_model,http://www.cbulancers.com/,https://www.rankedxi.com/crests/ncaa1-california-baptist-university-lancers.png
california-polytechnic-state-university-san-luis-obispo-mustangs,"California Polytechnic State University, San Luis Obispo Mustangs",ncaa1,NCAA Division I,college,M,San Luis Obispo,CA,35.354,-120.376,verified,1527,results_model,,https://www.rankedxi.com/crests/ncaa1-california-polytechnic-state-university-san-luis-obispo-mustangs.png
gonzaga-university-bulldogs,Gonzaga University Bulldogs,ncaa1,NCAA Division I,college,M,Spokane,WA,47.657,-117.424,verified,1480,results_model,http://www.gozags.com/sports/m-baskbl/gonz-m-baskbl-body.html,https://www.rankedxi.com/crests/ncaa1-gonzaga-university-bulldogs.png
oregon-state-university-beavers,Oregon State University Beavers,ncaa1,NCAA Division I,college,M,Corvallis,OR,44.565,-123.262,verified,1576,results_model,http://oregonstate.edu,https://www.rankedxi.com/crests/ncaa1-oregon-state-university-beavers.png
san-diego-state-university-aztecs,San Diego State University Aztecs,ncaa1,NCAA Division I,college,M,San Diego,CA,32.717,-117.163,verified,1496,results_model,http://www.goaztecs.com/sports/m-baskbl/sdsu-m-baskbl-body.html,https://www.rankedxi.com/crests/ncaa1-san-diego-state-university-aztecs.png
university-of-california-riverside-highlanders,"University of California, Riverside Highlanders",ncaa1,NCAA Division I,college,M,Riverside,CA,33.982,-117.374,verified,1482,results_model,http://www.gohighlanders.com/,https://www.rankedxi.com/crests/ncaa1-university-of-california-riverside-highlanders.png
university-of-california-san-diego-tritons,"University of California, San Diego Tritons",ncaa1,NCAA Division I,college,M,San Diego,CA,32.846,-117.258,verified,1465,results_model,http://ucsdtritons.com,https://www.rankedxi.com/crests/ncaa1-university-of-california-san-diego-tritons.png
united-states-military-academy-black-knights,United States Military Academy Black Knights,ncaa1,NCAA Division I,college,M,Highlands,NY,41.391,-73.966,verified,1462,results_model,https://www.westpoint.edu,https://www.rankedxi.com/crests/ncaa1-united-states-military-academy-black-knights.png
boston-university-terriers,Boston University Terriers,ncaa1,NCAA Division I,college,M,Boston,MA,42.359,-71.058,verified,1482,results_model,http://www.goterriers.com/index.aspx?path=mbball,https://www.rankedxi.com/crests/ncaa1-boston-university-terriers.png
bucknell-university-bison,Bucknell University Bison,ncaa1,NCAA Division I,college,M,Lewisburg,PA,40.965,-76.885,verified,1480,results_model,http://www.bucknellbison.com/SportSelect.dbml?SPID=137628&SPSID=810391&DB_OEM_ID=32100,https://www.rankedxi.com/crests/ncaa1-bucknell-university-bison.png
colgate-university-raiders,Colgate University Raiders,ncaa1,NCAA Division I,college,M,Lake Pleasant,NY,43.631,-74.466,verified,1463,results_model,https://gocolgateraiders.com/index.aspx?path=mbball,https://www.rankedxi.com/crests/ncaa1-colgate-university-raiders.png
college-of-the-holy-cross-crusaders,College of the Holy Cross Crusaders,ncaa1,NCAA Division I,college,M,Worcester,MA,42.263,-71.802,verified,1449,results_model,https://goholycross.com/,https://www.rankedxi.com/crests/ncaa1-college-of-the-holy-cross-crusaders.png
lafayette-college-leopards,Lafayette College Leopards,ncaa1,NCAA Division I,college,M,Easton,PA,40.692,-75.21,verified,1477,results_model,https://goleopards.com/,https://www.rankedxi.com/crests/ncaa1-lafayette-college-leopards.png
lehigh-university-mountain-hawks,Lehigh University Mountain Hawks,ncaa1,NCAA Division I,college,M,Bethlehem,PA,40.618,-75.379,verified,1467,results_model,https://www2.lehigh.edu/,https://www.rankedxi.com/crests/ncaa1-lehigh-university-mountain-hawks.png
loyola-university-maryland-greyhounds,Loyola University Maryland Greyhounds,ncaa1,NCAA Division I,college,M,Baltimore,MD,39.291,-76.611,verified,1446,results_model,http://www.loyolagreyhounds.com/,https://www.rankedxi.com/crests/ncaa1-loyola-university-maryland-greyhounds.png
united-states-naval-academy-midshipmen,United States Naval Academy Midshipmen,ncaa1,NCAA Division I,college,M,Annapolis,MD,38.979,-76.493,verified,1416,results_model,https://www.nrl.navy.mil/,https://www.rankedxi.com/crests/ncaa1-united-states-naval-academy-midshipmen.png
east-tennessee-state-university-buccaneers,East Tennessee State University Buccaneers,ncaa1,NCAA Division I,college,M,Johnson City,TN,36.317,-82.353,verified,1452,results_model,http://www.etsu.edu,https://www.rankedxi.com/crests/ncaa1-east-tennessee-state-university-buccaneers.png
furman-university-paladins,Furman University Paladins,ncaa1,NCAA Division I,college,M,Greenville,SC,34.851,-82.398,verified,1540,results_model,,https://www.rankedxi.com/crests/ncaa1-furman-university-paladins.png
liberty-university-flames,Liberty University Flames,ncaa1,NCAA Division I,college,M,Lynchburg,VA,37.414,-79.142,verified,1448,results_model,,https://www.rankedxi.com/crests/ncaa1-liberty-university-flames.png
mercer-university-bears,Mercer University Bears,ncaa1,NCAA Division I,college,M,Macon,GA,32.841,-83.632,verified,1476,results_model,,https://www.rankedxi.com/crests/ncaa1-mercer-university-bears.png
university-of-north-carolina-at-greensboro-spartans,University of North Carolina at Greensboro Spartans,ncaa1,NCAA Division I,college,M,Greensboro,NC,36.073,-79.792,verified,1542,results_model,,https://www.rankedxi.com/crests/ncaa1-university-of-north-carolina-at-greensboro-spartans.png
virginia-military-institute-keydets,Virginia Military Institute Keydets,ncaa1,NCAA Division I,college,M,Lexington,VA,37.784,-79.443,verified,1354,results_model,https://www.vmi.edu/,https://www.rankedxi.com/crests/ncaa1-virginia-military-institute-keydets.png
wofford-college-terriers,Wofford College Terriers,ncaa1,NCAA Division I,college,M,Spartanburg,SC,34.95,-81.932,verified,1457,results_model,https://woffordterriers.com/index.aspx?path=mbball,https://www.rankedxi.com/crests/ncaa1-wofford-college-terriers.png
university-of-delaware-fightin-blue-hens,University of Delaware Fightin' Blue Hens,ncaa1,NCAA Division I,college,M,Newark,DE,39.683,-75.752,verified,1523,results_model,,https://www.rankedxi.com/crests/ncaa1-university-of-delaware-fightin-blue-hens.png
university-of-missourikansas-city-roos,University of Missouri–Kansas City Roos,ncaa1,NCAA Division I,college,M,Kansas City,MO,39.1,-94.578,verified,1550,results_model,https://www.umkc.edu/,https://www.rankedxi.com/crests/ncaa1-university-of-missourikansas-city-roos.png
university-of-nebraska-omaha-mavericks,University of Nebraska Omaha Mavericks,ncaa1,NCAA Division I,college,M,Omaha,NE,41.259,-95.938,verified,1483,results_model,http://www.nebraska.edu,https://www.rankedxi.com/crests/ncaa1-university-of-nebraska-omaha-mavericks.png
oral-roberts-university-golden-eagles,Oral Roberts University Golden Eagles,ncaa1,NCAA Division I,college,M,Tulsa,OK,36.156,-95.993,verified,1503,results_model,http://oru.edu,https://www.rankedxi.com/crests/ncaa1-oral-roberts-university-golden-eagles.png
university-of-st-thomas-tommies,University of St. Thomas Tommies,ncaa1,NCAA Division I,college,M,Saint Paul,MN,44.95,-93.093,verified,1450,results_model,https://tommiesports.com/,https://www.rankedxi.com/crests/ncaa1-university-of-st-thomas-tommies.png
university-of-massachusetts-amherst-minutemen,University of Massachusetts Amherst Minutemen,ncaa1,NCAA Division I,college,M,Amherst,MA,42.373,-72.52,verified,1520,results_model,https://umassathletics.com/,https://www.rankedxi.com/crests/ncaa1-university-of-massachusetts-amherst-minutemen.png
coastal-carolina-university-chanticleers,Coastal Carolina University Chanticleers,ncaa1,NCAA Division I,college,M,Conway,SC,33.836,-79.048,verified,1459,results_model,http://www.coastal.edu,https://www.rankedxi.com/crests/ncaa1-coastal-carolina-university-chanticleers.png
georgia-southern-university-eagles,Georgia Southern University Eagles,ncaa1,NCAA Division I,college,M,Statesboro,GA,32.449,-81.783,verified,1522,results_model,http://gseagles.com/,https://www.rankedxi.com/crests/ncaa1-georgia-southern-university-eagles.png
georgia-state-university-panthers,Georgia State University Panthers,ncaa1,NCAA Division I,college,M,Atlanta,GA,33.754,-84.39,verified,1479,results_model,http://www.georgiastatesports.com/SportSelect.dbml?DB_OEM_ID=12700&SPID=5655&SPSID=53527&DB_OEM_ID=12700,https://www.rankedxi.com/crests/ncaa1-georgia-state-university-panthers.png
james-madison-university-dukes,James Madison University Dukes,ncaa1,NCAA Division I,college,M,Harrisonburg,VA,38.449,-78.869,verified,1510,results_model,http://www.jmu.edu/,https://www.rankedxi.com/crests/ncaa1-james-madison-university-dukes.png
university-of-kentucky-wildcats,University of Kentucky Wildcats,ncaa1,NCAA Division I,college,M,Lexington,KY,38.046,-84.497,verified,1539,results_model,,https://www.rankedxi.com/crests/ncaa1-university-of-kentucky-wildcats.png
marshall-university-thundering-herd,Marshall University Thundering Herd,ncaa1,NCAA Division I,college,M,Huntington,WV,38.419,-82.445,verified,1571,results_model,http://www.marshall.edu/,https://www.rankedxi.com/crests/ncaa1-marshall-university-thundering-herd.png
old-dominion-university-monarchs,Old Dominion University Monarchs,ncaa1,NCAA Division I,college,M,Norfolk,VA,36.849,-76.29,verified,1500,results_model,https://www.odu.edu/,https://www.rankedxi.com/crests/ncaa1-old-dominion-university-monarchs.png
university-of-south-carolina-gamecocks,University of South Carolina Gamecocks,ncaa1,NCAA Division I,college,M,Columbia,SC,34.001,-81.035,verified,1500,results_model,,https://www.rankedxi.com/crests/ncaa1-university-of-south-carolina-gamecocks.png
university-of-central-florida-knights,University of Central Florida Knights,ncaa1,NCAA Division I,college,M,Orlando,FL,28.542,-81.379,verified,1554,results_model,,https://www.rankedxi.com/crests/ncaa1-university-of-central-florida-knights.png
west-virginia-university-mountaineers,West Virginia University Mountaineers,ncaa1,NCAA Division I,college,M,Morgantown,WV,39.63,-79.956,verified,1561,results_model,http://wvusports.com/index.aspx?path=mbball,https://www.rankedxi.com/crests/ncaa1-west-virginia-university-mountaineers.png
university-of-denver-pioneers,University of Denver Pioneers,ncaa1,NCAA Division I,college,M,Denver,CO,39.739,-104.985,verified,1574,results_model,https://denverpioneers.com/,https://www.rankedxi.com/crests/ncaa1-university-of-denver-pioneers.png
loyola-marymount-university-lions,Loyola Marymount University Lions,ncaa1,NCAA Division I,college,M,Los Angeles,CA,34.054,-118.243,verified,1526,results_model,http://www.lmu.edu,https://www.rankedxi.com/crests/ncaa1-loyola-marymount-university-lions.png
university-of-the-pacific-tigers,University of the Pacific Tigers,ncaa1,NCAA Division I,college,M,Stockton,CA,37.958,-121.291,verified,1462,results_model,https://pacifictigers.com/,https://www.rankedxi.com/crests/ncaa1-university-of-the-pacific-tigers.png
university-of-portland-pilots,University of Portland Pilots,ncaa1,NCAA Division I,college,M,Portland,OR,45.52,-122.674,verified,1581,results_model,http://www.portlandpilots.com/,https://www.rankedxi.com/crests/ncaa1-university-of-portland-pilots.png
saint-marys-college-of-california-gaels,Saint Mary's College of California Gaels,ncaa1,NCAA Division I,college,M,Moraga,CA,37.835,-122.129,verified,1502,results_model,http://www.stmarys-ca.edu,https://www.rankedxi.com/crests/ncaa1-saint-mary-s-college-of-california-gaels.png
university-of-san-diego-toreros,University of San Diego Toreros,ncaa1,NCAA Division I,college,M,San Diego,CA,32.717,-117.163,verified,1574,results_model,https://www.unmsm.edu.pe,https://www.rankedxi.com/crests/ncaa1-university-of-san-diego-toreros.png
university-of-san-francisco-dons,University of San Francisco Dons,ncaa1,NCAA Division I,college,M,San Francisco,CA,37.788,-122.408,verified,1540,results_model,https://usfdons.com/,https://www.rankedxi.com/crests/ncaa1-university-of-san-francisco-dons.png
santa-clara-university-broncos,Santa Clara University Broncos,ncaa1,NCAA Division I,college,M,Santa Clara,CA,37.233,-121.685,verified,1516,results_model,http://www.santaclaraca.gov/,https://www.rankedxi.com/crests/ncaa1-santa-clara-university-broncos.png
seattle-university-redhawks,Seattle University Redhawks,ncaa1,NCAA Division I,college,M,Seattle,WA,47.604,-122.33,verified,1533,results_model,https://goseattleu.com/,https://www.rankedxi.com/crests/ncaa1-seattle-university-redhawks.png
ventura-county-fc,Ventura County FC,mnp,MLS Next Pro,pro,M,Compton,CA,33.904,-118.221,approximate,1633,real_results,https://www.lagalaxy.com/2/,https://www.rankedxi.com/crests/mnp-ventura-county-fc.png
lafc2,LAFC2,mnp,MLS Next Pro,pro,M,Los Angeles,CA,34.053,-118.245,approximate,,,,https://www.rankedxi.com/crests/mnp-lafc2.png
atlanta-united-2,Atlanta United 2,mnp,MLS Next Pro,pro,M,Atlanta,GA,33.795,-84.361,approximate,1579,real_results,https://www.atlutd.com/2,https://www.rankedxi.com/crests/mnp-atlanta-united-2.png
austin-fc-ii,Austin FC II,mnp,MLS Next Pro,pro,M,Travis,TX,30.428,-97.679,approximate,1669,real_results,,https://www.rankedxi.com/crests/mnp-austin-fc-ii.png
columbus-crew-2,Columbus Crew 2,mnp,MLS Next Pro,pro,M,Columbus,OH,40.008,-82.977,approximate,1592,real_results,https://www.columbuscrew.com/crew2,https://www.rankedxi.com/crests/mnp-columbus-crew-2.png
fc-cincinnati-2,FC Cincinnati 2,mnp,MLS Next Pro,pro,M,Cincinnati,OH,39.151,-84.482,approximate,1410,real_results,https://www.fccincinnati.com/news/topics/fc-cincinnati-2/,https://www.rankedxi.com/crests/mnp-fc-cincinnati-2.png
new-york-red-bulls-ii,New York Red Bulls II,mnp,MLS Next Pro,pro,M,Lyndhurst,NJ,40.777,-74.111,approximate,1578,real_results,https://www.newyorkredbulls.com/2,https://www.rankedxi.com/crests/mnp-new-york-red-bulls-ii.png
philadelphia-union-ii,Philadelphia Union II,mnp,MLS Next Pro,pro,M,Ridley,PA,39.873,-75.338,approximate,1528,real_results,https://www.bethlehemsteelfc.com/,https://www.rankedxi.com/crests/mnp-philadelphia-union-ii.png
timbers2,Timbers2,mnp,MLS Next Pro,pro,M,Portland,OR,45.562,-122.653,approximate,1632,real_results,,https://www.rankedxi.com/crests/mnp-timbers2.png
toronto-fc-ii,Toronto FC II,mnp,MLS Next Pro,pro,M,Toronto,ON,43.7756,-79.5024,verified,1512,real_results,https://www.torontofc.ca/tfcII,https://www.rankedxi.com/crests/mnp-toronto-fc-ii.png
chicago-fire-fc-ii,Chicago Fire FC II,mnp,MLS Next Pro,pro,M,McLean,IL,40.366,-89.246,approximate,1551,real_results,,https://www.rankedxi.com/crests/mnp-chicago-fire-fc-ii.png
houston-dynamo-2,Houston Dynamo 2,mnp,MLS Next Pro,pro,M,Houston,TX,29.792,-95.313,approximate,1583,real_results,https://www.houstondynamofc.com/dynamo2/,https://www.rankedxi.com/crests/mnp-houston-dynamo-2.png
mnufc2,MNUFC2,mnp,MLS Next Pro,pro,M,Roseville,MN,44.993,-93.125,approximate,,,,https://www.rankedxi.com/crests/mnp-mnufc2.png
real-monarchs,Real Monarchs,mnp,MLS Next Pro,pro,M,Cottonwood Heights,UT,40.623,-111.854,approximate,1459,real_results,https://www.realmonarchs.com/,https://www.rankedxi.com/crests/mnp-real-monarchs.png
tacoma-defiance,Tacoma Defiance,mnp,MLS Next Pro,pro,M,Seattle,WA,47.636,-122.292,approximate,1526,real_results,https://www.tacdefiance.com/,https://www.rankedxi.com/crests/mnp-tacoma-defiance.png
colorado-rapids-2,Colorado Rapids 2,mnp,MLS Next Pro,pro,M,Adams,CO,39.846,-104.852,approximate,1426,real_results,https://www.coloradorapids.com/rapids2/,https://www.rankedxi.com/crests/mnp-colorado-rapids-2.png
sporting-kc-ii,Sporting KC II,mnp,MLS Next Pro,pro,M,Kansas City,KS,39.162,-94.783,approximate,1415,real_results,https://www.sportingkc.com/rangers,https://www.rankedxi.com/crests/mnp-sporting-kc-ii.png
whitecaps-fc-2,Whitecaps FC 2,mnp,MLS Next Pro,pro,M,Pierce,WA,47.369,-122.552,approximate,1462,real_results,http://www.whitecapsfc.com/wfc2,https://www.rankedxi.com/crests/mnp-whitecaps-fc-2.png
orlando-city-b,Orlando City B,mnp,MLS Next Pro,pro,M,Winter Park,FL,28.581,-81.35,approximate,1516,real_results,https://www.orlandocitysc.com/ocb,https://www.rankedxi.com/crests/mnp-orlando-city-b.png
inter-miami-cf-ii,Inter Miami CF II,mnp,MLS Next Pro,pro,M,Pompano Beach,FL,26.233,-80.121,approximate,1408,real_results,https://www.intermiamicf.com/fortlauderdalecf/,https://www.rankedxi.com/crests/mnp-inter-miami-cf-ii.png
huntsville-city-fc,Huntsville City FC,mnp,MLS Next Pro,pro,M,Nashville,TN,36.17,-86.726,approximate,1551,real_results,https://www.mlsnextpro.com/huntsvillecityfc/,https://www.rankedxi.com/crests/mnp-huntsville-city-fc.png
new-england-revolution-ii,New England Revolution II,mnp,MLS Next Pro,pro,M,Sharon,MA,42.131,-71.224,approximate,1527,real_results,https://www.revolutionsoccer.net/revolutionii/,https://www.rankedxi.com/crests/mnp-new-england-revolution-ii.png
north-texas-sc,North Texas SC,mnp,MLS Next Pro,pro,M,Frisco,TX,33.194,-96.795,approximate,1527,real_results,https://www.fcdallas.com/clubs/ntsc/,https://www.rankedxi.com/crests/mnp-north-texas-sc.png
the-town-fc,San Jose Earthquakes II,mnp,MLS Next Pro,pro,M,San Jose,CA,37.391,-121.886,approximate,1551,real_results,https://www.sjearthquakes.com/earthquakesii/,https://www.rankedxi.com/crests/mnp-the-town-fc.png
crown-legacy-fc,Crown Legacy FC,mnp,MLS Next Pro,pro,M,Charlotte,NC,35.266,-80.813,approximate,1616,real_results,,https://www.rankedxi.com/crests/mnp-crown-legacy-fc.png
fc-pride,FC Pride,npsl,NPSL,amateur,M,Indianapolis,IN,39.7684,-86.1581,verified,1422,real_results,,https://www.rankedxi.com/crests/npsl-fc-pride.png
sun-city-fc,Sun City FC,npsl,NPSL,amateur,M,El Paso,TX,31.7619,-106.485,verified,1422,real_results,,https://www.rankedxi.com/crests/npsl-sun-city-fc.png
cruizers-fc,Cruizers FC,npsl,NPSL,amateur,M,Modesto,CA,37.6391,-120.9969,verified,1347,real_results,,https://www.rankedxi.com/crests/npsl-cruizers-fc.png
ambassadors-fc-ohio,Ambassadors FC Ohio,npsl,NPSL,amateur,M,Canton,OH,40.7989,-81.3784,verified,1495,real_results,,https://www.rankedxi.com/crests/npsl-ambassadors-fc-ohio.png
flower-city-union,Flower City Union,npsl,NPSL,amateur,M,Rochester,NY,43.1566,-77.6088,verified,1408,real_results,https://flowercityunion.com/,https://www.rankedxi.com/crests/npsl-flower-city-union.png
niagara-1812,Niagara 1812,npsl,NPSL,amateur,M,Niagara Falls,NY,43.105,-79.04,verified,1241,real_results,,https://www.rankedxi.com/crests/npsl-niagara-1812.png
jackson-lions-fc,Jackson Lions FC,npsl,NPSL,amateur,M,Toms River,NJ,39.9537,-74.1979,verified,1401,real_results,,https://www.rankedxi.com/crests/npsl-jackson-lions-fc.png
new-jersey-united-ac,New Jersey United AC,npsl,NPSL,amateur,M,,NJ,40.7357,-74.1724,approximate,1368,real_results,,https://www.rankedxi.com/crests/npsl-new-jersey-united-ac.png
hershey-fc,Hershey FC,npsl,NPSL,amateur,M,Derry,PA,40.285,-76.653,verified,1197,real_results,https://www.hersheysoccer.org/,https://www.rankedxi.com/crests/npsl-hershey-fc.png
virginia-atlantic-fc,Virginia Atlantic FC,npsl,NPSL,amateur,M,Virginia Beach,VA,36.8529,-75.978,approximate,1362,real_results,,https://www.rankedxi.com/crests/npsl-virginia-atlantic-fc.png
hub-city-fc,Hub City FC,npsl,NPSL,amateur,M,Hagerstown,MD,39.6418,-77.72,verified,1294,real_results,,https://www.rankedxi.com/crests/npsl-hub-city-fc.png
new-haven-united-fc,New Haven United FC,npsl,NPSL,amateur,M,New Haven,CT,41.308,-72.925,verified,1418,real_results,,https://www.rankedxi.com/crests/npsl-new-haven-united-fc.png
ac-newport,AC Newport,npsl,NPSL,amateur,M,Newport,RI,41.49,-71.314,verified,1395,real_results,,https://www.rankedxi.com/crests/npsl-ac-newport.png
santa-cruz-fc,Santa Cruz FC,npsl,NPSL,amateur,M,Framingham,MA,42.2793,-71.4162,verified,1344,real_results,http://www.santacruzpe.com.br/,https://www.rankedxi.com/crests/npsl-santa-cruz-fc.png
siouxland-united-fc,Siouxland United FC,npsl,NPSL,amateur,M,Covington Precinct,NE,42.472,-96.391,verified,1433,real_results,,https://www.rankedxi.com/crests/npsl-siouxland-united-fc.png
joy-ac,Joy AC,npsl,NPSL,amateur,M,St. Louis Park,MN,44.9482,-93.3477,verified,1284,real_results,,https://www.rankedxi.com/crests/npsl-joy-ac.png
865-alliance,865 Alliance,npsl,NPSL,amateur,M,Knoxville,TN,35.9606,-83.9207,verified,1366,real_results,,https://www.rankedxi.com/crests/npsl-865-alliance.png
statesville-fc,Statesville FC,npsl,NPSL,amateur,M,Statesville,NC,35.783,-80.887,verified,1395,real_results,,https://www.rankedxi.com/crests/npsl-statesville-fc.png
greenville-united,Greenville United,npsl,NPSL,amateur,M,Greenville,NC,35.6127,-77.3663,verified,1334,real_results,,https://www.rankedxi.com/crests/npsl-greenville-united.png
burlington-united-fc,Burlington United FC,npsl,NPSL,amateur,M,Burlington,NC,36.0957,-79.4378,verified,1309,real_results,,https://www.rankedxi.com/crests/npsl-burlington-united-fc.png
michigan-rangers-fc,Michigan Rangers FC,npsl,NPSL,amateur,M,Grand Rapids,MI,42.9634,-85.6681,verified,1464,real_results,,https://www.rankedxi.com/crests/npsl-michigan-rangers-fc.png
gios-lions-sc-chicago,Gio's Lions SC Chicago,npsl,NPSL,amateur,M,Chicago,IL,41.88,-87.63,verified,1375,real_results,,https://www.rankedxi.com/crests/npsl-gio-s-lions-sc-chicago.png
wisconsin-conquerors-fc,Wisconsin Conquerors FC,npsl,NPSL,amateur,M,Marshfield,WI,44.6689,-90.1718,verified,1315,real_results,,https://www.rankedxi.com/crests/npsl-wisconsin-conquerors-fc.png
southern-indiana-guardians-fc,Southern Indiana Guardians FC,npsl,NPSL,amateur,M,Jeffersonville,IN,38.2776,-85.7372,verified,1189,real_results,,https://www.rankedxi.com/crests/npsl-southern-indiana-guardians-fc.png
oakland-stompers,Oakland Stompers,npsl,NPSL,amateur,M,Oakland,CA,37.8,-122.27,verified,1386,real_results,,https://www.rankedxi.com/crests/npsl-oakland-stompers.png
vacaville-elite,Vacaville Elite,npsl,NPSL,amateur,M,Vacaville,CA,38.36,-121.99,verified,1295,real_results,,https://www.rankedxi.com/crests/npsl-vacaville-elite.png
real-san-jose,Real San Jose,npsl,NPSL,amateur,M,San Jose,CA,37.34,-121.89,verified,1180,real_results,https://news.realsanjose.net/,https://www.rankedxi.com/crests/npsl-real-san-jose.png
rochester-ny-fc-academy,Rochester NY FC Academy,npsl,NPSL,amateur,M,Rochester,NY,43.16,-77.61,verified,1339,real_results,,https://www.rankedxi.com/crests/npsl-rochester-ny-fc-academy.png
buffalo-stallions,Buffalo Stallions,npsl,NPSL,amateur,M,Buffalo,NY,42.89,-78.88,verified,1271,real_results,,https://www.rankedxi.com/crests/npsl-buffalo-stallions.png
philadelphia-ukrainian-nationals,Philadelphia Ukrainian Nationals,npsl,NPSL,amateur,M,Philadelphia,PA,39.95,-75.17,verified,1346,real_results,,https://www.rankedxi.com/crests/npsl-philadelphia-ukrainian-nationals.png
wc-predators,WC Predators,npsl,NPSL,amateur,M,West Chester,PA,39.9607,-75.6055,verified,1350,real_results,,https://www.rankedxi.com/crests/npsl-wc-predators.png
players-development-academy,Players Development Academy,npsl,NPSL,amateur,M,Hillsborough,NJ,40.54,-74.62,verified,1320,real_results,,https://www.rankedxi.com/crests/npsl-players-development-academy.png
ristozi-fc,Ristozi FC,npsl,NPSL,amateur,M,Owings Mills,MD,39.4196,-76.7805,verified,1457,real_results,,https://www.rankedxi.com/crests/npsl-ristozi-fc.png
district-elite-fc,District Elite FC,npsl,NPSL,amateur,M,Washington,DC,38.9,-77.04,verified,1369,real_results,,https://www.rankedxi.com/crests/npsl-district-elite-fc.png
dmv-elite-fc,DMV Elite FC,npsl,NPSL,amateur,M,College Park,MD,38.98,-76.94,verified,1277,real_results,,https://www.rankedxi.com/crests/npsl-dmv-elite-fc.png
american-soccer-club-new-york,American Soccer Club New York,npsl,NPSL,amateur,M,New York,NY,40.71,-74.01,verified,1386,real_results,,https://www.rankedxi.com/crests/npsl-american-soccer-club-new-york.png
dakota-fusion-fc,Dakota Fusion FC,npsl,NPSL,amateur,M,Fargo,ND,46.88,-96.79,verified,1390,real_results,http://www.dakotafusionfc.com/,https://www.rankedxi.com/crests/npsl-dakota-fusion-fc.png
minnesota-blizzard-fc,Minnesota Blizzard FC,npsl,NPSL,amateur,M,Minneapolis,MN,44.98,-93.27,verified,1315,real_results,,https://www.rankedxi.com/crests/npsl-minnesota-blizzard-fc.png
bristol-rhythm-afc,Bristol Rhythm AFC,npsl,NPSL,amateur,M,Bristol,VA,36.5951,-82.1887,verified,1480,real_results,,https://www.rankedxi.com/crests/npsl-bristol-rhythm-afc.png
charlottetowne-hops-fc,Charlottetowne Hops FC,npsl,NPSL,amateur,M,Charlotte,NC,35.23,-80.84,verified,1358,real_results,,https://www.rankedxi.com/crests/npsl-charlottetowne-hops-fc.png
adams-state-university-grizzlies,Adams State University Grizzlies,ncaa2,NCAA Division II,college,M,Alamosa,CO,37.578,-105.789,verified,1284,results_model,https://www.adams.edu/,https://www.rankedxi.com/crests/ncaa2-adams-state-university-grizzlies.png
adelphi-university-panthers,Adelphi University Panthers,ncaa2,NCAA Division II,college,M,Garden City,NY,40.727,-73.634,verified,1417,results_model,https://aupanthers.com/,https://www.rankedxi.com/crests/ncaa2-adelphi-university-panthers.png
university-of-alabama-in-huntsville-chargers,University of Alabama in Huntsville Chargers,ncaa2,NCAA Division II,college,M,Huntsville,AL,34.73,-86.586,verified,1431,results_model,http://www.uah.edu,https://www.rankedxi.com/crests/ncaa2-university-of-alabama-in-huntsville-chargers.png
american-international-college-yellow-jackets,American International College Yellow Jackets,ncaa2,NCAA Division II,college,M,Springfield,MA,42.102,-72.589,verified,1375,results_model,https://www.aicyellowjackets.com/sports/mice/index,https://www.rankedxi.com/crests/ncaa2-american-international-college-yellow-jackets.png
anderson-university-trojans,Anderson University Trojans,ncaa2,NCAA Division II,college,M,Anderson,SC,34.526,-82.653,verified,1461,results_model,https://autrojans.com/,https://www.rankedxi.com/crests/ncaa2-anderson-university-trojans.png
ashland-university-eagles,Ashland University Eagles,ncaa2,NCAA Division II,college,M,Vermillion,OH,40.789,-82.236,verified,1372,results_model,,https://www.rankedxi.com/crests/ncaa2-ashland-university-eagles.png
assumption-university-greyhounds,Assumption University Greyhounds,ncaa2,NCAA Division II,college,M,Worcester,MA,42.263,-71.802,verified,1340,results_model,https://assumptiongreyhounds.com/,https://www.rankedxi.com/crests/ncaa2-assumption-university-greyhounds.png
auburn-university-at-montgomery-warhawks,Auburn University at Montgomery Warhawks,ncaa2,NCAA Division II,college,M,Montgomery,AL,32.378,-86.309,verified,1447,results_model,https://www.aum.edu/,https://www.rankedxi.com/crests/ncaa2-auburn-university-at-montgomery-warhawks.png
barry-university-buccaneers,Barry University Buccaneers,ncaa2,NCAA Division II,college,M,Miami Shores,FL,25.863,-80.193,verified,1435,results_model,https://gobarrybucs.com/,https://www.rankedxi.com/crests/ncaa2-barry-university-buccaneers.png
barton-college-bulldogs,Barton College Bulldogs,ncaa2,NCAA Division II,college,M,Wilson,NC,35.706,-77.918,verified,1378,results_model,https://bartonbulldogs.com/,https://www.rankedxi.com/crests/ncaa2-barton-college-bulldogs.png
belmont-abbey-college-crusaders,Belmont Abbey College Crusaders,ncaa2,NCAA Division II,college,M,Belmont,NC,35.244,-81.038,verified,1381,results_model,https://belmontabbeycollege.edu/,https://www.rankedxi.com/crests/ncaa2-belmont-abbey-college-crusaders.png
bentley-university-falcons,Bentley University Falcons,ncaa2,NCAA Division II,college,M,Waltham,MA,42.376,-71.236,verified,1434,results_model,https://bentleyfalcons.com/,https://www.rankedxi.com/crests/ncaa2-bentley-university-falcons.png
biola-university-eagles,Biola University Eagles,ncaa2,NCAA Division II,college,M,La Mirada,CA,33.906,-118.011,verified,1414,results_model,http://athletics.biola.edu,https://www.rankedxi.com/crests/ncaa2-biola-university-eagles.png
university-of-bridgeport-purple-knights,University of Bridgeport Purple Knights,ncaa2,NCAA Division II,college,M,Bridgeport,CT,41.179,-73.189,verified,1418,results_model,https://www.bridgeport.edu/,https://www.rankedxi.com/crests/ncaa2-university-of-bridgeport-purple-knights.png
caldwell-university-cougars,Caldwell University Cougars,ncaa2,NCAA Division II,college,M,Caldwell,NJ,40.84,-74.277,verified,1378,results_model,https://caldwellathletics.com/,https://www.rankedxi.com/crests/ncaa2-caldwell-university-cougars.png
california-state-polytechnic-university-humboldt-lumberjacks,"California State Polytechnic University, Humboldt Lumberjacks",ncaa2,NCAA Division II,college,M,Arcata,CA,40.867,-124.083,verified,1360,results_model,https://humboldtathletics.com/,https://www.rankedxi.com/crests/ncaa2-california-state-polytechnic-university-humboldt-lumberjacks.png
california-state-polytechnic-university-pomona-broncos,"California State Polytechnic University, Pomona Broncos",ncaa2,NCAA Division II,college,M,Pomona,CA,34.055,-117.752,verified,1439,results_model,https://broncoathletics.com/,https://www.rankedxi.com/crests/ncaa2-california-state-polytechnic-university-pomona-broncos.png
california-state-university-chico-wildcats,"California State University, Chico Wildcats",ncaa2,NCAA Division II,college,M,Chico,CA,39.728,-121.837,verified,1420,results_model,,https://www.rankedxi.com/crests/ncaa2-california-state-university-chico-wildcats.png
california-state-university-dominguez-hills-toros,"California State University, Dominguez Hills Toros",ncaa2,NCAA Division II,college,M,Carson,CA,33.832,-118.252,verified,1455,results_model,https://www.csudh.edu/,https://www.rankedxi.com/crests/ncaa2-california-state-university-dominguez-hills-toros.png
california-state-university-east-bay-pioneers,"California State University, East Bay Pioneers",ncaa2,NCAA Division II,college,M,Hayward,CA,37.669,-122.081,verified,1430,results_model,http://www.csueastbay.edu,https://www.rankedxi.com/crests/ncaa2-california-state-university-east-bay-pioneers.png
california-state-university-los-angeles-golden-eagles,"California State University, Los Angeles Golden Eagles",ncaa2,NCAA Division II,college,M,Los Angeles,CA,34.054,-118.243,verified,1447,results_model,,https://www.rankedxi.com/crests/ncaa2-california-state-university-los-angeles-golden-eagles.png
california-state-university-monterey-bay-otters,"California State University, Monterey Bay Otters",ncaa2,NCAA Division II,college,M,Seaside,CA,36.626,-121.817,verified,1392,results_model,https://otterathletics.com/,https://www.rankedxi.com/crests/ncaa2-california-state-university-monterey-bay-otters.png
california-state-university-san-bernardino-coyotes,"California State University, San Bernardino Coyotes",ncaa2,NCAA Division II,college,M,San Bernardino,CA,34.825,-116.083,verified,1440,results_model,https://csusbathletics.com/,https://www.rankedxi.com/crests/ncaa2-california-state-university-san-bernardino-coyotes.png
california-state-university-san-marcos-cougars,"California State University, San Marcos Cougars",ncaa2,NCAA Division II,college,M,San Marcos,CA,33.135,-117.174,verified,1415,results_model,,https://www.rankedxi.com/crests/ncaa2-california-state-university-san-marcos-cougars.png
california-state-university-stanislaus-warriors,"California State University, Stanislaus Warriors",ncaa2,NCAA Division II,college,M,Turlock,CA,37.495,-120.847,verified,1487,results_model,https://warriorathletics.com/,https://www.rankedxi.com/crests/ncaa2-california-state-university-stanislaus-warriors.png
university-of-california-merced-golden-bobcats,"University of California, Merced Golden Bobcats",ncaa2,NCAA Division II,college,M,Merced,CA,37.164,-120.768,verified,1385,results_model,https://www.ucmerced.edu/,
carsonnewman-university-eagles,Carson–Newman University Eagles,ncaa2,NCAA Division II,college,M,Jefferson City,TN,36.122,-83.492,verified,1391,results_model,,https://www.rankedxi.com/crests/ncaa2-carsonnewman-university-eagles.png
catawba-college-indians,Catawba College Indians,ncaa2,NCAA Division II,college,M,Salisbury,NC,35.671,-80.474,verified,1398,results_model,http://gocatawbaindians.com/,https://www.rankedxi.com/crests/ncaa2-catawba-college-indians.png
cedarville-university-yellow-jackets,Cedarville University Yellow Jackets,ncaa2,NCAA Division II,college,M,Cedarville,OH,39.744,-83.809,verified,1430,results_model,https://yellowjackets.cedarville.edu/index.aspx,https://www.rankedxi.com/crests/ncaa2-cedarville-university-yellow-jackets.png
university-of-charleston-golden-eagles,University of Charleston Golden Eagles,ncaa2,NCAA Division II,college,M,Charleston,WV,38.351,-81.633,verified,1461,results_model,http://www.ucwv.edu,https://www.rankedxi.com/crests/ncaa2-university-of-charleston-golden-eagles.png
chestnut-hill-college-griffins,Chestnut Hill College Griffins,ncaa2,NCAA Division II,college,M,Philadelphia,PA,39.953,-75.164,verified,1335,results_model,https://griffinathletics.com/,https://www.rankedxi.com/crests/ncaa2-chestnut-hill-college-griffins.png
chowan-university-hawks,Chowan University Hawks,ncaa2,NCAA Division II,college,M,Murfreesboro,NC,36.442,-77.099,verified,1416,results_model,https://gocuhawks.com/,https://www.rankedxi.com/crests/ncaa2-chowan-university-hawks.png
christian-brothers-university-buccaneers,Christian Brothers University Buccaneers,ncaa2,NCAA Division II,college,M,Memphis,TN,35.146,-90.052,verified,1422,results_model,https://www.lasalle.org/,https://www.rankedxi.com/crests/ncaa2-christian-brothers-university-buccaneers.png
clayton-state-university-lakers,Clayton State University Lakers,ncaa2,NCAA Division II,college,M,Morrow,GA,33.583,-84.339,verified,1435,results_model,https://clayton.edu/,https://www.rankedxi.com/crests/ncaa2-clayton-state-university-lakers.png
coker-university-cobras,Coker University Cobras,ncaa2,NCAA Division II,college,M,Hartsville,SC,34.374,-80.073,verified,1398,results_model,,https://www.rankedxi.com/crests/ncaa2-coker-university-cobras.png
colorado-christian-university-cougars,Colorado Christian University Cougars,ncaa2,NCAA Division II,college,M,Lakewood,CO,39.709,-105.085,verified,1371,results_model,https://www.ccu.edu/,https://www.rankedxi.com/crests/ncaa2-colorado-christian-university-cougars.png
colorado-mesa-university-mavericks,Colorado Mesa University Mavericks,ncaa2,NCAA Division II,college,M,Grand Junction,CO,39.067,-108.564,verified,1428,results_model,https://www.coloradomesa.edu/,https://www.rankedxi.com/crests/ncaa2-colorado-mesa-university-mavericks.png
colorado-school-of-mines-orediggers,Colorado School of Mines Orediggers,ncaa2,NCAA Division II,college,M,Golden,CO,39.755,-105.221,verified,1390,results_model,https://minesathletics.com/,https://www.rankedxi.com/crests/ncaa2-colorado-school-of-mines-orediggers.png
colorado-state-universitypueblo-thunderwolves,Colorado State University–Pueblo ThunderWolves,ncaa2,NCAA Division II,college,M,Pueblo,CO,38.264,-104.614,verified,1453,results_model,https://www.colostate.edu/,https://www.rankedxi.com/crests/ncaa2-colorado-state-universitypueblo-thunderwolves.png
university-of-colorado-colorado-springs-mountain-lions,University of Colorado Colorado Springs Mountain Lions,ncaa2,NCAA Division II,college,M,Colorado Springs,CO,38.834,-104.825,verified,1459,results_model,http://www.uccs.edu,https://www.rankedxi.com/crests/ncaa2-university-of-colorado-colorado-springs-mountain-lions.png
commonwealth-university-bloomsburg-huskies,Commonwealth University-Bloomsburg Huskies,ncaa2,NCAA Division II,college,M,Bloomsburg,PA,41.004,-76.454,verified,1406,results_model,,https://www.rankedxi.com/crests/ncaa2-commonwealth-university-bloomsburg-huskies.png
commonwealth-university-lock-haven-bald-eagles,Commonwealth University-Lock Haven Bald Eagles,ncaa2,NCAA Division II,college,M,Lock Haven,PA,41.137,-77.447,verified,1377,results_model,https://golhu.com/,https://www.rankedxi.com/crests/ncaa2-commonwealth-university-lock-haven-bald-eagles.png
concord-university-mountain-lions,Concord University Mountain Lions,ncaa2,NCAA Division II,college,M,Athens,WV,37.422,-81.016,verified,1405,results_model,https://www.concord.edu/,https://www.rankedxi.com/crests/ncaa2-concord-university-mountain-lions.png
concordia-universityirvine-eagles,Concordia University–Irvine Eagles,ncaa2,NCAA Division II,college,M,Irvine,CA,33.686,-117.826,verified,1422,results_model,https://cuieagles.com/,https://www.rankedxi.com/crests/ncaa2-concordia-universityirvine-eagles.png
converse-university-valkyries,Converse University Valkyries,ncaa2,NCAA Division II,college,M,Spartanburg,SC,34.95,-81.932,verified,1387,results_model,https://govalkyries.com/,https://www.rankedxi.com/crests/ncaa2-converse-university-valkyries.png
daemen-university-wildcats,Daemen University Wildcats,ncaa2,NCAA Division II,college,M,Amherst,NY,42.978,-78.8,verified,1284,results_model,,https://www.rankedxi.com/crests/ncaa2-daemen-university-wildcats.png
dallas-baptist-university-patriots,Dallas Baptist University Patriots,ncaa2,NCAA Division II,college,M,Dallas,TX,32.776,-96.797,verified,1427,results_model,https://dbupatriots.com/,https://www.rankedxi.com/crests/ncaa2-dallas-baptist-university-patriots.png
davenport-university-panthers,Davenport University Panthers,ncaa2,NCAA Division II,college,M,Grand Rapids,MI,42.963,-85.668,verified,1391,results_model,https://davenportnvsports.com/,https://www.rankedxi.com/crests/ncaa2-davenport-university-panthers.png
davis-elkins-college-senators,Davis & Elkins College Senators,ncaa2,NCAA Division II,college,M,Elkins,WV,38.926,-79.847,verified,1390,results_model,https://www.dewv.edu/,https://www.rankedxi.com/crests/ncaa2-davis-elkins-college-senators.png
delta-state-university-statesmen,Delta State University Statesmen,ncaa2,NCAA Division II,college,M,Cleveland,MS,33.744,-90.725,verified,1381,results_model,http://www.deltastate.gov.ng/,https://www.rankedxi.com/crests/ncaa2-delta-state-university-statesmen.png
university-of-the-district-of-columbia-firebirds,University of the District of Columbia Firebirds,ncaa2,NCAA Division II,college,M,Washington,DC,38.895,-77.036,verified,1385,results_model,http://udcfirebirds.com/,https://www.rankedxi.com/crests/ncaa2-university-of-the-district-of-columbia-firebirds.png
dominican-university-of-california-penguins,Dominican University of California Penguins,ncaa2,NCAA Division II,college,M,San Rafael,CA,37.975,-122.532,verified,1395,results_model,http://www.dominican.edu,https://www.rankedxi.com/crests/ncaa2-dominican-university-of-california-penguins.png
dominican-university-new-york-chargers,Dominican University New York Chargers,ncaa2,NCAA Division II,college,M,Orangetown,NY,41.051,-73.934,verified,1355,results_model,https://www.duny.edu/,https://www.rankedxi.com/crests/ncaa2-dominican-university-new-york-chargers.png
drury-university-panthers,Drury University Panthers,ncaa2,NCAA Division II,college,M,Springfield,MO,37.208,-93.292,verified,1426,results_model,,https://www.rankedxi.com/crests/ncaa2-drury-university-panthers.png
dyouville-university-saints,D'Youville University Saints,ncaa2,NCAA Division II,college,M,Buffalo,NY,42.886,-78.878,verified,1332,results_model,,https://www.rankedxi.com/crests/ncaa2-d-youville-university-saints.png
east-stroudsburg-university-of-pennsylvania-warriors,East Stroudsburg University of Pennsylvania Warriors,ncaa2,NCAA Division II,college,M,East Stroudsburg,PA,41,-75.181,verified,1410,results_model,,https://www.rankedxi.com/crests/ncaa2-east-stroudsburg-university-of-pennsylvania-warriors.png
eckerd-college-tritons,Eckerd College Tritons,ncaa2,NCAA Division II,college,M,Saint Petersburg,FL,27.771,-82.634,verified,1389,results_model,https://eckerdtritons.com/,https://www.rankedxi.com/crests/ncaa2-eckerd-college-tritons.png
embryriddle-aeronautical-university-eagles,Embry–Riddle Aeronautical University Eagles,ncaa2,NCAA Division II,college,M,Daytona Beach,FL,29.211,-81.023,verified,1386,results_model,https://erau.edu/,https://www.rankedxi.com/crests/ncaa2-embryriddle-aeronautical-university-eagles.png
emmanuel-university-lions,Emmanuel University Lions,ncaa2,NCAA Division II,college,M,Franklin Springs,GA,34.285,-83.144,verified,1377,results_model,https://goeclions.com/,https://www.rankedxi.com/crests/ncaa2-emmanuel-university-lions.png
emory-and-henry-university-wasps,Emory and Henry University Wasps,ncaa2,NCAA Division II,college,M,Washington,VA,36.783,-81.826,verified,1405,results_model,https://www.gowasps.com/,https://www.rankedxi.com/crests/ncaa2-emory-and-henry-university-wasps.png
erskine-college-flying-fleet,Erskine College Flying Fleet,ncaa2,NCAA Division II,college,M,Due West,SC,34.333,-82.388,verified,1291,results_model,https://www.erskine.edu/,https://www.rankedxi.com/crests/ncaa2-erskine-college-flying-fleet.png
felician-university-golden-falcons,Felician University Golden Falcons,ncaa2,NCAA Division II,college,M,Rutherford,NJ,40.826,-74.107,verified,1402,results_model,https://www.felician.edu/,https://www.rankedxi.com/crests/ncaa2-felician-university-golden-falcons.png
university-of-findlay-oilers,University of Findlay Oilers,ncaa2,NCAA Division II,college,M,Findlay,OH,41.041,-83.65,verified,1407,results_model,,https://www.rankedxi.com/crests/ncaa2-university-of-findlay-oilers.png
flagler-college-saints,Flagler College Saints,ncaa2,NCAA Division II,college,M,Saint Augustine,FL,29.895,-81.315,verified,1482,results_model,https://flaglerathletics.com/,https://www.rankedxi.com/crests/ncaa2-flagler-college-saints.png
florida-southern-college-moccasins,Florida Southern College Moccasins,ncaa2,NCAA Division II,college,M,Lakeland,FL,28.039,-81.95,verified,1434,results_model,http://www.flsouthern.edu,https://www.rankedxi.com/crests/ncaa2-florida-southern-college-moccasins.png
florida-institute-of-technology-panthers,Florida Institute of Technology Panthers,ncaa2,NCAA Division II,college,M,Melbourne,FL,28.079,-80.608,verified,1467,results_model,https://www.fit.edu/,https://www.rankedxi.com/crests/ncaa2-florida-institute-of-technology-panthers.png
fort-hays-state-university-tigers,Fort Hays State University Tigers,ncaa2,NCAA Division II,college,M,Hays,KS,38.871,-99.331,verified,1499,results_model,https://www.fhsu.edu/,https://www.rankedxi.com/crests/ncaa2-fort-hays-state-university-tigers.png
fort-lewis-college-skyhawks,Fort Lewis College Skyhawks,ncaa2,NCAA Division II,college,M,Durango,CO,37.277,-107.877,verified,1451,results_model,https://www.fortlewis.edu/,https://www.rankedxi.com/crests/ncaa2-fort-lewis-college-skyhawks.png
francis-marion-university-patriots,Francis Marion University Patriots,ncaa2,NCAA Division II,college,M,Florence,SC,34.198,-79.767,verified,1392,results_model,https://fmupatriots.com/,https://www.rankedxi.com/crests/ncaa2-francis-marion-university-patriots.png
franklin-pierce-university-ravens,Franklin Pierce University Ravens,ncaa2,NCAA Division II,college,M,Rindge,NH,42.751,-72.01,verified,1446,results_model,https://fpuravens.com/,https://www.rankedxi.com/crests/ncaa2-franklin-pierce-university-ravens.png
fresno-pacific-university-sunbirds,Fresno Pacific University Sunbirds,ncaa2,NCAA Division II,college,M,Fresno,CA,36.739,-119.785,verified,1402,results_model,https://www.fresno.edu/,https://www.rankedxi.com/crests/ncaa2-fresno-pacific-university-sunbirds.png
frostburg-state-university-bobcats,Frostburg State University Bobcats,ncaa2,NCAA Division II,college,M,Frostburg,MD,39.658,-78.928,verified,1372,results_model,https://www.frostburg.edu/,https://www.rankedxi.com/crests/ncaa2-frostburg-state-university-bobcats.png
gannon-university-golden-knights,Gannon University Golden Knights,ncaa2,NCAA Division II,college,M,Erie,PA,42.129,-80.085,verified,1453,results_model,https://www.gannon.edu/,https://www.rankedxi.com/crests/ncaa2-gannon-university-golden-knights.png
georgia-southwestern-state-university-hurricanes,Georgia Southwestern State University Hurricanes,ncaa2,NCAA Division II,college,M,Americus,GA,32.072,-84.233,verified,1396,results_model,https://gsw.edu/,https://www.rankedxi.com/crests/ncaa2-georgia-southwestern-state-university-hurricanes.png
georgian-court-university-lions,Georgian Court University Lions,ncaa2,NCAA Division II,college,M,Lakewood,NJ,40.094,-74.215,verified,1369,results_model,http://gculions.com/,https://www.rankedxi.com/crests/ncaa2-georgian-court-university-lions.png
goldeybeacom-college-lightning,Goldey–Beacom College Lightning,ncaa2,NCAA Division II,college,M,New Castle,DE,39.728,-75.697,verified,1317,results_model,https://gbcathletics.com/,https://www.rankedxi.com/crests/ncaa2-goldeybeacom-college-lightning.png
harding-university-bisons,Harding University Bisons,ncaa2,NCAA Division II,college,M,Searcy,AR,35.902,-92.71,verified,1353,results_model,https://hardingsports.com/,https://www.rankedxi.com/crests/ncaa2-harding-university-bisons.png
holy-family-university-tigers,Holy Family University Tigers,ncaa2,NCAA Division II,college,M,Philadelphia,PA,39.953,-75.164,verified,1381,results_model,https://athletics.holyfamily.edu/,https://www.rankedxi.com/crests/ncaa2-holy-family-university-tigers.png
university-of-illinois-at-springfield-prairie-stars,University of Illinois at Springfield Prairie Stars,ncaa2,NCAA Division II,college,M,Springfield,IL,39.799,-89.644,verified,1374,results_model,https://www.uis.edu/,https://www.rankedxi.com/crests/ncaa2-university-of-illinois-at-springfield-prairie-stars.png
university-of-indianapolis-greyhounds,University of Indianapolis Greyhounds,ncaa2,NCAA Division II,college,M,Indianapolis,IN,39.768,-86.158,verified,1437,results_model,,https://www.rankedxi.com/crests/ncaa2-university-of-indianapolis-greyhounds.png
university-of-jamestown-jimmies,University of Jamestown Jimmies,ncaa2,NCAA Division II,college,M,Jamestown,ND,46.911,-98.708,verified,1301,results_model,,https://www.rankedxi.com/crests/ncaa2-university-of-jamestown-jimmies.png
jessup-university-warriors,Jessup University Warriors,ncaa2,NCAA Division II,college,M,Rocklin,CA,38.791,-121.236,verified,1347,results_model,https://jessupathletics.com/,https://www.rankedxi.com/crests/ncaa2-jessup-university-warriors.png
kentucky-wesleyan-college-panthers,Kentucky Wesleyan College Panthers,ncaa2,NCAA Division II,college,M,Owensboro,KY,37.774,-87.113,verified,1391,results_model,https://kwc.edu/,https://www.rankedxi.com/crests/ncaa2-kentucky-wesleyan-college-panthers.png
king-university-tornado,King University Tornado,ncaa2,NCAA Division II,college,M,Bristol,TN,36.595,-82.189,verified,1351,results_model,https://www.kingtornado.com/,https://www.rankedxi.com/crests/ncaa2-king-university-tornado.png
lake-erie-college-storm,Lake Erie College Storm,ncaa2,NCAA Division II,college,M,Painesville,OH,41.724,-81.246,verified,1377,results_model,https://lakeeriestorm.com/,https://www.rankedxi.com/crests/ncaa2-lake-erie-college-storm.png
lander-university-bearcats,Lander University Bearcats,ncaa2,NCAA Division II,college,M,Greenwood,SC,34.149,-82.113,verified,1459,results_model,https://landerbearcats.com/,https://www.rankedxi.com/crests/ncaa2-lander-university-bearcats.png
lee-university-flames,Lee University Flames,ncaa2,NCAA Division II,college,M,Cleveland,TN,35.16,-84.877,verified,1412,results_model,,https://www.rankedxi.com/crests/ncaa2-lee-university-flames.png
leesmcrae-college-bobcats,Lees–McRae College Bobcats,ncaa2,NCAA Division II,college,M,Banner Elk,NC,36.163,-81.872,verified,1385,results_model,,https://www.rankedxi.com/crests/ncaa2-leesmcrae-college-bobcats.png
lenoirrhyne-university-bears,Lenoir–Rhyne University Bears,ncaa2,NCAA Division II,college,M,Hickory,NC,35.733,-81.344,verified,1441,results_model,https://lrbears.com/,https://www.rankedxi.com/crests/ncaa2-lenoirrhyne-university-bears.png
lewis-university-flyers,Lewis University Flyers,ncaa2,NCAA Division II,college,M,Romeoville,IL,41.648,-88.09,verified,1410,results_model,https://lewisflyers.com/,https://www.rankedxi.com/crests/ncaa2-lewis-university-flyers.png
lincoln-university-blue-tigers,Lincoln University Blue Tigers,ncaa2,NCAA Division II,college,M,Jefferson City,MO,38.577,-92.172,verified,1441,results_model,https://www.lincoln.ac.nz/,https://www.rankedxi.com/crests/ncaa2-lincoln-university-blue-tigers.png
lincoln-memorial-university-railsplitters,Lincoln Memorial University Railsplitters,ncaa2,NCAA Division II,college,M,Harrogate,TN,36.58,-83.655,verified,1430,results_model,https://www.nps.gov/linc/index.htm,https://www.rankedxi.com/crests/ncaa2-lincoln-memorial-university-railsplitters.png
lubbock-christian-university-chaparrals,Lubbock Christian University Chaparrals,ncaa2,NCAA Division II,college,M,Lubbock,TX,33.586,-101.847,verified,1430,results_model,http://www.lcu.edu,https://www.rankedxi.com/crests/ncaa2-lubbock-christian-university-chaparrals.png
lynn-university-fighting-knights,Lynn University Fighting Knights,ncaa2,NCAA Division II,college,M,Boca Raton,FL,26.359,-80.083,verified,1504,results_model,https://www.lynn.edu/,https://www.rankedxi.com/crests/ncaa2-lynn-university-fighting-knights.png
malone-university-pioneers,Malone University Pioneers,ncaa2,NCAA Division II,college,M,Canton,OH,40.799,-81.375,verified,1332,results_model,https://malonepioneers.com/,https://www.rankedxi.com/crests/ncaa2-malone-university-pioneers.png
mars-hill-university-lions,Mars Hill University Lions,ncaa2,NCAA Division II,college,M,Mars Hill,NC,35.826,-82.549,verified,1398,results_model,http://www.townofmarshill.org,https://www.rankedxi.com/crests/ncaa2-mars-hill-university-lions.png
maryville-university-saints,Maryville University Saints,ncaa2,NCAA Division II,college,M,Saint Louis,MO,38.625,-90.19,verified,1432,results_model,,https://www.rankedxi.com/crests/ncaa2-maryville-university-saints.png
mckendree-university-bearcats,McKendree University Bearcats,ncaa2,NCAA Division II,college,M,Lebanon,IL,38.604,-89.807,verified,1422,results_model,,https://www.rankedxi.com/crests/ncaa2-mckendree-university-bearcats.png
mercy-university-mavericks,Mercy University Mavericks,ncaa2,NCAA Division II,college,M,Dobbs Ferry,NY,41.015,-73.873,verified,1385,results_model,http://mercyathletics.com/,https://www.rankedxi.com/crests/ncaa2-mercy-university-mavericks.png
metropolitan-state-university-of-denver-roadrunners,Metropolitan State University of Denver Roadrunners,ncaa2,NCAA Division II,college,M,Denver,CO,39.739,-104.985,verified,1438,results_model,http://www.msudenver.edu/,https://www.rankedxi.com/crests/ncaa2-metropolitan-state-university-of-denver-roadrunners.png
midwestern-state-university-mustangs,Midwestern State University Mustangs,ncaa2,NCAA Division II,college,M,Wichita Falls,TX,33.9,-98.502,verified,1496,results_model,https://msutexas.edu,https://www.rankedxi.com/crests/ncaa2-midwestern-state-university-mustangs.png
millersville-university-of-pennsylvania-marauders,Millersville University of Pennsylvania Marauders,ncaa2,NCAA Division II,college,M,Millersville,PA,39.998,-76.355,verified,1419,results_model,http://www.millersville.edu,https://www.rankedxi.com/crests/ncaa2-millersville-university-of-pennsylvania-marauders.png
mississippi-christian-university-choctaws,Mississippi Christian University Choctaws,ncaa2,NCAA Division II,college,M,Clinton,MS,32.341,-90.322,verified,1479,results_model,https://gochoctaws.com/,https://www.rankedxi.com/crests/ncaa2-mississippi-christian-university-choctaws.png
missouri-university-of-science-and-technology-miners,Missouri University of Science and Technology Miners,ncaa2,NCAA Division II,college,M,Rolla,MO,37.951,-91.771,verified,1424,results_model,https://www.mst.edu/,https://www.rankedxi.com/crests/ncaa2-missouri-university-of-science-and-technology-miners.png
university-of-missourist-louis-tritons,University of Missouri–St. Louis Tritons,ncaa2,NCAA Division II,college,M,Saint Louis,MO,38.625,-90.19,verified,1408,results_model,https://www.umsl.edu/,https://www.rankedxi.com/crests/ncaa2-university-of-missourist-louis-tritons.png
molloy-university-lions,Molloy University Lions,ncaa2,NCAA Division II,college,M,Rockville Centre,NY,40.657,-73.645,verified,1356,results_model,https://molloylions.com/,https://www.rankedxi.com/crests/ncaa2-molloy-university-lions.png
university-of-montevallo-falcons,University of Montevallo Falcons,ncaa2,NCAA Division II,college,M,Montevallo,AL,33.101,-86.864,verified,1417,results_model,https://montevallofalcons.com/,https://www.rankedxi.com/crests/ncaa2-university-of-montevallo-falcons.png
university-of-mount-olive-trojans,University of Mount Olive Trojans,ncaa2,NCAA Division II,college,M,Mount Olive,NC,35.197,-78.066,verified,1359,results_model,,https://www.rankedxi.com/crests/ncaa2-university-of-mount-olive-trojans.png
newberry-college-wolves,Newberry College Wolves,ncaa2,NCAA Division II,college,M,Newberry,SC,34.327,-81.583,verified,1399,results_model,https://newberrywolves.com/,https://www.rankedxi.com/crests/ncaa2-newberry-college-wolves.png
newman-university-jets,Newman University Jets,ncaa2,NCAA Division II,college,M,Wichita,KS,37.692,-97.338,verified,1412,results_model,https://newmanjets.com/,https://www.rankedxi.com/crests/ncaa2-newman-university-jets.png
university-of-north-georgia-nighthawks,University of North Georgia Nighthawks,ncaa2,NCAA Division II,college,M,Dahlonega,GA,34.533,-83.985,verified,1447,results_model,https://ungathletics.com/,https://www.rankedxi.com/crests/ncaa2-university-of-north-georgia-nighthawks.png
north-greenville-university-crusaders,North Greenville University Crusaders,ncaa2,NCAA Division II,college,M,Greenville,SC,35.068,-82.368,verified,1399,results_model,https://nguathletics.com/,https://www.rankedxi.com/crests/ncaa2-north-greenville-university-crusaders.png
northeastern-state-university-riverhawks,Northeastern State University RiverHawks,ncaa2,NCAA Division II,college,M,Tahlequah;ᏓᎵᏆ,OK,35.915,-94.97,verified,1420,results_model,http://www.nsuok.edu,https://www.rankedxi.com/crests/ncaa2-northeastern-state-university-riverhawks.png
northern-michigan-university-wildcats,Northern Michigan University Wildcats,ncaa2,NCAA Division II,college,M,Tilden,MI,46.448,-87.631,verified,1407,results_model,http://www.nmu.edu,https://www.rankedxi.com/crests/ncaa2-northern-michigan-university-wildcats.png
northwest-nazarene-university-crusaders,Northwest Nazarene University Crusaders,ncaa2,NCAA Division II,college,M,Nampa,ID,43.578,-116.562,verified,1419,results_model,https://nnusports.com/,https://www.rankedxi.com/crests/ncaa2-northwest-nazarene-university-crusaders.png
northwood-university-timberwolves,Northwood University Timberwolves,ncaa2,NCAA Division II,college,M,Midland,MI,43.616,-84.247,verified,1300,results_model,,https://www.rankedxi.com/crests/ncaa2-northwood-university-timberwolves.png
nova-southeastern-university-sharks,Nova Southeastern University Sharks,ncaa2,NCAA Division II,college,M,Broward,FL,26.063,-80.233,verified,1460,results_model,https://www.nova.edu/index.html,https://www.rankedxi.com/crests/ncaa2-nova-southeastern-university-sharks.png
ohio-dominican-university-panthers,Ohio Dominican University Panthers,ncaa2,NCAA Division II,college,M,Columbus,OH,39.962,-83.001,verified,1336,results_model,https://www.ohiodominican.edu/,https://www.rankedxi.com/crests/ncaa2-ohio-dominican-university-panthers.png
oklahoma-christian-university-eagles,Oklahoma Christian University Eagles,ncaa2,NCAA Division II,college,M,Oklahoma City,OK,35.473,-97.517,verified,1410,results_model,https://www.oc.edu/,https://www.rankedxi.com/crests/ncaa2-oklahoma-christian-university-eagles.png
ouachita-baptist-university-tigers,Ouachita Baptist University Tigers,ncaa2,NCAA Division II,college,M,Arkadelphia,AR,34.121,-93.054,verified,1383,results_model,https://obu.edu/,https://www.rankedxi.com/crests/ncaa2-ouachita-baptist-university-tigers.png
pace-university-setters,Pace University Setters,ncaa2,NCAA Division II,college,M,Pleasantville,NY,41.133,-73.793,verified,1360,results_model,https://paceuathletics.com/,https://www.rankedxi.com/crests/ncaa2-pace-university-setters.png
palm-beach-atlantic-university-sailfish,Palm Beach Atlantic University Sailfish,ncaa2,NCAA Division II,college,M,West Palm Beach,FL,26.715,-80.053,verified,1482,results_model,https://www.pba.edu/,https://www.rankedxi.com/crests/ncaa2-palm-beach-atlantic-university-sailfish.png
pennsylvania-western-university-california-vulcans,"Pennsylvania Western University, California Vulcans",ncaa2,NCAA Division II,college,M,California,PA,40.066,-79.892,verified,1308,results_model,,https://www.rankedxi.com/crests/ncaa2-pennsylvania-western-university-california-vulcans.png
university-of-pittsburgh-at-johnstown-mountain-cats,University of Pittsburgh at Johnstown Mountain Cats,ncaa2,NCAA Division II,college,M,Johnstown,PA,40.327,-78.922,verified,1312,results_model,https://pittjohnstownathletics.com/,https://www.rankedxi.com/crests/ncaa2-university-of-pittsburgh-at-johnstown-mountain-cats.png
point-loma-nazarene-university-sea-lions,Point Loma Nazarene University Sea Lions,ncaa2,NCAA Division II,college,M,San Diego,CA,32.717,-117.163,verified,1479,results_model,https://www.pointloma.edu/,https://www.rankedxi.com/crests/ncaa2-point-loma-nazarene-university-sea-lions.png
point-park-university-pioneers,Point Park University Pioneers,ncaa2,NCAA Division II,college,M,Pittsburgh,PA,40.441,-80.003,verified,1365,results_model,https://www.pointpark.edu/,
post-university-eagles,Post University Eagles,ncaa2,NCAA Division II,college,M,Waterbury,CT,41.554,-73.044,verified,1411,results_model,https://posteagles.com/,https://www.rankedxi.com/crests/ncaa2-post-university-eagles.png
purdue-university-northwest-pride,Purdue University Northwest Pride,ncaa2,NCAA Division II,college,M,Hammond,IN,41.617,-87.522,verified,1357,results_model,https://purdue.edu,https://www.rankedxi.com/crests/ncaa2-purdue-university-northwest-pride.png
queens-college-knights,Queens College Knights,ncaa2,NCAA Division II,college,M,New York,NY,40.765,-73.817,verified,1419,results_model,https://queensknights.com/index.aspx,https://www.rankedxi.com/crests/ncaa2-queens-college-knights.png
quincy-university-hawks,Quincy University Hawks,ncaa2,NCAA Division II,college,M,Quincy,IL,39.936,-91.41,verified,1422,results_model,https://quhawks.com/,https://www.rankedxi.com/crests/ncaa2-quincy-university-hawks.png
regis-university-rangers,Regis University Rangers,ncaa2,NCAA Division II,college,M,Denver,CO,39.739,-104.985,verified,1441,results_model,https://regisrangers.com/,https://www.rankedxi.com/crests/ncaa2-regis-university-rangers.png
roberts-wesleyan-university-redhawks,Roberts Wesleyan University Redhawks,ncaa2,NCAA Division II,college,M,Chili,NY,43.12,-77.806,verified,1388,results_model,https://www.roberts.edu/,https://www.rankedxi.com/crests/ncaa2-roberts-wesleyan-university-redhawks.png
rockhurst-university-hawks,Rockhurst University Hawks,ncaa2,NCAA Division II,college,M,Kansas City,MO,39.1,-94.578,verified,1444,results_model,,https://www.rankedxi.com/crests/ncaa2-rockhurst-university-hawks.png
rogers-state-university-hillcats,Rogers State University Hillcats,ncaa2,NCAA Division II,college,M,Claremore,OK,36.313,-95.616,verified,1464,results_model,https://rsuhillcats.com/,https://www.rankedxi.com/crests/ncaa2-rogers-state-university-hillcats.png
roosevelt-university-lakers,Roosevelt University Lakers,ncaa2,NCAA Division II,college,M,Chicago,IL,41.876,-87.624,verified,1407,results_model,https://rooseveltlakers.com/,https://www.rankedxi.com/crests/ncaa2-roosevelt-university-lakers.png
rollins-college-tars,Rollins College Tars,ncaa2,NCAA Division II,college,M,Winter Park,FL,28.598,-81.351,verified,1487,results_model,https://rollinssports.com/,https://www.rankedxi.com/crests/ncaa2-rollins-college-tars.png
saginaw-valley-state-university-cardinals,Saginaw Valley State University Cardinals,ncaa2,NCAA Division II,college,M,Lansing,MI,42.738,-84.554,verified,1427,results_model,https://www.svsu.edu/,https://www.rankedxi.com/crests/ncaa2-saginaw-valley-state-university-cardinals.png
st-cloud-state-university-huskies,St. Cloud State University Huskies,ncaa2,NCAA Division II,college,M,Saint Cloud,MN,45.562,-94.164,verified,1364,results_model,https://www.stcloudstate.edu/,https://www.rankedxi.com/crests/ncaa2-st-cloud-state-university-huskies.png
saint-leo-university-lions,Saint Leo University Lions,ncaa2,NCAA Division II,college,M,Saint Leo,FL,28.337,-82.259,verified,1435,results_model,https://www.ville-saint-leonard.fr/,https://www.rankedxi.com/crests/ncaa2-saint-leo-university-lions.png
saint-martins-university-saints,Saint Martin's University Saints,ncaa2,NCAA Division II,college,M,Lacey,WA,47.026,-122.807,verified,1328,results_model,,https://www.rankedxi.com/crests/ncaa2-saint-martin-s-university-saints.png
st-marys-university-rattlers,St. Mary's University Rattlers,ncaa2,NCAA Division II,college,M,San Antonio,TX,29.425,-98.495,verified,1414,results_model,https://rattlerathletics.com/,https://www.rankedxi.com/crests/ncaa2-st-mary-s-university-rattlers.png
saint-michaels-college-purple-knights,Saint Michael's College Purple Knights,ncaa2,NCAA Division II,college,M,Colchester,VT,44.534,-73.185,verified,1397,results_model,https://www.smcvt.edu/,https://www.rankedxi.com/crests/ncaa2-saint-michael-s-college-purple-knights.png
st-thomas-aquinas-college-spartans,St. Thomas Aquinas College Spartans,ncaa2,NCAA Division II,college,M,Orangetown,NY,41.029,-73.932,verified,1378,results_model,,https://www.rankedxi.com/crests/ncaa2-st-thomas-aquinas-college-spartans.png
salem-university-tigers,Salem University Tigers,ncaa2,NCAA Division II,college,M,Salem,WV,39.283,-80.559,verified,1353,results_model,,https://www.rankedxi.com/crests/ncaa2-salem-university-tigers.png
seattle-pacific-university-falcons,Seattle Pacific University Falcons,ncaa2,NCAA Division II,college,M,Seattle,WA,47.604,-122.33,verified,1456,results_model,https://spufalcons.com/,https://www.rankedxi.com/crests/ncaa2-seattle-pacific-university-falcons.png
seton-hill-university-griffins,Seton Hill University Griffins,ncaa2,NCAA Division II,college,M,Greensburg,PA,40.302,-79.544,verified,1391,results_model,https://athletics.setonhill.edu/,https://www.rankedxi.com/crests/ncaa2-seton-hill-university-griffins.png
shaw-university-bears,Shaw University Bears,ncaa2,NCAA Division II,college,M,Raleigh,NC,35.78,-78.639,verified,1293,results_model,,https://www.rankedxi.com/crests/ncaa2-shaw-university-bears.png
shepherd-university-rams,Shepherd University Rams,ncaa2,NCAA Division II,college,M,Shepherdstown,WV,39.43,-77.804,verified,1365,results_model,,https://www.rankedxi.com/crests/ncaa2-shepherd-university-rams.png
shippensburg-university-of-pennsylvania-red-raiders,Shippensburg University of Pennsylvania Red Raiders,ncaa2,NCAA Division II,college,M,Shippensburg,PA,40.051,-77.521,verified,1354,results_model,https://www.ship.edu/,https://www.rankedxi.com/crests/ncaa2-shippensburg-university-of-pennsylvania-red-raiders.png
shorter-university-hawks,Shorter University Hawks,ncaa2,NCAA Division II,college,M,Rome,GA,34.257,-85.165,verified,1284,results_model,,https://www.rankedxi.com/crests/ncaa2-shorter-university-hawks.png
slippery-rock-university-of-pennsylvania-the-rock,Slippery Rock University of Pennsylvania The Rock,ncaa2,NCAA Division II,college,M,Slippery Rock,PA,41.066,-80.057,verified,1357,results_model,,https://www.rankedxi.com/crests/ncaa2-slippery-rock-university-of-pennsylvania-the-rock.png
university-of-south-carolina-aiken-pacers,University of South Carolina Aiken Pacers,ncaa2,NCAA Division II,college,M,Aiken,SC,33.572,-81.618,verified,1387,results_model,,https://www.rankedxi.com/crests/ncaa2-university-of-south-carolina-aiken-pacers.png
south-dakota-school-of-mines-and-technology-hardrockers,South Dakota School of Mines and Technology Hardrockers,ncaa2,NCAA Division II,college,M,Rapid City,SD,44.081,-103.228,verified,1386,results_model,http://www.gorockers.com/men/football/,https://www.rankedxi.com/crests/ncaa2-south-dakota-school-of-mines-and-technology-hardrockers.png
southern-connecticut-state-university-fighting-owls,Southern Connecticut State University Fighting Owls,ncaa2,NCAA Division II,college,M,New Haven,CT,41.308,-72.925,verified,1406,results_model,https://scsuowls.com/,https://www.rankedxi.com/crests/ncaa2-southern-connecticut-state-university-fighting-owls.png
southern-nazarene-university-crimson-storm,Southern Nazarene University Crimson Storm,ncaa2,NCAA Division II,college,M,Bethany,OK,35.519,-97.632,verified,1414,results_model,https://www.snu.edu/,https://www.rankedxi.com/crests/ncaa2-southern-nazarene-university-crimson-storm.png
southern-new-hampshire-university-penmen,Southern New Hampshire University Penmen,ncaa2,NCAA Division II,college,M,Manchester,NH,42.996,-71.455,verified,1472,results_model,http://www.snhu.edu,https://www.rankedxi.com/crests/ncaa2-southern-new-hampshire-university-penmen.png
southern-wesleyan-university-warriors,Southern Wesleyan University Warriors,ncaa2,NCAA Division II,college,M,Central,SC,34.726,-82.78,verified,1345,results_model,https://www.swu.edu/,https://www.rankedxi.com/crests/ncaa2-southern-wesleyan-university-warriors.png
southwest-baptist-university-bearcats,Southwest Baptist University Bearcats,ncaa2,NCAA Division II,college,M,Bolivar,MO,37.614,-93.411,verified,1380,results_model,https://www.sbuniv.edu/,https://www.rankedxi.com/crests/ncaa2-southwest-baptist-university-bearcats.png
spring-hill-college-badgers,Spring Hill College Badgers,ncaa2,NCAA Division II,college,M,Mobile,AL,30.691,-88.044,verified,1345,results_model,http://www.springhilltn.org,https://www.rankedxi.com/crests/ncaa2-spring-hill-college-badgers.png
college-of-staten-island-dolphins,College of Staten Island Dolphins,ncaa2,NCAA Division II,college,M,New York,NY,40.583,-74.15,verified,1332,results_model,http://csidolphins.com/,https://www.rankedxi.com/crests/ncaa2-college-of-staten-island-dolphins.png
sul-ross-state-university-lobos,Sul Ross State University Lobos,ncaa2,NCAA Division II,college,M,Alpine,TX,30.36,-103.663,verified,1411,results_model,https://www.sulross.edu/,https://www.rankedxi.com/crests/ncaa2-sul-ross-state-university-lobos.png
university-of-tampa-spartans,University of Tampa Spartans,ncaa2,NCAA Division II,college,M,Tampa,FL,27.945,-82.458,verified,1446,results_model,,https://www.rankedxi.com/crests/ncaa2-university-of-tampa-spartans.png
texas-a-m-international-university-dustdevils,Texas A&M International University Dustdevils,ncaa2,NCAA Division II,college,M,Travis,TX,30.351,-97.95,approximate,1366,results_model,http://www.tamiu.edu/,https://www.rankedxi.com/crests/ncaa2-texas-a-m-international-university-dustdevils.png
university-of-texas-at-dallas-comets,University of Texas at Dallas Comets,ncaa2,NCAA Division II,college,M,Richardson,TX,32.948,-96.73,verified,1434,results_model,,https://www.rankedxi.com/crests/ncaa2-university-of-texas-at-dallas-comets.png
university-of-texas-at-tyler-patriots,University of Texas at Tyler Patriots,ncaa2,NCAA Division II,college,M,Tyler,TX,32.351,-95.301,verified,1417,results_model,https://uttylerpatriots.com/,https://www.rankedxi.com/crests/ncaa2-university-of-texas-at-tyler-patriots.png
thomas-jefferson-university-rams,Thomas Jefferson University Rams,ncaa2,NCAA Division II,college,M,Philadelphia,PA,39.953,-75.164,verified,1377,results_model,,https://www.rankedxi.com/crests/ncaa2-thomas-jefferson-university-rams.png
thomas-more-university-saints,Thomas More University Saints,ncaa2,NCAA Division II,college,M,Crestview Hills,KY,39.027,-84.585,verified,1395,results_model,,https://www.rankedxi.com/crests/ncaa2-thomas-more-university-saints.png
tiffin-university-dragons,Tiffin University Dragons,ncaa2,NCAA Division II,college,M,Tiffin,OH,41.114,-83.178,verified,1435,results_model,https://gotiffindragons.com/,https://www.rankedxi.com/crests/ncaa2-tiffin-university-dragons.png
trevecca-nazarene-university-trojans,Trevecca Nazarene University Trojans,ncaa2,NCAA Division II,college,M,Nashville,TN,36.162,-86.774,verified,1390,results_model,http://www.trevecca.edu,https://www.rankedxi.com/crests/ncaa2-trevecca-nazarene-university-trojans.png
truman-state-university-bulldogs,Truman State University Bulldogs,ncaa2,NCAA Division II,college,M,Kirksville,MO,40.195,-92.583,verified,1367,results_model,http://www.truman.edu,https://www.rankedxi.com/crests/ncaa2-truman-state-university-bulldogs.png
tusculum-college-pioneers,Tusculum College Pioneers,ncaa2,NCAA Division II,college,M,Greeneville,TN,36.163,-82.831,verified,1399,results_model,,https://www.rankedxi.com/crests/ncaa2-tusculum-college-pioneers.png
tuskegee-university-tigers,Tuskegee University Tigers,ncaa2,NCAA Division II,college,M,Tuskegee,AL,32.424,-85.691,verified,,,,https://www.rankedxi.com/crests/ncaa2-tuskegee-university-tigers.png
union-university-bulldogs,Union University Bulldogs,ncaa2,NCAA Division II,college,M,Jackson,TN,35.614,-88.818,verified,1372,results_model,https://uuathletics.com/,https://www.rankedxi.com/crests/ncaa2-union-university-bulldogs.png
upper-iowa-university-peacocks,Upper Iowa University Peacocks,ncaa2,NCAA Division II,college,M,Fayette,IA,42.842,-91.85,verified,1360,results_model,https://uiu.edu/,https://www.rankedxi.com/crests/ncaa2-upper-iowa-university-peacocks.png
vanguard-university-lions,Vanguard University Lions,ncaa2,NCAA Division II,college,M,Costa Mesa,CA,33.663,-117.903,verified,1431,results_model,,https://www.rankedxi.com/crests/ncaa2-vanguard-university-lions.png
virginia-state-university-trojans,Virginia State University Trojans,ncaa2,NCAA Division II,college,M,Chesterfield,VA,37.244,-77.429,verified,1284,results_model,https://www.vsu.edu/,https://www.rankedxi.com/crests/ncaa2-virginia-state-university-trojans.png
walsh-university-cavaliers,Walsh University Cavaliers,ncaa2,NCAA Division II,college,M,North Canton,OH,40.876,-81.402,verified,1337,results_model,https://athletics.walsh.edu/,https://www.rankedxi.com/crests/ncaa2-walsh-university-cavaliers.png
university-of-west-alabama-tigers,University of West Alabama Tigers,ncaa2,NCAA Division II,college,M,Livingston,AL,32.584,-88.187,verified,1415,results_model,https://uwaathletics.com/,https://www.rankedxi.com/crests/ncaa2-university-of-west-alabama-tigers.png
west-chester-university-golden-rams,West Chester University Golden Rams,ncaa2,NCAA Division II,college,M,West Chester,PA,39.96,-75.604,verified,1410,results_model,https://www.wcupa.edu/music/marchingband.aspx,https://www.rankedxi.com/crests/ncaa2-west-chester-university-golden-rams.png
west-liberty-university-hilltoppers,West Liberty University Hilltoppers,ncaa2,NCAA Division II,college,M,West Liberty,WV,40.17,-80.594,verified,1367,results_model,http://www.cityofwestliberty.com,https://www.rankedxi.com/crests/ncaa2-west-liberty-university-hilltoppers.png
west-texas-a-m-university-buffaloes,West Texas A&M University Buffaloes,ncaa2,NCAA Division II,college,M,Canyon,TX,34.979,-101.928,verified,1407,results_model,http://www.wtamu.edu,https://www.rankedxi.com/crests/ncaa2-west-texas-a-m-university-buffaloes.png
west-virginia-wesleyan-college-bobcats,West Virginia Wesleyan College Bobcats,ncaa2,NCAA Division II,college,M,Buckhannon,WV,38.994,-80.232,verified,1340,results_model,https://www.wvwc.edu/,https://www.rankedxi.com/crests/ncaa2-west-virginia-wesleyan-college-bobcats.png
western-oregon-university-wolves,Western Oregon University Wolves,ncaa2,NCAA Division II,college,M,Monmouth,OR,44.849,-123.229,verified,1439,results_model,https://wouwolves.com/,https://www.rankedxi.com/crests/ncaa2-western-oregon-university-wolves.png
western-washington-university-vikings,Western Washington University Vikings,ncaa2,NCAA Division II,college,M,Bellingham,WA,48.754,-122.479,verified,1432,results_model,https://wwuvikings.com/,https://www.rankedxi.com/crests/ncaa2-western-washington-university-vikings.png
westminster-university-griffins,Westminster University Griffins,ncaa2,NCAA Division II,college,M,Salt Lake City,UT,40.76,-111.887,verified,1451,results_model,https://westminsteru.edu/,https://www.rankedxi.com/crests/ncaa2-westminster-university-griffins.png
westmont-college-warriors,Westmont College Warriors,ncaa2,NCAA Division II,college,M,Santa Barbara,CA,34.422,-119.703,verified,1402,results_model,https://athletics.westmont.edu/,https://www.rankedxi.com/crests/ncaa2-westmont-college-warriors.png
wheeling-university-cardinals,Wheeling University Cardinals,ncaa2,NCAA Division II,college,M,Wheeling,WV,40.064,-80.721,verified,1295,results_model,https://athletics.wju.edu/,https://www.rankedxi.com/crests/ncaa2-wheeling-university-cardinals.png
william-jewell-college-cardinals,William Jewell College Cardinals,ncaa2,NCAA Division II,college,M,Liberty,MO,39.246,-94.419,verified,1369,results_model,https://jewellcardinals.com/,https://www.rankedxi.com/crests/ncaa2-william-jewell-college-cardinals.png
wilmington-university-wildcats,Wilmington University Wildcats,ncaa2,NCAA Division II,college,M,New Castle,DE,39.616,-75.663,verified,1427,results_model,,https://www.rankedxi.com/crests/ncaa2-wilmington-university-wildcats.png
wingate-university-bulldogs,Wingate University Bulldogs,ncaa2,NCAA Division II,college,M,Wingate,NC,34.984,-80.449,verified,1398,results_model,https://wingatebulldogs.com/,https://www.rankedxi.com/crests/ncaa2-wingate-university-bulldogs.png
university-of-wisconsinparkside-rangers,University of Wisconsin–Parkside Rangers,ncaa2,NCAA Division II,college,M,Kenosha,WI,42.585,-87.821,verified,1384,results_model,,https://www.rankedxi.com/crests/ncaa2-university-of-wisconsinparkside-rangers.png
young-harris-college-mountain-lions,Young Harris College Mountain Lions,ncaa2,NCAA Division II,college,M,Young Harris,GA,34.933,-83.847,verified,1435,results_model,https://www.yhc.edu/,https://www.rankedxi.com/crests/ncaa2-young-harris-college-mountain-lions.png
monroe-university-mustangs,Monroe University Mustangs,ncaa2,NCAA Division II,college,M,New Rochelle,NY,40.912,-73.783,verified,,,,https://www.rankedxi.com/crests/ncaa2-monroe-university-mustangs.png
texas-a-m-universitytexarkana-eagles,Texas A&M University–Texarkana Eagles,ncaa2,NCAA Division II,college,M,Texarkana,TX,33.447,-94.077,verified,,,,
texas-wesleyan-university-rams,Texas Wesleyan University Rams,ncaa2,NCAA Division II,college,M,Fort Worth,TX,32.753,-97.333,verified,,,https://www.txwes.edu,https://www.rankedxi.com/crests/ncaa2-texas-wesleyan-university-rams.png
lackawanna-college-falcons,Lackawanna College Falcons,ncaa2,NCAA Division II,college,M,Scranton,PA,41.409,-75.662,verified,,,,https://www.rankedxi.com/crests/ncaa2-lackawanna-college-falcons.png
ac-connecticut,AC Connecticut,usl2,USL League Two,amateur,M,Danbury,CT,41.3948,-73.454,verified,1339,real_results,https://www.acconnecticut.com/,https://www.rankedxi.com/crests/usl2-ac-connecticut.png
albany-rush,Albany Rush,usl2,USL League Two,amateur,M,Schenectady,NY,42.8142,-73.9396,verified,1355,real_results,https://www.northeastrush.com/,https://www.rankedxi.com/crests/usl2-albany-rush.png
black-rock-fc,Black Rock FC,usl2,USL League Two,amateur,M,Nashua,NH,42.7656,-71.4677,verified,1369,real_results,https://www.blackrockfc.org/,https://www.rankedxi.com/crests/usl2-black-rock-fc.png
boston-bolts,Boston Bolts,usl2,USL League Two,amateur,M,Waltham,MA,42.3762,-71.2356,verified,1356,real_results,http://www.bostonbolts.com/,https://www.rankedxi.com/crests/usl2-boston-bolts.png
boston-city-fc,Boston City FC,usl2,USL League Two,amateur,M,Malden,MA,42.4268,-71.0684,verified,1307,real_results,http://dev2.bostoncityfc.com/,https://www.rankedxi.com/crests/usl2-boston-city-fc.png
connecticut-rush,Connecticut Rush,usl2,USL League Two,amateur,M,Old Saybrook,CT,41.2918,-72.3762,verified,1342,real_results,https://www.northeastrush.com/connecticut,https://www.rankedxi.com/crests/usl2-connecticut-rush.png
new-england-futbol-club,New England Fútbol Club,usl2,USL League Two,amateur,M,Mendon,MA,42.1076,-71.5535,verified,1404,real_results,http://nefc.us/,https://www.rankedxi.com/crests/usl2-new-england-futbol-club.png
seacoast-united-phantoms,Seacoast United Phantoms,usl2,USL League Two,amateur,M,Epping,NH,43.0471,-71.0758,verified,1381,real_results,http://www.seacoastunited.com/phantoms,https://www.rankedxi.com/crests/usl2-seacoast-united-phantoms.png
vermont-green-fc,Vermont Green FC,usl2,USL League Two,amateur,M,Burlington,VT,44.4762,-73.2129,verified,1582,real_results,https://vermontgreenfc.com/,https://www.rankedxi.com/crests/usl2-vermont-green-fc.png
western-mass-pioneers,Western Mass Pioneers,usl2,USL League Two,amateur,M,Ludlow,MA,42.159,-72.4803,verified,1364,real_results,http://www.wmpioneers.com/,https://www.rankedxi.com/crests/usl2-western-mass-pioneers.png
delaware-fc,Delaware FC,usl2,USL League Two,amateur,M,Wilmington,DE,39.7459,-75.5466,verified,1387,real_results,,https://www.rankedxi.com/crests/usl2-delaware-fc.png
eagle-fc,Eagle FC,usl2,USL League Two,amateur,M,Mechanicsburg,PA,40.2102,-77.0047,verified,1315,real_results,https://www.eagle-fc.com/,https://www.rankedxi.com/crests/usl2-eagle-fc.png
lehigh-valley-united,Lehigh Valley United,usl2,USL League Two,amateur,M,Bethlehem,PA,40.6179,-75.3787,verified,1415,real_results,https://www.lehighvalleyunited.com/,https://www.rankedxi.com/crests/usl2-lehigh-valley-united.png
ocean-city-noreasters,Ocean City Nor'easters,usl2,USL League Two,amateur,M,Ocean City,NJ,39.2789,-74.5763,verified,1475,real_results,http://ourcitysc.com/,https://www.rankedxi.com/crests/usl2-ocean-city-nor-easters.png
pennsylvania-classics-ac,Pennsylvania Classics AC,usl2,USL League Two,amateur,M,Lancaster,PA,40.038,-76.3057,verified,1353,real_results,https://www.paclassics.org/,https://www.rankedxi.com/crests/usl2-pennsylvania-classics-ac.png
philadelphia-lone-star-fc,Philadelphia Lone Star FC,usl2,USL League Two,amateur,M,Philadelphia,PA,39.9527,-75.1635,verified,1330,real_results,https://www.plsfc.com/,https://www.rankedxi.com/crests/usl2-philadelphia-lone-star-fc.png
reading-united-ac,Reading United AC,usl2,USL League Two,amateur,M,Reading,PA,40.3353,-75.9279,verified,1390,real_results,https://www.readingunitedac.com/,https://www.rankedxi.com/crests/usl2-reading-united-ac.png
real-central-new-jersey,Real Central New Jersey,usl2,USL League Two,amateur,M,Lawrence Township,NJ,40.2877,-74.7123,verified,1317,standings,https://www.realcentralnj.soccer/,https://www.rankedxi.com/crests/usl2-real-central-new-jersey.png
cedar-stars-rush,Cedar Stars Rush,usl2,USL League Two,amateur,M,Teaneck,NJ,40.886,-74.0073,verified,1387,real_results,https://www.cedarstarsrush.com/,https://www.rankedxi.com/crests/usl2-cedar-stars-rush.png
hudson-valley-hammers,Hudson Valley Hammers,usl2,USL League Two,amateur,M,Newburgh,NY,41.5001,-74.0098,verified,1375,real_results,http://www.hudsonvalleycrusaders.com/,https://www.rankedxi.com/crests/usl2-hudson-valley-hammers.png
ironbound-sc,Ironbound SC,usl2,USL League Two,amateur,M,Newark,NJ,40.7357,-74.1724,verified,1427,real_results,https://www.ironboundsoccer.com/,https://www.rankedxi.com/crests/usl2-ironbound-sc.png
long-island-rough-riders,Long Island Rough Riders,usl2,USL League Two,amateur,M,Hempstead,NY,40.6737,-73.6191,verified,1420,real_results,https://liroughriders.com/,https://www.rankedxi.com/crests/usl2-long-island-rough-riders.png
manhattan-sc,Manhattan SC,usl2,USL League Two,amateur,M,New York,NY,40.7127,-74.006,verified,1375,real_results,https://www.manhattansc.org/,https://www.rankedxi.com/crests/usl2-manhattan-sc.png
morris-elite-sc,Morris Elite SC,usl2,USL League Two,amateur,M,Livingston,NJ,40.7959,-74.3149,verified,1334,real_results,https://morriselitesoccer.com/,https://www.rankedxi.com/crests/usl2-morris-elite-sc.png
new-jersey-copa-fc,New Jersey Copa FC,usl2,USL League Two,amateur,M,Metuchen,NJ,40.5432,-74.3632,verified,1329,real_results,https://www.fccopa.com/,https://www.rankedxi.com/crests/usl2-new-jersey-copa-fc.png
staten-island-asc,Staten Island ASC,usl2,USL League Two,amateur,M,Staten Island,NY,40.5835,-74.1496,verified,1340,real_results,https://www.statenislandmonarchs.com/,https://www.rankedxi.com/crests/usl2-staten-island-asc.png
westchester-flames,Westchester Flames,usl2,USL League Two,amateur,M,New Rochelle,NY,40.9115,-73.7826,verified,1325,real_results,https://www.westchestersc.com/,https://www.rankedxi.com/crests/usl2-westchester-flames.png
annapolis-blues-fc,Annapolis Blues FC,usl2,USL League Two,amateur,M,Annapolis,MD,38.9786,-76.4928,verified,1410,real_results,http://annapolisblues.com/,https://www.rankedxi.com/crests/usl2-annapolis-blues-fc.png
bethesda-sc,Bethesda SC,usl2,USL League Two,amateur,M,Bethesda,MD,38.9813,-77.1234,verified,1380,real_results,,https://www.rankedxi.com/crests/usl2-bethesda-sc.png
charlottesville-blues-fc,Charlottesville Blues FC,usl2,USL League Two,amateur,M,Charlottesville,VA,38.0293,-78.4767,verified,1410,real_results,https://www.charlottesvillebluesfc.com/,https://www.rankedxi.com/crests/usl2-charlottesville-blues-fc.png
christos-fc,Christos FC,usl2,USL League Two,amateur,M,Baltimore,MD,39.2909,-76.6108,verified,1404,real_results,http://www.christosfc.com/,https://www.rankedxi.com/crests/usl2-christos-fc.png
hill-city-fc,Hill City FC,usl2,USL League Two,amateur,M,Lynchburg,VA,37.4138,-79.1422,verified,1374,real_results,http://ourcitysc.com/,https://www.rankedxi.com/crests/usl2-hill-city-fc.png
lionsbridge-fc,Lionsbridge FC,usl2,USL League Two,amateur,M,Newport News,VA,36.9775,-76.4298,verified,1447,real_results,http://www.lionsbridgefc.com/,https://www.rankedxi.com/crests/usl2-lionsbridge-fc.png
loudoun-united-fc-2,Loudoun United FC 2,usl2,USL League Two,amateur,M,Leesburg,VA,39.1155,-77.5646,verified,1401,real_results,https://loudoununitedfc.com/,https://www.rankedxi.com/crests/usl2-loudoun-united-fc-2.png
northern-virginia-fc,Northern Virginia FC,usl2,USL League Two,amateur,M,Leesburg,VA,39.1155,-77.5646,verified,1386,real_results,https://www.novafcalliance.club/,https://www.rankedxi.com/crests/usl2-northern-virginia-fc.png
patuxent-football-athletics,Patuxent Football Athletics,usl2,USL League Two,amateur,M,Leonardtown,MD,38.2912,-76.6358,verified,1270,real_results,,https://www.rankedxi.com/crests/usl2-patuxent-football-athletics.png
virginia-beach-united-fc,Virginia Beach United FC,usl2,USL League Two,amateur,M,Virginia Beach,VA,36.8497,-75.9761,verified,1409,real_results,https://beachsportsplex.com/vb-united,https://www.rankedxi.com/crests/usl2-virginia-beach-united-fc.png
virginia-marauders-fc,Virginia Marauders FC,usl2,USL League Two,amateur,M,Winchester,VA,39.1852,-78.1652,verified,1279,real_results,https://www.vamfc.org/,https://www.rankedxi.com/crests/usl2-virginia-marauders-fc.png
appalachian-fc,Appalachian FC,usl2,USL League Two,amateur,M,Boone,NC,36.2188,-81.684,verified,1439,real_results,https://www.appalachianfc.com/,https://www.rankedxi.com/crests/usl2-appalachian-fc.png
asheville-city-sc,Asheville City SC,usl2,USL League Two,amateur,M,Asheville,NC,35.5954,-82.5508,verified,1494,real_results,http://ourcitysc.com/,
charlotte-eagles,Charlotte Eagles,usl2,USL League Two,amateur,M,Charlotte,NC,35.2272,-80.8431,verified,1371,real_results,https://www.charlotteeagles.com/,https://www.rankedxi.com/crests/usl2-charlotte-eagles.png
charlotte-independence-ii,Charlotte Independence II,usl2,USL League Two,amateur,M,Rock Hill,SC,34.9249,-81.0251,verified,1432,real_results,https://www.charlotteindependence.com/,https://www.rankedxi.com/crests/usl2-charlotte-independence-ii.png
hickory-fc,Hickory FC,usl2,USL League Two,amateur,M,Hickory,NC,35.7333,-81.3443,verified,1416,real_results,https://www.hickoryfc.com/,https://www.rankedxi.com/crests/usl2-hickory-fc.png
north-carolina-fc-u23,North Carolina FC U23,usl2,USL League Two,amateur,M,Cary,NC,35.7883,-78.7812,verified,1339,real_results,https://www.northcarolinafc.com/ncfcu23,https://www.rankedxi.com/crests/usl2-north-carolina-fc-u23.png
port-city-fc,Port City FC,usl2,USL League Two,amateur,M,Wilmington,NC,34.2353,-77.9487,verified,1309,real_results,http://ourcitysc.com/,https://www.rankedxi.com/crests/usl2-port-city-fc.png
salem-city-fc,Salem City FC,usl2,USL League Two,amateur,M,Winston-Salem,NC,36.0998,-80.2441,verified,1355,real_results,http://ourcitysc.com/,
sc-united-bantams,SC United Bantams,usl2,USL League Two,amateur,M,Columbia,SC,34.0008,-81.0352,verified,1356,real_results,http://www.southcarolinaunitedfc.com/,https://www.rankedxi.com/crests/usl2-sc-united-bantams.png
tobacco-road-fc,Tobacco Road FC,usl2,USL League Two,amateur,M,Durham,NC,35.9967,-78.9018,verified,1343,real_results,https://www.tobaccoroadfc.com/,https://www.rankedxi.com/crests/usl2-tobacco-road-fc.png
wake-fc,Wake FC,usl2,USL League Two,amateur,M,Holly Springs,NC,35.6513,-78.8336,verified,1316,real_results,https://www.wakefc.com/,https://www.rankedxi.com/crests/usl2-wake-fc.png
akron-city-fc,Akron City FC,usl2,USL League Two,amateur,M,Akron,OH,41.0831,-81.5185,verified,1426,real_results,http://www.akroncityfc.com/,https://www.rankedxi.com/crests/usl2-akron-city-fc.png
fc-buffalo,FC Buffalo,usl2,USL League Two,amateur,M,Buffalo,NY,42.8864,-78.8781,verified,1413,real_results,http://www.fcbuffalo.org/,https://www.rankedxi.com/crests/usl2-fc-buffalo.png
cleveland-force-sc,Cleveland Force SC,usl2,USL League Two,amateur,M,Cleveland,OH,41.4997,-81.6937,verified,1330,real_results,http://www.clevelandforcesc.com/,https://www.rankedxi.com/crests/usl2-cleveland-force-sc.png
erie-sports-center-fc,Erie Sports Center FC,usl2,USL League Two,amateur,M,Erie,PA,42.1295,-80.0853,verified,1288,real_results,http://www.eriesportscenter.com/,https://www.rankedxi.com/crests/usl2-erie-sports-center-fc.png
lorain-county-leviathan-fc,Lorain County Leviathan FC,usl2,USL League Two,amateur,M,Avon,OH,41.4517,-82.0351,verified,1377,real_results,https://loraincountyleviathanfc.com/,https://www.rankedxi.com/crests/usl2-lorain-county-leviathan-fc.png
pittsburgh-riverhounds-2,Pittsburgh Riverhounds 2,usl2,USL League Two,amateur,M,Pittsburgh,PA,40.4407,-80.0026,verified,1380,real_results,https://www.riverhounds.com/,https://www.rankedxi.com/crests/usl2-pittsburgh-riverhounds-2.png
steel-city-fc,Steel City FC,usl2,USL League Two,amateur,M,Cheswick,PA,40.5411,-79.8013,verified,1459,real_results,http://ourcitysc.com/,https://www.rankedxi.com/crests/usl2-steel-city-fc.png
dayton-dutch-lions,Dayton Dutch Lions,usl2,USL League Two,amateur,M,West Carrollton,OH,39.6723,-84.2522,verified,1364,real_results,https://ddlfc.com/,https://www.rankedxi.com/crests/usl2-dayton-dutch-lions.png
kings-hammer-fc-columbus,Kings Hammer FC Columbus,usl2,USL League Two,amateur,M,Columbus,OH,39.9623,-83.0007,verified,1390,real_results,https://www.khfccolumbus.com/,https://www.rankedxi.com/crests/usl2-kings-hammer-fc-columbus.png
louisville-city-fc-u-23,Louisville City FC U-23,usl2,USL League Two,amateur,M,Louisville,KY,38.2542,-85.7594,verified,1376,real_results,https://www.loucity.com/,
northern-indiana-fc,Northern Indiana FC,usl2,USL League Two,amateur,M,South Bend,IN,41.6834,-86.25,verified,1395,real_results,https://www.northernindiana-fc.com/,https://www.rankedxi.com/crests/usl2-northern-indiana-fc.png
toledo-villa-fc,Toledo Villa FC,usl2,USL League Two,amateur,M,Toledo,OH,41.6529,-83.5378,verified,1323,real_results,http://www.toledovillafc.com/,https://www.rankedxi.com/crests/usl2-toledo-villa-fc.png
west-virginia-united,West Virginia United,usl2,USL League Two,amateur,M,Dunbar,WV,38.3607,-81.7373,verified,1400,real_results,https://www.wvutd.com/,https://www.rankedxi.com/crests/usl2-west-virginia-united.png
afc-ann-arbor,AFC Ann Arbor,usl2,USL League Two,amateur,M,Ann Arbor,MI,42.2814,-83.7485,verified,1383,real_results,http://www.afcannarbor.com/,https://www.rankedxi.com/crests/usl2-afc-ann-arbor.png
flint-city-bucks,Flint City Bucks,usl2,USL League Two,amateur,M,Flint,MI,43.0162,-83.69,verified,1515,real_results,http://ourcitysc.com/,https://www.rankedxi.com/crests/usl2-flint-city-bucks.png
kalamazoo-fc,Kalamazoo FC,usl2,USL League Two,amateur,M,Kalamazoo,MI,42.2917,-85.5872,verified,1393,real_results,https://www.kalamazoofc.com/,https://www.rankedxi.com/crests/usl2-kalamazoo-fc.png
lansing-city-football,Lansing City Football,usl2,USL League Two,amateur,M,Lansing,MI,42.7338,-84.5546,verified,1305,real_results,http://ourcitysc.com/,
midwest-united-fc,Midwest United FC,usl2,USL League Two,amateur,M,Grand Rapids,MI,42.9632,-85.6679,verified,1403,real_results,https://www.midwestunitedfc.com/,https://www.rankedxi.com/crests/usl2-midwest-united-fc.png
oakland-county-fc,Oakland County FC,usl2,USL League Two,amateur,M,Clawson,MI,42.5334,-83.1463,verified,1375,real_results,http://oaklandcountyfc.com/,https://www.rankedxi.com/crests/usl2-oakland-county-fc.png
union-fc-macomb,Union FC Macomb,usl2,USL League Two,amateur,M,Macomb Township,MI,42.6726,-82.9179,verified,1331,real_results,https://www.unionfcmacomb.com/,https://www.rankedxi.com/crests/usl2-union-fc-macomb.png
chicago-dutch-lions-fc,Chicago Dutch Lions FC,usl2,USL League Two,amateur,M,River Forest,IL,41.8978,-87.8139,verified,1373,real_results,https://chicagodlfc.com/,https://www.rankedxi.com/crests/usl2-chicago-dutch-lions-fc.png
edgewater-castle-fc,Edgewater Castle FC,usl2,USL League Two,amateur,M,Chicago,IL,41.8756,-87.6244,verified,1341,real_results,https://www.edgewatercastlefc.com/,https://www.rankedxi.com/crests/usl2-edgewater-castle-fc.png
minneapolis-city-sc,Minneapolis City SC,usl2,USL League Two,amateur,M,Minneapolis,MN,44.9773,-93.2655,verified,1443,real_results,http://ourcitysc.com/,
river-light-fc,River Light FC,usl2,USL League Two,amateur,M,Aurora,IL,41.7572,-88.3148,verified,1364,real_results,https://www.riverlightfc.com/,https://www.rankedxi.com/crests/usl2-river-light-fc.png
rkc-third-coast,RKC Third Coast,usl2,USL League Two,amateur,M,Racine,WI,42.7314,-87.7835,verified,1382,real_results,https://www.rkcthirdcoast.com/,https://www.rankedxi.com/crests/usl2-rkc-third-coast.png
rockford-raptors-fc,Rockford Raptors FC,usl2,USL League Two,amateur,M,Rockford,IL,42.2714,-89.094,verified,1372,real_results,https://www.rockfordraptors.org/,https://www.rankedxi.com/crests/usl2-rockford-raptors-fc.png
st-croix-legends,St. Croix Legends,usl2,USL League Two,amateur,M,Stillwater,MN,45.0559,-92.8076,verified,1390,real_results,https://www.stcroixlegends.org/,https://www.rankedxi.com/crests/usl2-st-croix-legends.png
sueno-fc,Sueño FC,usl2,USL League Two,amateur,M,Joliet,IL,41.5264,-88.084,verified,1424,real_results,https://pearsonsportsgroup.com/sueno-football-club,https://www.rankedxi.com/crests/usl2-sueno-fc.png
fc-ambush,FC Ambush,usl2,USL League Two,amateur,M,Creve Coeur,MO,38.6613,-90.4424,verified,1361,real_results,https://www.stlambush.com/,https://www.rankedxi.com/crests/usl2-fc-ambush.png
des-moines-menace,Des Moines Menace,usl2,USL League Two,amateur,M,Des Moines,IA,41.5869,-93.6249,verified,1401,real_results,http://www.menacesoccer.com/,https://www.rankedxi.com/crests/usl2-des-moines-menace.png
peoria-city,Peoria City,usl2,USL League Two,amateur,M,Peoria,IL,40.6939,-89.5891,verified,1443,real_results,http://ourcitysc.com/,https://www.rankedxi.com/crests/usl2-peoria-city.png
santafe-wanderers-fc,Santafé Wanderers FC,usl2,USL League Two,amateur,M,Kansas City,KS,39.1135,-94.6265,verified,1412,real_results,https://www.santafewanderers.com/,https://www.rankedxi.com/crests/usl2-santafe-wanderers-fc.png
springfield-fc,Springfield FC,usl2,USL League Two,amateur,M,Springfield,IL,39.799,-89.644,verified,1335,real_results,https://springfield-fc.com/,https://www.rankedxi.com/crests/usl2-springfield-fc.png
sunflower-state-fc,Sunflower State FC,usl2,USL League Two,amateur,M,Overland Park,KS,38.9743,-94.6852,verified,1342,real_results,http://sunflowerstatefc.com/,https://www.rankedxi.com/crests/usl2-sunflower-state-fc.png
apotheos-fc,Apotheos FC,usl2,USL League Two,amateur,M,Atlanta,GA,33.7545,-84.3898,verified,1342,real_results,https://www.apotheosfc.com/,https://www.rankedxi.com/crests/usl2-apotheos-fc.png
birmingham-legion-2,Birmingham Legion 2,usl2,USL League Two,amateur,M,Birmingham,AL,33.5207,-86.8024,verified,1353,real_results,https://www.bhmlegion.com/,https://www.rankedxi.com/crests/usl2-birmingham-legion-2.png
columbus-united-fc,Columbus United FC,usl2,USL League Two,amateur,M,Columbus,GA,32.4611,-84.988,verified,1388,real_results,https://www.columbusunitedfc.com/,https://www.rankedxi.com/crests/usl2-columbus-united-fc.png
dothan-united-dragons,Dothan United Dragons,usl2,USL League Two,amateur,M,Dothan,AL,31.2237,-85.3934,verified,1416,real_results,http://www.dothanunitedsoccer.com/,https://www.rankedxi.com/crests/usl2-dothan-united-dragons.png
east-atlanta-fc,East Atlanta FC,usl2,USL League Two,amateur,M,Atlanta,GA,33.7545,-84.3898,verified,1353,real_results,https://www.eastatlantafc.com/,https://www.rankedxi.com/crests/usl2-east-atlanta-fc.png
montgomery-united-fc,Montgomery United FC,usl2,USL League Two,amateur,M,Montgomery,AL,32.3777,-86.3091,verified,1352,real_results,https://www.montgomeryunitedfc.com/,https://www.rankedxi.com/crests/usl2-montgomery-united-fc.png
ssa-swarm-fc,SSA Swarm FC,usl2,USL League Two,amateur,M,Dallas,GA,33.9237,-84.8408,verified,1422,real_results,https://www.ssaswarm.com/,https://www.rankedxi.com/crests/usl2-ssa-swarm-fc.png
brave-sc,Brave SC,usl2,USL League Two,amateur,M,Summerfield,FL,29.0086,-82.0348,verified,1406,real_results,https://www.bravesc.com/,https://www.rankedxi.com/crests/usl2-brave-sc.png
brooke-house-fc,Brooke House FC,usl2,USL League Two,amateur,M,Maitland,FL,28.6275,-81.3656,verified,1355,real_results,https://www.brookehousefc.com/,https://www.rankedxi.com/crests/usl2-brooke-house-fc.png
inter-gainesville-kf,Inter Gainesville KF,usl2,USL League Two,amateur,M,Gainesville,FL,29.652,-82.325,verified,1383,real_results,https://www.intergainesville.com/,https://www.rankedxi.com/crests/usl2-inter-gainesville-kf.png
nona-fc,NONA FC,usl2,USL League Two,amateur,M,Orlando,FL,28.5421,-81.379,verified,1394,real_results,https://www.nonasocceracademy.com/usl2,https://www.rankedxi.com/crests/usl2-nona-fc.png
sporting-jax,Sporting JAX,usl2,USL League Two,amateur,M,Jacksonville,FL,30.3262,-81.6579,verified,1353,real_results,https://www.sportingjax.com/,https://www.rankedxi.com/crests/usl2-sporting-jax.png
fc-miami-city,FC Miami City,usl2,USL League Two,amateur,M,Lauderhill,FL,26.1404,-80.2134,verified,1324,real_results,https://www.miamifc.com/,https://www.rankedxi.com/crests/usl2-fc-miami-city.png
fort-lauderdale-united-fc,Fort Lauderdale United FC,usl2,USL League Two,amateur,M,Fort Lauderdale,FL,26.1223,-80.1434,verified,1476,real_results,https://www.ftlutd.com/,https://www.rankedxi.com/crests/usl2-fort-lauderdale-united-fc.png
miami-ac,Miami AC,usl2,USL League Two,amateur,M,Miami,FL,25.7742,-80.1936,verified,1365,real_results,https://www.miamifc.com/,
hattiesburg-fc,Hattiesburg FC,usl2,USL League Two,amateur,M,Hattiesburg,MS,31.3271,-89.2903,verified,1377,real_results,https://www.hattiesburgfc.com/page/show/5765585-usl2,https://www.rankedxi.com/crests/usl2-hattiesburg-fc.png
jackson-boom,Jackson Boom,usl2,USL League Two,amateur,M,Jackson,TN,35.6144,-88.8177,verified,1288,real_results,,https://www.rankedxi.com/crests/usl2-jackson-boom.png
little-rock-rangers,Little Rock Rangers,usl2,USL League Two,amateur,M,Little Rock,AR,34.7465,-92.2896,verified,1432,real_results,http://littlerockrangers.com/,https://www.rankedxi.com/crests/usl2-little-rock-rangers.png
louisiana-krewe-fc,Louisiana Krewe FC,usl2,USL League Two,amateur,M,Lafayette,LA,30.2262,-92.0178,verified,1398,real_results,https://www.lakrewefc.org/,https://www.rankedxi.com/crests/usl2-louisiana-krewe-fc.png
memphis-fc,Memphis FC,usl2,USL League Two,amateur,M,Memphis,TN,35.146,-90.0518,verified,1358,real_results,http://www.gomemphisfc.com/,https://www.rankedxi.com/crests/usl2-memphis-fc.png
mississippi-brilla,Mississippi Brilla,usl2,USL League Two,amateur,M,Clinton,MS,32.3411,-90.3216,verified,1404,real_results,https://brillasoccer.org/,https://www.rankedxi.com/crests/usl2-mississippi-brilla.png
red-river-raiders-fc,Red River Raiders FC,usl2,USL League Two,amateur,M,Shreveport,LA,32.5135,-93.7478,verified,1371,real_results,https://www.redriverfc.com/,https://www.rankedxi.com/crests/usl2-red-river-raiders-fc.png
ahfc-royals,AHFC Royals,usl2,USL League Two,amateur,M,Houston,TX,29.7589,-95.3677,verified,1412,real_results,http://www.ahfcroyals.com/,https://www.rankedxi.com/crests/usl2-ahfc-royals.png
global-football-innovation-academy,Global Football Innovation Academy,usl2,USL League Two,amateur,M,Spring,TX,30.071,-95.4013,verified,1396,real_results,,https://www.rankedxi.com/crests/usl2-global-football-innovation-academy.png
hill-country-lobos,Hill Country Lobos,usl2,USL League Two,amateur,M,Kyle,TX,29.9893,-97.8772,verified,1348,real_results,https://www.hillcountrylobos.com/,https://www.rankedxi.com/crests/usl2-hill-country-lobos.png
lonestar-sc,Lonestar SC,usl2,USL League Two,amateur,M,Austin,TX,30.2711,-97.7437,verified,1385,real_results,https://lonestar-sc.com/,https://www.rankedxi.com/crests/usl2-lonestar-sc.png
san-antonio-fc-2,San Antonio FC 2,usl2,USL League Two,amateur,M,San Antonio,TX,29.4246,-98.4951,verified,1376,real_results,https://www.sanantoniofc.com/,https://www.rankedxi.com/crests/usl2-san-antonio-fc-2.png
twin-city-toucans-fc,Twin City Toucans FC,usl2,USL League Two,amateur,M,Bryan,TX,30.6744,-96.37,verified,1352,real_results,http://ourcitysc.com/,https://www.rankedxi.com/crests/usl2-twin-city-toucans-fc.png
denton-diablos-fc,Denton Diablos FC,usl2,USL League Two,amateur,M,Denton,TX,33.1839,-97.1413,verified,1443,real_results,https://dentondiablos.com/,https://www.rankedxi.com/crests/usl2-denton-diablos-fc.png
fort-worth-vaqueros-fc,Fort Worth Vaqueros FC,usl2,USL League Two,amateur,M,Fort Worth,TX,32.7532,-97.3327,verified,1293,real_results,https://www.fortworthvaqueros.com/,https://www.rankedxi.com/crests/usl2-fort-worth-vaqueros-fc.png
lubbock-matadors-sc,Lubbock Matadors SC,usl2,USL League Two,amateur,M,Lubbock,TX,33.5856,-101.847,verified,1365,real_results,https://www.lubbockmatadors.com/,https://www.rankedxi.com/crests/usl2-lubbock-matadors-sc.png
mckinney-chupacabras-fc,McKinney Chupacabras FC,usl2,USL League Two,amateur,M,McKinney,TX,33.1976,-96.6154,verified,1384,real_results,http://www.mckinneychupacabras.com/,https://www.rankedxi.com/crests/usl2-mckinney-chupacabras-fc.png
west-texas-fc,West Texas FC,usl2,USL League Two,amateur,M,Midland,TX,31.8369,-102.0104,verified,1395,real_results,https://www.westtexasfc.com/,https://www.rankedxi.com/crests/usl2-west-texas-fc.png
albion-sc-colorado,Albion SC Colorado,usl2,USL League Two,amateur,M,Boulder,CO,40.015,-105.2705,verified,1396,real_results,https://www.albionscbouldercounty.org/,https://www.rankedxi.com/crests/usl2-albion-sc-colorado.png
atletico-union,Atlético Unión,usl2,USL League Two,amateur,M,Greeley,CO,40.4233,-104.7091,verified,1362,real_results,https://atleticounion.com/?utm_source=ig&utm_medium=social&utm_content=link_in_bio&fbclid=PAZXh0bgNhZW0CMTEAc3J0YwZhcHBfaWQMMjU2MjgxMDQwNTU4AAGn0dEvBlC17UxVG801rc1uJPpzN5xANmRCNrJwOFMTtEpUs0iMZ8bYaCA4QYY_aem_XgYC79ITr-Hf_JlVIRn0AQ,https://www.rankedxi.com/crests/usl2-atletico-union.png
colorado-international-soccer-academy,Colorado International Soccer Academy,usl2,USL League Two,amateur,M,Aurora,CO,39.7401,-104.8733,verified,1322,real_results,,https://www.rankedxi.com/crests/usl2-colorado-international-soccer-academy.png
colorado-storm,Colorado Storm,usl2,USL League Two,amateur,M,Denver,CO,39.7392,-104.9849,verified,1458,real_results,https://rapidsyouthsoccer.org/elite/,https://www.rankedxi.com/crests/usl2-colorado-storm.png
flatirons-fc,Flatirons FC,usl2,USL League Two,amateur,M,Arvada,CO,39.8006,-105.0812,verified,1309,real_results,https://www.flatironsfc.com/,https://www.rankedxi.com/crests/usl2-flatirons-fc.png
real-colorado,Real Colorado,usl2,USL League Two,amateur,M,Meridan,CO,40.028,-105.5122,verified,1355,real_results,https://www.realcolorado.net/,https://www.rankedxi.com/crests/usl2-real-colorado.png
utah-united,Utah United,usl2,USL League Two,amateur,M,Orem,UT,40.2982,-111.6944,verified,1433,real_results,https://www.utahunitedsoccer.com/,https://www.rankedxi.com/crests/usl2-utah-united.png
ballard-fc,Ballard FC,usl2,USL League Two,amateur,M,Seattle,WA,47.6038,-122.3301,verified,1445,real_results,https://www.goballardfc.com/,
bigfoot-fc,Bigfoot FC,usl2,USL League Two,amateur,M,Maple Valley,WA,47.3664,-122.0437,verified,1326,real_results,http://bigfootfootball.com/,https://www.rankedxi.com/crests/usl2-bigfoot-fc.png
fc-olympia,FC Olympia,usl2,USL League Two,amateur,M,Olympia,WA,47.0451,-122.895,verified,1325,real_results,https://www.fcoly.com/,https://www.rankedxi.com/crests/usl2-fc-olympia.png
midlakes-united,Midlakes United,usl2,USL League Two,amateur,M,Bellevue,WA,47.6144,-122.1923,verified,1367,real_results,https://www.midlakesunited.com/,https://www.rankedxi.com/crests/usl2-midlakes-united.png
portland-bangers-fc,Portland Bangers FC,usl2,USL League Two,amateur,M,Portland,OR,45.5202,-122.6742,verified,1374,real_results,https://www.portlandbangers.com/,https://www.rankedxi.com/crests/usl2-portland-bangers-fc.png
tacoma-stars,Tacoma Stars,usl2,USL League Two,amateur,M,Tacoma,WA,47.2455,-122.4383,verified,1359,real_results,https://www.tacomastars.com/,https://www.rankedxi.com/crests/usl2-tacoma-stars.png
west-seattle-junction-fc,West Seattle Junction FC,usl2,USL League Two,amateur,M,Seattle,WA,47.6038,-122.3301,verified,1355,real_results,https://www.wsjunctionfc.club/,https://www.rankedxi.com/crests/usl2-west-seattle-junction-fc.png
academica-sc,Academica SC,usl2,USL League Two,amateur,M,Turlock,CA,37.4947,-120.8466,verified,1352,real_results,http://www.academicasc.com/,https://www.rankedxi.com/crests/usl2-academica-sc.png
almaden-fc,Almaden FC,usl2,USL League Two,amateur,M,Almaden Valley,CA,37.2216,-121.8618,verified,1433,real_results,https://www.almadenfc.org/,https://www.rankedxi.com/crests/usl2-almaden-fc.png
marin-fc-legends,Marin FC Legends,usl2,USL League Two,amateur,M,Marin County,CA,38.0409,-122.62,verified,1311,real_results,https://www.marinfc.org/marin-fc-siren/,https://www.rankedxi.com/crests/usl2-marin-fc-legends.png
san-francisco-city-fc,San Francisco City FC,usl2,USL League Two,amateur,M,San Francisco,CA,37.7879,-122.4075,verified,1436,real_results,http://ourcitysc.com/,https://www.rankedxi.com/crests/usl2-san-francisco-city-fc.png
san-francisco-glens-sc,San Francisco Glens SC,usl2,USL League Two,amateur,M,San Francisco,CA,37.7879,-122.4075,verified,1353,real_results,https://www.sfglens.com/,https://www.rankedxi.com/crests/usl2-san-francisco-glens-sc.png
san-juan-sc,San Juan SC,usl2,USL League Two,amateur,M,Rancho Cordova,CA,38.5891,-121.3027,verified,1348,real_results,https://sanjuansc.org/,https://www.rankedxi.com/crests/usl2-san-juan-sc.png
city-sc,City SC,usl2,USL League Two,amateur,M,Carlsbad,CA,33.1581,-117.3506,verified,1361,real_results,https://www.loucity.com/,https://www.rankedxi.com/crests/usl2-city-sc.png
fc-tucson,FC Tucson,usl2,USL League Two,amateur,M,Tucson,AZ,32.2229,-110.9748,verified,1412,real_results,https://www.fctucson.com/,https://www.rankedxi.com/crests/usl2-fc-tucson.png
redlands-fc,Redlands FC,usl2,USL League Two,amateur,M,Redlands,CA,34.055,-117.1827,verified,1400,real_results,https://www.redlandsfootballclub.com/,https://www.rankedxi.com/crests/usl2-redlands-fc.png
southern-california-eagles,Southern California Eagles,usl2,USL League Two,amateur,M,La Mirada,CA,33.9061,-118.0107,verified,1344,real_results,https://www.thesocaleagles.com/home,https://www.rankedxi.com/crests/usl2-southern-california-eagles.png
stars-fc,Stars FC,usl2,USL League Two,amateur,M,Glendale,AZ,33.5387,-112.186,verified,1373,real_results,https://www.cedarstarsrush.com/,https://www.rankedxi.com/crests/usl2-stars-fc.png
ventura-county-fusion,Ventura County Fusion,usl2,USL League Two,amateur,M,Ventura,CA,34.4458,-119.0779,verified,1440,real_results,http://www.vcfusion.com/,https://www.rankedxi.com/crests/usl2-ventura-county-fusion.png
arizona-arsenal-soccer-club,Arizona Arsenal Soccer Club,wpsl,WPSL,amateur,W,Mesa,AZ,33.4151,-111.8315,verified,1488,standings,https://www.wpslsoccer.com/teams/arizona-arsenal-soccer-club,https://www.rankedxi.com/crests/wpsl-arizona-arsenal-soccer-club.png
desert-dreams-fc,Desert Dreams FC,wpsl,WPSL,amateur,W,Peoria,AZ,33.5806,-112.2373,verified,1498,standings,https://www.wpslsoccer.com/teams/desert-dreams-f-c,https://www.rankedxi.com/crests/wpsl-desert-dreams-fc.png
el-paso-surf-wpsl,El Paso Surf,wpsl,WPSL,amateur,W,El Paso,TX,31.7601,-106.487,verified,1536,standings,https://www.wpslsoccer.com/teams/el-paso-surf,https://www.rankedxi.com/crests/wpsl-el-paso-surf.png
fc-tucson-wpsl,FC Tucson,wpsl,WPSL,amateur,W,Tucson,AZ,32.2229,-110.9748,verified,1543,standings,http://www.fctucson.com/,https://www.rankedxi.com/crests/wpsl-fc-tucson.png
royals-az,Royals AZ,wpsl,WPSL,amateur,W,Scottsdale,AZ,33.4942,-111.926,verified,1590,standings,https://www.wpslsoccer.com/teams/royals-az,https://www.rankedxi.com/crests/wpsl-royals-az.png
aggies-fc,Aggies FC,wpsl,WPSL,amateur,W,Fort Collins,CO,40.5872,-105.077,verified,1536,standings,https://www.wpslsoccer.com/teams/aggies-fc,https://www.rankedxi.com/crests/wpsl-aggies-fc.png
colorado-elevation-fc,Colorado Elevation FC,wpsl,WPSL,amateur,W,Highland Ranch,CO,39.1252,-106.8461,verified,1511,standings,,https://www.rankedxi.com/crests/wpsl-colorado-elevation-fc.png
colorado-pride,Colorado Pride,wpsl,WPSL,amateur,W,Colorado Springs,CO,38.834,-104.8253,verified,1550,standings,https://www.wpslsoccer.com/teams/colorado-pride,https://www.rankedxi.com/crests/wpsl-colorado-pride.png
northern-colorado-rain-fc,Northern Colorado Rain FC,wpsl,WPSL,amateur,W,Windsor,CO,40.4775,-104.9014,verified,1543,standings,https://www.wpslsoccer.com/teams/northern-colorado-rain-fc,https://www.rankedxi.com/crests/wpsl-northern-colorado-rain-fc.png
wpsl-denver,WPSL Denver,wpsl,WPSL,amateur,W,Denver,CO,39.7392,-104.9849,verified,,,,
black-diamond-fc,Black Diamond FC,wpsl,WPSL,amateur,W,Salt Lake City,UT,40.7596,-111.8868,verified,1577,standings,https://www.wpslsoccer.com/teams/black-diamond-fc,https://www.rankedxi.com/crests/wpsl-black-diamond-fc.png
city-sc-utah,City SC Utah,wpsl,WPSL,amateur,W,Sandy,UT,40.571,-111.8954,verified,1475,standings,https://www.wpslsoccer.com/teams/city-sc-utah,https://www.rankedxi.com/crests/wpsl-city-sc-utah.png
la-roca-fc,La Roca FC,wpsl,WPSL,amateur,W,South Weber,UT,41.1344,-111.9434,verified,1543,standings,https://www.wpslsoccer.com/teams/la-roca-fc,https://www.rankedxi.com/crests/wpsl-la-roca-fc.png
fresno-freeze,Fresno Freeze,wpsl,WPSL,amateur,W,Fresno,CA,36.7394,-119.7848,verified,1492,standings,https://www.wpslsoccer.com/teams/fresno-freeze-fc,https://www.rankedxi.com/crests/wpsl-fresno-freeze.png
fuego-femenil,Fuego Femenil,wpsl,WPSL,amateur,W,Fresno,CA,36.7394,-119.7848,verified,1545,standings,https://www.wpslsoccer.com/teams/fuego-femenil,https://www.rankedxi.com/crests/wpsl-fuego-femenil.png
lamorinda-united,Lamorinda United,wpsl,WPSL,amateur,W,Moraga,CA,37.8349,-122.1288,verified,1547,standings,https://www.wpslsoccer.com/teams/lamorinda-united,https://www.rankedxi.com/crests/wpsl-lamorinda-united.png
san-francisco-glens,San Francisco Glens,wpsl,WPSL,amateur,W,San Francisco,CA,37.7879,-122.4075,verified,1515,standings,https://www.sfglens.com/,https://www.rankedxi.com/crests/wpsl-san-francisco-glens.png
san-francisco-nighthawks,San Francisco Nighthawks,wpsl,WPSL,amateur,W,San Francisco,CA,37.7879,-122.4075,verified,1553,standings,https://www.wpslsoccer.com/teams/san-francisco-nighthawks,https://www.rankedxi.com/crests/wpsl-san-francisco-nighthawks.png
san-ramon-fc-wpsl,San Ramon FC,wpsl,WPSL,amateur,W,San Ramon,CA,37.7648,-121.9544,verified,1516,standings,https://www.wpslsoccer.com/teams/san-ramon-fc,https://www.rankedxi.com/crests/wpsl-san-ramon-fc.png
wpsl-east-bay,WPSL East Bay,wpsl,WPSL,amateur,W,Oakland,CA,37.8045,-122.2714,verified,,,,
california-storm,California Storm,wpsl,WPSL,amateur,W,Davis,CA,38.5436,-121.739,verified,1616,standings,http://www.calstormsoccer.com,https://www.rankedxi.com/crests/wpsl-california-storm.png
fc-davis-wpsl,FC Davis,wpsl,WPSL,amateur,W,Davis,CA,38.5436,-121.739,verified,1516,standings,https://www.footballclubdavis.com,https://www.rankedxi.com/crests/wpsl-fc-davis.png
iron-rose-fc-wpsl,Iron Rose FC,wpsl,WPSL,amateur,W,Roseville,CA,38.7521,-121.288,verified,1559,standings,https://www.wpslsoccer.com/teams/iron-rose-fc,https://www.rankedxi.com/crests/wpsl-iron-rose-fc.png
napa-valley-1839-fc-wpsl,Napa Valley 1839 FC,wpsl,WPSL,amateur,W,Napa,CA,38.4899,-122.3218,verified,1542,standings,http://napanpsl.com/,https://www.rankedxi.com/crests/wpsl-napa-valley-1839-fc.png
nevada-futbol-club,Nevada Futbol Club,wpsl,WPSL,amateur,W,Reno,NV,39.5262,-119.8127,verified,1470,standings,https://www.wpslsoccer.com/teams/nevada-futbol-club,https://www.rankedxi.com/crests/wpsl-nevada-futbol-club.png
yuba-football-club,Yuba Football Club,wpsl,WPSL,amateur,W,Sacramento,CA,38.5811,-121.4939,verified,1497,standings,https://www.wpslsoccer.com/teams/yuba-football-club,https://www.rankedxi.com/crests/wpsl-yuba-football-club.png
portland-thorns-fc-ii,Portland Thorns FC II,wpsl,WPSL,amateur,W,Portland,OR,45.5202,-122.6742,verified,1567,standings,https://www.wpslsoccer.com/teams/portland-thorns-fc-ii,https://www.rankedxi.com/crests/wpsl-portland-thorns-fc-ii.png
seattle-reign-fc-ii,Seattle Reign FC II,wpsl,WPSL,amateur,W,Seattle,WA,47.6038,-122.3301,verified,,,,https://www.rankedxi.com/crests/wpsl-seattle-reign-fc-ii.png
vancouver-victory-fc,Vancouver Victory FC,wpsl,WPSL,amateur,W,Vancouver,WA,45.6307,-122.6745,verified,1460,standings,https://www.wpslsoccer.com/teams/vancouver-victory-fc,https://www.rankedxi.com/crests/wpsl-vancouver-victory-fc.png
westside-metros-fc-wpsl,Westside Metros FC,wpsl,WPSL,amateur,W,Beaverton,OR,45.4872,-122.8038,verified,1503,standings,https://www.wpslsoccer.com/teams/westside-metros-fc,https://www.rankedxi.com/crests/wpsl-westside-metros-fc.png
beach-futbol-club,Beach Futbol Club,wpsl,WPSL,amateur,W,Long Beach,CA,33.769,-118.1916,verified,1526,standings,https://www.wpslsoccer.com/teams/beach-futbol-club,https://www.rankedxi.com/crests/wpsl-beach-futbol-club.png
fc-premier-women,FC Premier Women,wpsl,WPSL,amateur,W,Bellflower,CA,33.8826,-118.1168,verified,1548,standings,https://www.wpslsoccer.com/teams/fc-premier,https://www.rankedxi.com/crests/wpsl-fc-premier-women.png
la-surf-soccer-club,LA Surf Soccer Club,wpsl,WPSL,amateur,W,Pasadena,CA,34.1477,-118.1442,verified,1464,standings,https://www.wpslsoccer.com/teams/la-surf-soccer-club,https://www.rankedxi.com/crests/wpsl-la-surf-soccer-club.png
southern-california-eagles-wpsl,Southern California Eagles,wpsl,WPSL,amateur,W,La Mirada,CA,33.9061,-118.0107,verified,1538,standings,https://www.wpslsoccer.com/teams/southern-california-eagles,https://www.rankedxi.com/crests/wpsl-southern-california-eagles.png
albion-san-diego,ALBION San Diego,wpsl,WPSL,amateur,W,San Diego,CA,32.7174,-117.1628,verified,1490,standings,http://albionscpros.com/,https://www.rankedxi.com/crests/wpsl-albion-san-diego.png
future-fc-wpsl,Future FC,wpsl,WPSL,amateur,W,Anaheim,CA,33.8348,-117.9117,verified,1529,standings,http://www.futuresportsclub.com/index.html,https://www.rankedxi.com/crests/wpsl-future-fc.png
rebels-soccer-club,Rebels Soccer Club,wpsl,WPSL,amateur,W,San Diego,CA,32.7174,-117.1628,verified,1551,standings,https://www.wpslsoccer.com/teams/rebels-soccer-club,https://www.rankedxi.com/crests/wpsl-rebels-soccer-club.png
san-diego-parceiro-ladies,San Diego Parceiro Ladies,wpsl,WPSL,amateur,W,San Diego,CA,32.7174,-117.1628,verified,1490,standings,,https://www.rankedxi.com/crests/wpsl-san-diego-parceiro-ladies.png
so-cal-union-fc,So Cal Union FC,wpsl,WPSL,amateur,W,Temecula,CA,33.4946,-117.1474,verified,1537,standings,https://socalunionfc.com/,https://www.rankedxi.com/crests/wpsl-so-cal-union-fc.png
bavarian-united-sc,Bavarian United SC,wpsl,WPSL,amateur,W,Glendale,WI,43.125,-87.9286,verified,1593,standings,https://www.bavarianunited.com/,https://www.rankedxi.com/crests/wpsl-bavarian-united-sc.png
chicago-house-ac,Chicago House AC,wpsl,WPSL,amateur,W,Chicago,IL,41.8756,-87.6244,verified,1581,standings,https://www.chicagohouseac.com/,https://www.rankedxi.com/crests/wpsl-chicago-house-ac.png
chicago-kics-football-club,Chicago KICS Football Club,wpsl,WPSL,amateur,W,Chicago,IL,41.8756,-87.6244,verified,1517,standings,https://www.wpslsoccer.com/teams/chicago-kics-football-club,https://www.rankedxi.com/crests/wpsl-chicago-kics-football-club.png
fc-milwaukee-torrent,FC Milwaukee Torrent,wpsl,WPSL,amateur,W,Wauwatosa,WI,43.0494,-88.0079,verified,1602,standings,https://www.wpslsoccer.com/teams/fc-milwaukee-torrent,https://www.rankedxi.com/crests/wpsl-fc-milwaukee-torrent.png
green-bay-glory,Green Bay Glory,wpsl,WPSL,amateur,W,Green Bay,WI,44.5126,-88.0126,verified,1507,standings,http://greenbayglory.com,https://www.rankedxi.com/crests/wpsl-green-bay-glory.png
milwaukee-city-afc,Milwaukee City AFC,wpsl,WPSL,amateur,W,Milwaukee,WI,43.0386,-87.9091,verified,1420,standings,,https://www.rankedxi.com/crests/wpsl-milwaukee-city-afc.png
austin-rise-fc,Austin Rise FC,wpsl,WPSL,amateur,W,Austin,TX,30.2711,-97.7437,verified,1568,standings,https://www.wpslsoccer.com/teams/austin-rise-fc,https://www.rankedxi.com/crests/wpsl-austin-rise-fc.png
fc-dallas-wpsl,FC Dallas,wpsl,WPSL,amateur,W,Frisco,TX,33.1506,-96.8238,verified,1568,standings,https://www.fcdallas.com/,https://www.rankedxi.com/crests/wpsl-fc-dallas.png
fort-worth-vaqueras,Fort Worth Vaqueras,wpsl,WPSL,amateur,W,Fort Worth,TX,32.7532,-97.3327,verified,1515,standings,https://www.wpslsoccer.com/teams/fort-worth-vaqueras-fc,https://www.rankedxi.com/crests/wpsl-fort-worth-vaqueras.png
southstar-fc,SouthStar FC,wpsl,WPSL,amateur,W,Addison,TX,32.9601,-96.83,verified,1498,standings,https://www.wpslsoccer.com/teams/southstar-fc,https://www.rankedxi.com/crests/wpsl-southstar-fc.png
fc-pride-wpsl,FC Pride,wpsl,WPSL,amateur,W,Indianapolis,IN,39.7683,-86.1584,verified,1533,standings,https://www.wpslsoccer.com/teams/colorado-pride,https://www.rankedxi.com/crests/wpsl-fc-pride.png
junction-fc,Junction FC,wpsl,WPSL,amateur,W,Urbana,IL,40.1117,-88.2073,verified,1544,standings,https://www.wpslsoccer.com/teams/junction-fc,https://www.rankedxi.com/crests/wpsl-junction-fc.png
lou-fusz-athletic,Lou Fusz Athletic,wpsl,WPSL,amateur,W,Earth City,MO,38.7689,-90.4682,verified,1574,standings,https://www.wpslsoccer.com/teams/lou-fusz-athletic,https://www.rankedxi.com/crests/wpsl-lou-fusz-athletic.png
missouri-reign,Missouri Reign,wpsl,WPSL,amateur,W,Columbia,MO,38.9519,-92.3337,verified,1508,standings,https://www.wpslsoccer.com/teams/missouri-reign,https://www.rankedxi.com/crests/wpsl-missouri-reign.png
missouri-rush,Missouri Rush,wpsl,WPSL,amateur,W,St. Louis,MO,38.6254,-90.19,verified,1469,standings,https://www.wpslsoccer.com/teams/missouri-rush,https://www.rankedxi.com/crests/wpsl-missouri-rush.png
fc-wichita-wpsl,FC Wichita,wpsl,WPSL,amateur,W,Wichita,KS,37.6922,-97.3375,verified,1469,standings,https://fcwichita.soccershift.com/,https://www.rankedxi.com/crests/wpsl-fc-wichita.png
kc-courage,KC Courage,wpsl,WPSL,amateur,W,Kansas City,MO,39.1001,-94.5781,verified,,,,https://www.rankedxi.com/crests/wpsl-kc-courage.png
oklahoma-city-fc,Oklahoma City FC,wpsl,WPSL,amateur,W,Mustang,OK,35.3842,-97.7245,verified,1568,standings,http://www.oklahomacityfc.com/,https://www.rankedxi.com/crests/wpsl-oklahoma-city-fc.png
side-fc-92,Side FC 92,wpsl,WPSL,amateur,W,Tulsa,OK,36.1563,-95.9928,verified,1494,standings,https://www.wpslsoccer.com/teams/side-fc-92-tulsa,https://www.rankedxi.com/crests/wpsl-side-fc-92.png
sunflower-state-fc-wpsl,Sunflower State FC,wpsl,WPSL,amateur,W,Overland Park,KS,38.9743,-94.6852,verified,1534,standings,https://www.sunflowerstatefc.com/,https://www.rankedxi.com/crests/wpsl-sunflower-state-fc.png
union-kc-wpsl,Union KC,wpsl,WPSL,amateur,W,Kansas City,MO,39.1001,-94.5781,verified,1558,standings,https://www.wpslsoccer.com/teams/union-kc,https://www.rankedxi.com/crests/wpsl-union-kc.png
joy-ac-wpsl,Joy AC,wpsl,WPSL,amateur,W,St. Louis Park,MN,44.9476,-93.3569,verified,1505,standings,https://www.wpslsoccer.com/teams/joy-ac,https://www.rankedxi.com/crests/wpsl-joy-ac.png
manitou-f-c,Manitou F.C.,wpsl,WPSL,amateur,W,White Bear Lake,MN,45.0838,-93.0069,verified,1499,standings,https://www.wpslsoccer.com/teams/manitou-f-c,https://www.rankedxi.com/crests/wpsl-manitou-f-c.png
mankato-united-soccer-club,Mankato United Soccer Club,wpsl,WPSL,amateur,W,Mankato,MN,44.1659,-94.0028,verified,1516,standings,https://www.wpslsoccer.com/teams/mankato-united-soccer-club,https://www.rankedxi.com/crests/wpsl-mankato-united-soccer-club.png
minnesota-dutch-lions-fc,Minnesota Dutch Lions FC,wpsl,WPSL,amateur,W,Rochester,MN,44.0234,-92.463,verified,1476,standings,https://www.wpslsoccer.com/teams/minnesota-dutch-lions-fc,https://www.rankedxi.com/crests/wpsl-minnesota-dutch-lions-fc.png
minnesota-thunder,Minnesota Thunder,wpsl,WPSL,amateur,W,Richfield,MN,44.8766,-93.2878,verified,1581,standings,http://www.mnthunder.com/,https://www.rankedxi.com/crests/wpsl-minnesota-thunder.png
mn-bliss-fc,MN Bliss FC,wpsl,WPSL,amateur,W,Minneapolis,MN,44.9773,-93.2655,verified,1529,standings,https://www.wpslsoccer.com/teams/mn-bliss-fc,https://www.rankedxi.com/crests/wpsl-mn-bliss-fc.png
salvo-sc-wpsl,Salvo SC,wpsl,WPSL,amateur,W,Eagan,MN,44.8182,-93.1659,verified,1573,standings,https://www.wpslsoccer.com/teams/salvo-sc,https://www.rankedxi.com/crests/wpsl-salvo-sc.png
st-croix-soccer-club,St. Croix Soccer Club,wpsl,WPSL,amateur,W,St. Croix County,WI,45.0312,-92.4679,verified,1538,standings,https://www.wpslsoccer.com/teams/st-croix-legacy,https://www.rankedxi.com/crests/wpsl-st-croix-soccer-club.png
soda-city-fc-wpsl,Soda City FC,wpsl,WPSL,amateur,W,Columbia,SC,34.0008,-81.0352,verified,1471,standings,https://www.wpslsoccer.com/teams/soda-city-fc,https://www.rankedxi.com/crests/wpsl-soda-city-fc.png
womens-football-club-of-charlotte,Women's Football Club of Charlotte,wpsl,WPSL,amateur,W,Charlotte,NC,35.2272,-80.8431,verified,1560,standings,,https://www.rankedxi.com/crests/wpsl-womens-football-club-of-charlotte.png
alexandria-reds-wpsl,Alexandria Reds,wpsl,WPSL,amateur,W,Washington D.C.,,38.8951,-77.0364,verified,1529,standings,https://www.wpslsoccer.com/teams/alexandria-reds,https://www.rankedxi.com/crests/wpsl-alexandria-reds.png
district-elite-fc-wpsl,District Elite FC,wpsl,WPSL,amateur,W,Washington D.C.,,38.8951,-77.0364,verified,1484,standings,https://www.wpslsoccer.com/teams/district-elite-fc,https://www.rankedxi.com/crests/wpsl-district-elite-fc.png
florida-gulf-coast-dutch-lions-fc,Florida Gulf Coast Dutch Lions FC,wpsl,WPSL,amateur,W,Fort Myers,FL,26.6406,-81.8723,verified,1476,standings,,https://www.rankedxi.com/crests/wpsl-florida-gulf-coast-dutch-lions-fc.png
fusion-fc,Fusion FC,wpsl,WPSL,amateur,W,Miami,FL,25.7742,-80.1936,verified,1551,standings,https://www.wpslsoccer.com/teams/penn-fusion-sa,https://www.rankedxi.com/crests/wpsl-fusion-fc.png
west-florida-flames-wpsl,West Florida Flames,wpsl,WPSL,amateur,W,Tarpon Springs,FL,28.1471,-82.7564,verified,1587,standings,https://www.wpslsoccer.com/teams/west-florida-flames,https://www.rankedxi.com/crests/wpsl-west-florida-flames.png
gulf-coast-united,Gulf Coast United,wpsl,WPSL,amateur,W,Gulfport,MS,30.3674,-89.0928,verified,1523,standings,https://www.wpslsoccer.com/teams/gulf-coast-united,https://www.rankedxi.com/crests/wpsl-gulf-coast-united.png
legacy-fc,Legacy FC,wpsl,WPSL,amateur,W,Panama City,FL,30.1587,-85.6603,verified,1555,standings,https://www.wpslsoccer.com/teams/legacy-fc,https://www.rankedxi.com/crests/wpsl-legacy-fc.png
pensacola-fc-wpsl,Pensacola FC,wpsl,WPSL,amateur,W,Pensacola,FL,30.4213,-87.2169,verified,1646,standings,https://pensacola-fc.com/,https://www.rankedxi.com/crests/wpsl-pensacola-fc.png
pensacola-fc-academy-wpsl,Pensacola FC Academy,wpsl,WPSL,amateur,W,Pensacola,FL,30.4213,-87.2169,verified,1516,standings,https://www.wpslsoccer.com/teams/pensacola-fc,https://www.rankedxi.com/crests/wpsl-pensacola-fc-academy.png
union-10-fc-wpsl,Union 10 FC,wpsl,WPSL,amateur,W,Mobile,AL,30.6913,-88.0438,verified,1527,standings,https://www.wpslsoccer.com/teams/union-10-fc,https://www.rankedxi.com/crests/wpsl-union-10-fc.png
valdosta-fc-wpsl,Valdosta FC,wpsl,WPSL,amateur,W,Valdosta,GA,30.8327,-83.2785,verified,,,https://www.wpslsoccer.com/teams/valdosta-fc,https://www.rankedxi.com/crests/wpsl-valdosta-fc.png
baton-rouge-united,Baton Rouge United,wpsl,WPSL,amateur,W,Baton Rouge,LA,30.4494,-91.187,verified,1481,standings,https://www.wpslsoccer.com/teams/baton-rouge-united,https://www.rankedxi.com/crests/wpsl-baton-rouge-united.png
hattiesburg-fc-wpsl,Hattiesburg FC,wpsl,WPSL,amateur,W,Hattiesburg,MS,31.3271,-89.2903,verified,1472,standings,https://www.wpslsoccer.com/teams/hattiesburg-fc,https://www.rankedxi.com/crests/wpsl-hattiesburg-fc.png
la-krew-rush,LA Krew Rush,wpsl,WPSL,amateur,W,Lafayette,LA,30.2262,-92.0178,verified,1554,standings,,https://www.rankedxi.com/crests/wpsl-la-krew-rush.png
little-rock-rangers-sc,Little Rock Rangers SC,wpsl,WPSL,amateur,W,Little Rock,AR,34.7465,-92.2896,verified,1616,standings,https://www.wpslsoccer.com/teams/little-rock-rangers-sc,https://www.rankedxi.com/crests/wpsl-little-rock-rangers-sc.png
mississippi-blues-sc,Mississippi Blues SC,wpsl,WPSL,amateur,W,Jackson,MS,32.2999,-90.183,verified,1529,standings,https://www.wpslsoccer.com/teams/mississippi-blues-sc,https://www.rankedxi.com/crests/wpsl-mississippi-blues-sc.png
shreveport-united,Shreveport United,wpsl,WPSL,amateur,W,Shreveport,LA,32.5135,-93.7478,verified,1557,standings,https://www.wpslsoccer.com/teams/shreveport-united,https://www.rankedxi.com/crests/wpsl-shreveport-united.png
865-alliance-wpsl,865 Alliance,wpsl,WPSL,amateur,W,Knoxville,TN,35.9604,-83.921,verified,1545,standings,https://www.wpslsoccer.com/teams/865-alliance,https://www.rankedxi.com/crests/wpsl-865-alliance.png
atlanta-fire-united-wpsl,Atlanta Fire United,wpsl,WPSL,amateur,W,Duluth,GA,34.0029,-84.1441,verified,1478,standings,https://www.wpslsoccer.com/teams/atlanta-fire-united,https://www.rankedxi.com/crests/wpsl-atlanta-fire-united.png
chattanooga-fc-wpsl,Chattanooga FC,wpsl,WPSL,amateur,W,Chattanooga,TN,35.0457,-85.3095,verified,1530,standings,https://www.chattanoogafc.com/,https://www.rankedxi.com/crests/wpsl-chattanooga-fc.png
decatur-fc,Decatur FC,wpsl,WPSL,amateur,W,Atlanta,GA,33.7545,-84.3898,verified,1548,standings,https://www.wpslsoccer.com/teams/decatur-fc,https://www.rankedxi.com/crests/wpsl-decatur-fc.png
nashville-rhythm-f-c,Nashville Rhythm F.C.,wpsl,WPSL,amateur,W,Nashville,TN,36.1623,-86.7743,verified,1558,standings,https://www.wpslsoccer.com/teams/nashville-rhythm-fc,https://www.rankedxi.com/crests/wpsl-nashville-rhythm-f-c.png
tennessee-tempo-fc,Tennessee Tempo FC,wpsl,WPSL,amateur,W,Murfreesboro,TN,35.846,-86.3921,verified,,,,https://www.rankedxi.com/crests/wpsl-tennessee-tempo-fc.png
ufa-gunners,UFA Gunners,wpsl,WPSL,amateur,W,Atlanta,GA,33.7545,-84.3898,verified,1516,standings,https://www.wpslsoccer.com/teams/ufa-gunners,https://www.rankedxi.com/crests/wpsl-ufa-gunners.png
columbus-eagles-fc,Columbus Eagles FC,wpsl,WPSL,amateur,W,Columbus,OH,39.9623,-83.0007,verified,1569,standings,https://www.columbuseaglesfc.com,https://www.rankedxi.com/crests/wpsl-columbus-eagles-fc.png
corktown-wfc,Corktown WFC,wpsl,WPSL,amateur,W,Detroit,MI,42.3316,-83.0466,verified,1470,standings,https://www.wpslsoccer.com/teams/corktown-wfc,https://www.rankedxi.com/crests/wpsl-corktown-wfc.png
fc-dayton,FC Dayton,wpsl,WPSL,amateur,W,Dayton,OH,39.7589,-84.1916,verified,1560,standings,https://www.wpslsoccer.com/teams/fc-dayton,https://www.rankedxi.com/crests/wpsl-fc-dayton.png
greater-toledo-fc,Greater Toledo FC,wpsl,WPSL,amateur,W,Toledo,OH,41.6529,-83.5378,verified,1523,standings,https://www.wpslsoccer.com/teams/greater-toledo-futbol-club,https://www.rankedxi.com/crests/wpsl-greater-toledo-fc.png
michigan-rangers-fc-wpsl,Michigan Rangers FC,wpsl,WPSL,amateur,W,Grand Rapids,MI,42.9632,-85.6679,verified,1515,standings,https://www.wpslsoccer.com/teams/michigan-rangers-fc,https://www.rankedxi.com/crests/wpsl-michigan-rangers-fc.png
beadling-soccer-club,Beadling Soccer Club,wpsl,WPSL,amateur,W,Bridgeville,PA,40.3562,-80.1101,verified,1546,standings,https://www.wpslsoccer.com/teams/beadling-soccer-club,https://www.rankedxi.com/crests/wpsl-beadling-soccer-club.png
erie-fc,Erie FC,wpsl,WPSL,amateur,W,Erie,PA,42.1295,-80.0853,verified,1497,standings,https://www.wpslsoccer.com/teams/erie-fc,https://www.rankedxi.com/crests/wpsl-erie-fc.png
internationals-soccer-club,Internationals Soccer Club,wpsl,WPSL,amateur,W,Cleveland,OH,41.4997,-81.6937,verified,1583,standings,https://www.wpslsoccer.com/teams/internationals-sc,https://www.rankedxi.com/crests/wpsl-internationals-soccer-club.png
niagara-1812-wpsl,Niagara 1812,wpsl,WPSL,amateur,W,Buffalo,NY,42.8864,-78.8781,verified,1489,standings,https://www.wpslsoccer.com/teams/niagara-1812,https://www.rankedxi.com/crests/wpsl-niagara-1812.png
rochester-ny-fc,Rochester NY FC,wpsl,WPSL,amateur,W,Rochester,NY,43.1573,-77.6152,verified,,,http://www.rhinossoccer.com,https://www.rankedxi.com/crests/wpsl-rochester-ny-fc.png
brooklyn-city-f-c,Brooklyn City F.C.,wpsl,WPSL,amateur,W,Brooklyn,NY,40.6526,-73.9497,verified,1546,standings,https://www.wpslsoccer.com/teams/brooklyn-city-f-c,https://www.rankedxi.com/crests/wpsl-brooklyn-city-f-c.png
clarkstown-soccer-club,Clarkstown Soccer Club,wpsl,WPSL,amateur,W,New City,NY,41.151,-73.9898,verified,1557,standings,https://www.wpslsoccer.com/teams/clarkstown-soccer-club,https://www.rankedxi.com/crests/wpsl-clarkstown-soccer-club.png
new-york-athletic-club,New York Athletic Club,wpsl,WPSL,amateur,W,Pelham Manor,NY,40.8954,-73.8071,verified,1578,standings,https://www.nyac.org/,https://www.rankedxi.com/crests/wpsl-new-york-athletic-club.png
new-york-dutch-lions-fc,New York Dutch Lions FC,wpsl,WPSL,amateur,W,Brooklyn,NY,40.6526,-73.9497,verified,1465,standings,https://www.wpslsoccer.com/teams/new-york-dutch-lions-fc,https://www.rankedxi.com/crests/wpsl-new-york-dutch-lions-fc.png
sta,STA,wpsl,WPSL,amateur,W,Randolph,NJ,40.8443,-74.5857,verified,1535,standings,https://www.wpslsoccer.com/teams/sta,https://www.rankedxi.com/crests/wpsl-sta.png
susa-fc,SUSA FC,wpsl,WPSL,amateur,W,Central Islip,NY,40.7807,-73.1928,verified,1503,standings,https://www.wpslsoccer.com/teams/susa-fc,https://www.rankedxi.com/crests/wpsl-susa-fc.png
delaware-ospreys,Delaware Ospreys,wpsl,WPSL,amateur,W,Frederica,DE,39.0089,-75.4658,verified,1519,standings,https://www.wpslsoccer.com/teams/delaware-ospreys,https://www.rankedxi.com/crests/wpsl-delaware-ospreys.png
fc-monmouth-wpsl,FC Monmouth,wpsl,WPSL,amateur,W,Monmouth County,NJ,40.2932,-74.1671,verified,1522,standings,http://fcmonmouth.com/,https://www.rankedxi.com/crests/wpsl-fc-monmouth.png
fever-sc,Fever SC,wpsl,WPSL,amateur,W,Bensalem Township,PA,40.1046,-74.9513,verified,1497,standings,https://www.wpslsoccer.com/teams/fever-sc,https://www.rankedxi.com/crests/wpsl-fever-sc.png
kensington-soccer-club-wpsl,Kensington Soccer Club,wpsl,WPSL,amateur,W,Philadelphia,PA,39.9527,-75.1635,verified,1501,standings,https://www.wpslsoccer.com/teams/kensington-soccer-club,https://www.rankedxi.com/crests/wpsl-kensington-soccer-club.png
love-city-fc,Love City FC,wpsl,WPSL,amateur,W,Philadelphia,PA,39.9527,-75.1635,verified,1555,standings,https://www.wpslsoccer.com/teams/love-city-fc,https://www.rankedxi.com/crests/wpsl-love-city-fc.png
penn-fusion-sa,Penn Fusion SA,wpsl,WPSL,amateur,W,West Chester,PA,39.9597,-75.6045,verified,1551,standings,https://www.wpslsoccer.com/teams/penn-fusion-sa,https://www.rankedxi.com/crests/wpsl-penn-fusion-sa.png
real-central-nj,Real Central NJ,wpsl,WPSL,amateur,W,Trenton,NJ,40.2203,-74.7659,verified,1531,standings,https://www.wpslsoccer.com/teams/real-central-nj,https://www.rankedxi.com/crests/wpsl-real-central-nj.png
sjeb-fc,SJEB FC,wpsl,WPSL,amateur,W,Sicklerville,NJ,39.7173,-74.9693,verified,1572,standings,https://www.wpslsoccer.com/teams/sjeb-fc,https://www.rankedxi.com/crests/wpsl-sjeb-fc.png
hershey-fc-wpsl,Hershey FC,wpsl,WPSL,amateur,W,Hershey,PA,40.285,-76.6535,verified,1503,standings,https://www.hersheysoccer.org/,https://www.rankedxi.com/crests/wpsl-hershey-fc.png
keystone-fc,Keystone FC,wpsl,WPSL,amateur,W,Harrisburg,PA,40.2663,-76.8861,verified,1553,standings,https://www.wpslsoccer.com/teams/keystone-fc,https://www.rankedxi.com/crests/wpsl-keystone-fc.png
lvu-rush,LVU Rush,wpsl,WPSL,amateur,W,Quakertown,PA,40.4418,-75.3416,verified,1497,standings,https://www.wpslsoccer.com/teams/lvu-rush,https://www.rankedxi.com/crests/wpsl-lvu-rush.png
pa-classics,PA Classics,wpsl,WPSL,amateur,W,Lancaster,PA,40.038,-76.3057,verified,1582,standings,,https://www.rankedxi.com/crests/wpsl-pa-classics.png
reading-united-a-c,Reading United A.C.,wpsl,WPSL,amateur,W,Reading,PA,40.3353,-75.9279,verified,1555,standings,https://readingunitedac.com/,https://www.rankedxi.com/crests/wpsl-reading-united-a-c.png
west-mont-united,West-Mont United,wpsl,WPSL,amateur,W,Philadelphia,PA,39.9527,-75.1635,verified,1495,standings,https://www.wpslsoccer.com/teams/west-mont-united,https://www.rankedxi.com/crests/wpsl-west-mont-united.png
albany-rush-wpsl,Albany Rush,wpsl,WPSL,amateur,W,Albany,NY,42.6512,-73.755,verified,1533,standings,https://www.northeastrush.com/,https://www.rankedxi.com/crests/wpsl-albany-rush.png
inter-connecticut-fc,Inter Connecticut FC,wpsl,WPSL,amateur,W,Norwalk,CT,41.1176,-73.4079,verified,1461,standings,https://www.wpslsoccer.com/teams/inter-connecticut-football-club,https://www.rankedxi.com/crests/wpsl-inter-connecticut-fc.png
merrimack-valley-hawks-fc,Merrimack Valley Hawks FC,wpsl,WPSL,amateur,W,Boston,MA,42.3588,-71.0578,verified,1538,standings,https://www.wpslsoccer.com/teams/merrimack-valley-hawks-fc,https://www.rankedxi.com/crests/wpsl-merrimack-valley-hawks-fc.png
rhode-island-rogues,Rhode Island Rogues,wpsl,WPSL,amateur,W,Bristol,RI,41.677,-71.2662,verified,1561,standings,,https://www.rankedxi.com/crests/wpsl-rhode-island-rogues.png
sporting-ct,Sporting CT,wpsl,WPSL,amateur,W,Hartford,CT,41.7646,-72.6909,verified,1555,standings,https://www.wpslsoccer.com/teams/sporting-ct,https://www.rankedxi.com/crests/wpsl-sporting-ct.png
vale-sc,Vale SC,wpsl,WPSL,amateur,W,Hartford,CT,41.7646,-72.6909,verified,1508,standings,https://www.wpslsoccer.com/teams/vale-sc,https://www.rankedxi.com/crests/wpsl-vale-sc.png
vermont-wild-fc,Vermont Wild FC,wpsl,WPSL,amateur,W,Manchester,VT,43.1769,-73.0569,verified,1483,standings,https://www.wpslsoccer.com/teams/vermont-wild-fc,https://www.rankedxi.com/crests/wpsl-vermont-wild-fc.png
ac-grand-rapids-academy,AC Grand Rapids Academy,uws,United Women’s Soccer,amateur,W,Grand Rapids,MI,42.9632,-85.6679,verified,1543,standings,,https://www.rankedxi.com/crests/uws-ac-grand-rapids-academy.png
fc-pontiac,FC Pontiac,uws,United Women’s Soccer,amateur,W,Pontiac,MI,42.6389,-83.291,verified,1545,standings,,https://www.rankedxi.com/crests/uws-fc-pontiac.png
flint-city-afc,Flint City AFC,uws,United Women’s Soccer,amateur,W,Flint,MI,43.0162,-83.69,verified,1587,standings,,https://www.rankedxi.com/crests/uws-flint-city-afc.png
michigan-jaguars-fc,Michigan Jaguars FC,uws,United Women’s Soccer,amateur,W,Novi,MI,42.4806,-83.4755,verified,1537,standings,,https://www.rankedxi.com/crests/uws-michigan-jaguars-fc.png
michigan-jaguars-fc-ii,Michigan Jaguars FC II,uws,United Women’s Soccer,amateur,W,Novi,MI,42.4806,-83.4755,verified,1599,standings,,https://www.rankedxi.com/crests/uws-michigan-jaguars-fc-ii.png
michigan-legends-fc,Michigan Legends FC,uws,United Women’s Soccer,amateur,W,Brighton,MI,42.5317,-83.7846,verified,,,,https://www.rankedxi.com/crests/uws-michigan-legends-fc.png
michigan-stars-fc,Michigan Stars FC,uws,United Women’s Soccer,amateur,W,Washington Township,MI,43.3824,-82.6885,verified,1523,standings,https://www.mi-stars.com/,https://www.rankedxi.com/crests/uws-michigan-stars-fc.png
midland-fusion,Midland Fusion,uws,United Women’s Soccer,amateur,W,Midland,MI,43.6156,-84.2472,verified,1496,standings,,https://www.rankedxi.com/crests/uws-midland-fusion.png
midwest-united-fc-u23,Midwest United FC U23,uws,United Women’s Soccer,amateur,W,Grand Rapids,MI,42.9632,-85.6679,verified,1570,standings,,https://www.rankedxi.com/crests/uws-midwest-united-fc-u23.png
pinnacle-fc-uws,Pinnacle FC,uws,United Women’s Soccer,amateur,W,Auburn Hills,MI,42.6875,-83.2341,verified,1495,standings,,https://www.rankedxi.com/crests/uws-pinnacle-fc-uws.png
troy-city-wfc,Troy City WFC,uws,United Women’s Soccer,amateur,W,Troy,MI,42.6056,-83.1499,verified,1513,standings,,https://www.rankedxi.com/crests/uws-troy-city-wfc.png
tulip-city-united,Tulip City United,uws,United Women’s Soccer,amateur,W,Holland,MI,42.7876,-86.1091,verified,1545,standings,,https://www.rankedxi.com/crests/uws-tulip-city-united.png
baltimore-blast,Baltimore Blast,uws,United Women’s Soccer,amateur,W,Baltimore,MD,39.2909,-76.6108,verified,1579,standings,http://www.baltimoreblast.com/,https://www.rankedxi.com/crests/uws-baltimore-blast.png
baltimore-lady-warriors,Baltimore Lady Warriors,uws,United Women’s Soccer,amateur,W,Baltimore Maryland,,39.31,-76.638,verified,1544,standings,,https://www.rankedxi.com/crests/uws-baltimore-lady-warriors.png
lancaster-fc,Lancaster FC,uws,United Women’s Soccer,amateur,W,Lancaster,PA,40.038,-76.3057,verified,,,,https://www.rankedxi.com/crests/uws-lancaster-fc.png
msi-pro,MSI Pro,uws,United Women’s Soccer,amateur,W,Rockville,MD,39.0818,-77.1517,verified,1486,standings,,https://www.rankedxi.com/crests/uws-msi-pro.png
racing-power-fc,Racing Power FC,uws,United Women’s Soccer,amateur,W,Baltimore,MD,39.2909,-76.6108,verified,1589,standings,https://racingpowerfc.pt/,https://www.rankedxi.com/crests/uws-racing-power-fc.png
berber-city-fc-uws,Berber City FC,uws,United Women’s Soccer,amateur,W,Chicago,IL,41.8756,-87.6244,verified,1571,standings,,https://www.rankedxi.com/crests/uws-berber-city-fc-uws.png
chicago-inter-soccer-club,Chicago Inter Soccer Club,uws,United Women’s Soccer,amateur,W,Chicago,IL,41.8756,-87.6244,verified,1562,standings,,https://www.rankedxi.com/crests/uws-chicago-inter-soccer-club.png
dekalb-county-united,DeKalb County United,uws,United Women’s Soccer,amateur,W,Dekalb,IL,41.8903,-88.7714,verified,1513,standings,,https://www.rankedxi.com/crests/uws-dekalb-county-united.png
force-fc,Force FC,uws,United Women’s Soccer,amateur,W,Crystal Lake,IL,42.2411,-88.3162,verified,1543,standings,,https://www.rankedxi.com/crests/uws-force-fc.png
rockford-raptors-soccer-club,Rockford Raptors Soccer Club,uws,United Women’s Soccer,amateur,W,Loves Park,IL,42.32,-89.0582,verified,1482,standings,,https://www.rankedxi.com/crests/uws-rockford-raptors-soccer-club.png
connecticut-legends,Connecticut Legends,uws,United Women’s Soccer,amateur,W,Bethany,CT,41.4218,-72.997,verified,1553,standings,,https://www.rankedxi.com/crests/uws-connecticut-legends.png
maine-footy,Maine Footy,uws,United Women’s Soccer,amateur,W,Portland,ME,43.6574,-70.2587,verified,1537,standings,,https://www.rankedxi.com/crests/uws-maine-footy.png
maine-mystics,Maine Mystics,uws,United Women’s Soccer,amateur,W,Auburn,ME,44.0965,-70.2249,verified,1453,standings,,https://www.rankedxi.com/crests/uws-maine-mystics.png
new-england-mutiny,New England Mutiny,uws,United Women’s Soccer,amateur,W,Ludlow,MA,42.159,-72.4803,verified,1573,standings,http://www.mutinysoccer.com/,https://www.rankedxi.com/crests/uws-new-england-mutiny.png
worcester-wanderers-fc,Worcester Wanderers FC,uws,United Women’s Soccer,amateur,W,Worcester,MA,42.2626,-71.8019,verified,1559,standings,,https://www.rankedxi.com/crests/uws-worcester-wanderers-fc.png
club-atletico-internacional,Club Atletico Internacional,uws,United Women’s Soccer,amateur,W,Irvine,CA,33.6857,-117.826,verified,1531,standings,,https://www.rankedxi.com/crests/uws-club-atletico-internacional.png
los-angeles-sc,Los Angeles SC,uws,United Women’s Soccer,amateur,W,Los Angeles,CA,34.0537,-118.2428,verified,1512,standings,http://lasfs.org,https://www.rankedxi.com/crests/uws-los-angeles-sc.png
san-fernando-valley-fc-uws,San Fernando Valley FC,uws,United Women’s Soccer,amateur,W,Santa Monica,CA,34.0195,-118.4912,verified,1471,standings,,https://www.rankedxi.com/crests/uws-san-fernando-valley-fc-uws.png
socal-fc,SoCal FC,uws,United Women’s Soccer,amateur,W,Torrance,CA,33.8371,-118.3414,verified,1573,standings,,https://www.rankedxi.com/crests/uws-socal-fc.png
united-city-fc-ii,United City FC II,uws,United Women’s Soccer,amateur,W,La Cañada Flintridge,CA,34.1998,-118.2005,verified,1590,standings,,https://www.rankedxi.com/crests/uws-united-city-fc-ii.png
annapolis-blues-fc-uslwl,Annapolis Blues FC,uslwl,USL W League,amateur,W,Annapolis,MD,38.9786,-76.4928,verified,1558,standings,http://annapolisblues.com/,https://www.rankedxi.com/crests/uslwl-annapolis-blues-fc.png
charlottesville-blues-fc-uslwl,Charlottesville Blues FC,uslwl,USL W League,amateur,W,Charlottesville,VA,38.0293,-78.4767,verified,,,https://www.charlottesvillebluesfc.com/,https://www.rankedxi.com/crests/uslwl-charlottesville-blues-fc.png
richmond-ivy-sc,Richmond Ivy SC,uslwl,USL W League,amateur,W,Richmond,VA,37.5385,-77.4343,verified,1552,standings,https://www.richmondivy.com/,https://www.rankedxi.com/crests/uslwl-richmond-ivy-sc.png
virginia-atlantic-fc-uslwl,Virginia Atlantic FC,uslwl,USL W League,amateur,W,Norfolk,VA,36.8494,-76.29,verified,,,https://virginiaatlanticfc.com/,https://www.rankedxi.com/crests/uslwl-virginia-atlantic-fc.png
virginia-beach-united-fc-uslwl,Virginia Beach United FC,uslwl,USL W League,amateur,W,Virginia Beach,VA,36.8497,-75.9761,verified,1564,standings,https://beachsportsplex.com/vb-united,https://www.rankedxi.com/crests/uslwl-virginia-beach-united-fc.png
virginia-development-academy,Virginia Development Academy,uslwl,USL W League,amateur,W,Woodbridge,VA,38.6364,-77.2676,verified,1602,standings,https://www.vdasoccer.org/,https://www.rankedxi.com/crests/uslwl-virginia-development-academy.png
cedar-stars-academy-women,Cedar Stars Academy women,uslwl,USL W League,amateur,W,Teaneck,NJ,40.886,-74.0073,verified,1540,standings,https://www.cedarstarsrush.com/,https://www.rankedxi.com/crests/uslwl-cedar-stars-academy-women.png
long-island-rough-riders-women,Long Island Rough Riders women,uslwl,USL W League,amateur,W,Uniondale,NY,40.7158,-73.5899,verified,1634,standings,https://liroughriders.com/,https://www.rankedxi.com/crests/uslwl-long-island-rough-riders-women.png
manhattan-sc-women,Manhattan SC women,uslwl,USL W League,amateur,W,New York,NY,40.7127,-74.006,verified,1470,standings,https://www.manhattansc.org/,https://www.rankedxi.com/crests/uslwl-manhattan-sc-women.png
morris-elite-sc-women,Morris Elite SC women,uslwl,USL W League,amateur,W,Union,NJ,40.6652,-74.3045,verified,1590,standings,,https://www.rankedxi.com/crests/uslwl-morris-elite-sc-women.png
new-jersey-copa-fc-uslwl,New Jersey Copa FC,uslwl,USL W League,amateur,W,Metuchen,NJ,40.5432,-74.3632,verified,1505,standings,https://www.fccopa.com/,https://www.rankedxi.com/crests/uslwl-new-jersey-copa-fc.png
paisley-athletic-fc,Paisley Athletic FC,uslwl,USL W League,amateur,W,Kearny,NJ,40.7684,-74.1454,verified,1543,standings,,https://www.rankedxi.com/crests/uslwl-paisley-athletic-fc.png
eagle-fc-women,Eagle FC women,uslwl,USL W League,amateur,W,Mechanicsburg,PA,40.2102,-77.0047,verified,,,https://www.eagle-fc.com/,https://www.rankedxi.com/crests/uslwl-eagle-fc-women.png
lancaster-inferno,Lancaster Inferno,uslwl,USL W League,amateur,W,Lancaster,PA,40.038,-76.3057,verified,1565,standings,,https://www.rankedxi.com/crests/uslwl-lancaster-inferno.png
loudoun-united-fc,Loudoun United FC,uslwl,USL W League,amateur,W,Leesburg,VA,39.1155,-77.5646,verified,,,https://loudoununitedfc.com/,https://www.rankedxi.com/crests/uslwl-loudoun-united-fc.png
northern-virginia-fc-women,Northern Virginia FC women,uslwl,USL W League,amateur,W,Leesburg,VA,39.1155,-77.5646,verified,1559,standings,,https://www.rankedxi.com/crests/uslwl-northern-virginia-fc-women.png
patuxent-football-athletics-women,Patuxent Football Athletics women,uslwl,USL W League,amateur,W,Patuxent,MD,39.0522,-76.7365,verified,1433,standings,,https://www.rankedxi.com/crests/uslwl-patuxent-football-athletics-women.png
ac-connecticut-women,AC Connecticut women,uslwl,USL W League,amateur,W,Newtown,CT,41.4135,-73.3086,verified,1453,standings,https://www.acconnecticut.com/,https://www.rankedxi.com/crests/uslwl-ac-connecticut-women.png
hartford-athletic-uslwl,Hartford Athletic,uslwl,USL W League,amateur,W,Hartford,CT,41.7646,-72.6909,verified,1574,standings,https://www.hartfordathletic.com/,https://www.rankedxi.com/crests/uslwl-hartford-athletic.png
hudson-valley-crusaders,Hudson Valley Crusaders,uslwl,USL W League,amateur,W,Newburgh,NY,41.5001,-74.0098,verified,1576,standings,http://www.hudsonvalleycrusaders.com/,https://www.rankedxi.com/crests/uslwl-hudson-valley-crusaders.png
vermont-green-fc-uslwl,Vermont Green FC,uslwl,USL W League,amateur,W,Burlington,VT,44.4762,-73.2129,verified,1593,standings,https://vermontgreenfc.com/,https://www.rankedxi.com/crests/uslwl-vermont-green-fc.png
fc-buffalo-uslwl,FC Buffalo,uslwl,USL W League,amateur,W,Buffalo,NY,42.8864,-78.8781,verified,1529,standings,http://www.fcbuffalo.org/,https://www.rankedxi.com/crests/uslwl-fc-buffalo.png
cleveland-force-sc-women,Cleveland Force SC women,uslwl,USL W League,amateur,W,Cleveland,OH,41.4997,-81.6937,verified,,,http://www.clevelandforcesc.com/,https://www.rankedxi.com/crests/uslwl-cleveland-force-sc-women.png
erie-sport-center,Erie Sport Center,uslwl,USL W League,amateur,W,Erie,PA,42.1295,-80.0853,verified,,,http://www.eriesportscenter.com/,https://www.rankedxi.com/crests/uslwl-erie-sport-center.png
flower-city-1872,Flower City 1872,uslwl,USL W League,amateur,W,Rochester,NY,43.1573,-77.6152,verified,1549,standings,http://ourcitysc.com/,https://www.rankedxi.com/crests/uslwl-flower-city-1872.png
pittsburgh-riveters-sc,Pittsburgh Riveters SC,uslwl,USL W League,amateur,W,Pittsburgh,PA,40.4407,-80.0026,verified,1616,standings,https://www.riveterssc.com/,https://www.rankedxi.com/crests/uslwl-pittsburgh-riveters-sc.png
steel-city-fc-uslwl,Steel City FC,uslwl,USL W League,amateur,W,Cheswick,PA,40.5411,-79.8013,verified,1545,standings,http://ourcitysc.com/,https://www.rankedxi.com/crests/uslwl-steel-city-fc.png
afc-ann-arbor-women,AFC Ann Arbor women,uslwl,USL W League,amateur,W,Ann Arbor,MI,42.2814,-83.7485,verified,1534,standings,,https://www.rankedxi.com/crests/uslwl-afc-ann-arbor-women.png
detroit-city-fc-women,Detroit City FC women,uslwl,USL W League,amateur,W,Hamtramck,MI,42.3928,-83.0496,verified,1547,standings,http://ourcitysc.com/,
kalamazoo-fc-women,Kalamazoo FC women,uslwl,USL W League,amateur,W,Kalamazoo,MI,42.2917,-85.5872,verified,1516,standings,,https://www.rankedxi.com/crests/uslwl-kalamazoo-fc-women.png
midwest-united-fc-women,Midwest United FC women,uslwl,USL W League,amateur,W,Grand Rapids,MI,42.9632,-85.6679,verified,1550,standings,,https://www.rankedxi.com/crests/uslwl-midwest-united-fc-women.png
union-fc-macomb-uslwl,Union FC Macomb,uslwl,USL W League,amateur,W,Utica,MI,42.6261,-83.0335,verified,1578,standings,https://www.unionfcmacomb.com/,https://www.rankedxi.com/crests/uslwl-union-fc-macomb.png
edgewater-castle-fc-uslwl,Edgewater Castle FC,uslwl,USL W League,amateur,W,Chicago,IL,41.8756,-87.6244,verified,1569,standings,https://www.edgewatercastlefc.com/,https://www.rankedxi.com/crests/uslwl-edgewater-castle-fc.png
minnesota-aurora-fc,Minnesota Aurora FC,uslwl,USL W League,amateur,W,Eagan,MN,44.8182,-93.1659,verified,1651,standings,,https://www.rankedxi.com/crests/uslwl-minnesota-aurora-fc.png
rally-madison-fc,Rally Madison FC,uslwl,USL W League,amateur,W,Madison,WI,43.0747,-89.3842,verified,1535,standings,https://www.rallymadisonfc.com/,https://www.rankedxi.com/crests/uslwl-rally-madison-fc.png
river-light-fc-women,River Light FC women,uslwl,USL W League,amateur,W,Aurora,IL,41.7572,-88.3148,verified,1573,standings,https://www.riverlightfc.com/,https://www.rankedxi.com/crests/uslwl-river-light-fc-women.png
rkc-third-coast-women,RKC Third Coast women,uslwl,USL W League,amateur,W,Racine,WI,42.7314,-87.7835,verified,,,https://www.rkcthirdcoast.com/,https://www.rankedxi.com/crests/uslwl-rkc-third-coast-women.png
rochester-fc-women,Rochester FC women,uslwl,USL W League,amateur,W,Rochester,MN,44.0234,-92.463,verified,1516,standings,https://rochester-fc.com/,https://www.rankedxi.com/crests/uslwl-rochester-fc-women.png
rockford-raptors-fc-uslwl,Rockford Raptors FC,uslwl,USL W League,amateur,W,Rockford,IL,42.2714,-89.094,verified,1549,standings,https://www.rockfordraptors.org/,https://www.rankedxi.com/crests/uslwl-rockford-raptors-fc.png
sioux-falls-city-fc,Sioux Falls City FC,uslwl,USL W League,amateur,W,Sioux Falls,SD,43.5476,-96.7294,verified,1558,standings,http://ourcitysc.com/,https://www.rankedxi.com/crests/uslwl-sioux-falls-city-fc.png
dayton-dutch-lions-fc,Dayton Dutch Lions FC,uslwl,USL W League,amateur,W,Dayton,OH,39.7589,-84.1916,verified,1536,standings,https://ddlfc.com/,https://www.rankedxi.com/crests/uslwl-dayton-dutch-lions-fc.png
indy-eleven-women,Indy Eleven women,uslwl,USL W League,amateur,W,Indianapolis,IN,39.7683,-86.1584,verified,1583,standings,https://www.indyeleven.com/,https://www.rankedxi.com/crests/uslwl-indy-eleven-women.png
racing-louisville-fc-academy,Racing Louisville FC Academy,uslwl,USL W League,amateur,W,Louisville,KY,38.2542,-85.7594,verified,,,,https://www.rankedxi.com/crests/uslwl-racing-louisville-fc-academy.png
toledo-villa-fc-uslwl,Toledo Villa FC,uslwl,USL W League,amateur,W,Toledo,OH,41.6529,-83.5378,verified,1474,standings,http://www.toledovillafc.com/,https://www.rankedxi.com/crests/uslwl-toledo-villa-fc.png
ahfc-royals-women,AHFC Royals women,uslwl,USL W League,amateur,W,Houston,TX,29.7589,-95.3677,verified,1593,standings,http://www.ahfcroyals.com/,https://www.rankedxi.com/crests/uslwl-ahfc-royals-women.png
challenge-sc-women,Challenge SC women,uslwl,USL W League,amateur,W,Tomball,TX,30.0972,-95.6161,verified,,,,https://www.rankedxi.com/crests/uslwl-challenge-sc-women.png
hill-country-linces,Hill Country Linces,uslwl,USL W League,amateur,W,San Marcos,TX,29.8826,-97.9406,verified,1494,standings,https://www.hillcountrylobos.com/,https://www.rankedxi.com/crests/uslwl-hill-country-linces.png
lonestar-sc-women,Lonestar SC women,uslwl,USL W League,amateur,W,Austin,TX,30.2711,-97.7437,verified,1589,standings,https://lonestar-sc.com/,https://www.rankedxi.com/crests/uslwl-lonestar-sc-women.png
lonestar-san-antonio,Lonestar San Antonio,uslwl,USL W League,amateur,W,San Antonio,TX,29.4246,-98.4951,verified,1506,standings,https://www.sanantoniofc.com/,https://www.rankedxi.com/crests/uslwl-lonestar-san-antonio.png
asheville-city-sc-women,Asheville City SC women,uslwl,USL W League,amateur,W,Asheville,NC,35.5954,-82.5508,verified,1600,standings,http://ourcitysc.com/,
birmingham-legion-wfc,Birmingham Legion WFC,uslwl,USL W League,amateur,W,Birmingham,AL,33.5207,-86.8024,verified,1565,standings,https://www.bhmlegion.com/,https://www.rankedxi.com/crests/uslwl-birmingham-legion-wfc.png
chattanooga-red-wolves-sc-women,Chattanooga Red Wolves SC women,uslwl,USL W League,amateur,W,Chattanooga,TN,35.0457,-85.3095,verified,1485,standings,https://www.chattanoogaredwolves-sc.com/,https://www.rankedxi.com/crests/uslwl-chattanooga-red-wolves-sc-women.png
swarm-fc,Swarm FC,uslwl,USL W League,amateur,W,Marietta,GA,33.9528,-84.5496,verified,1546,standings,https://www.ssaswarm.com/,https://www.rankedxi.com/crests/uslwl-swarm-fc.png
one-knoxville-sc-women,One Knoxville SC women,uslwl,USL W League,amateur,W,Knoxville,TN,35.9604,-83.921,verified,1526,standings,https://www.oneknoxsc.com/9426-2/,https://www.rankedxi.com/crests/uslwl-one-knoxville-sc-women.png
brevard-sc-riptide,Brevard SC Riptide,uslwl,USL W League,amateur,W,Melbourne,FL,28.0785,-80.6078,verified,,,https://www.brevardsoccerclub.com/,https://www.rankedxi.com/crests/uslwl-brevard-sc-riptide.png
brooke-house-fc-uslwl,Brooke House FC,uslwl,USL W League,amateur,W,Maitland,FL,28.6275,-81.3656,verified,,,https://www.brookehousefc.com/,https://www.rankedxi.com/crests/uslwl-brooke-house-fc.png
fc-miami-city-uslwl,FC Miami City,uslwl,USL W League,amateur,W,Miami,FL,25.7742,-80.1936,verified,,,https://www.miamifc.com/,https://www.rankedxi.com/crests/uslwl-fc-miami-city.png
miami-ac-women,Miami AC women,uslwl,USL W League,amateur,W,Miami,FL,25.7742,-80.1936,verified,,,https://www.miamifc.com/,
sporting-jax-uslwl,Sporting JAX,uslwl,USL W League,amateur,W,Jacksonville,FL,30.3262,-81.6579,verified,1557,standings,https://www.sportingjax.com/,https://www.rankedxi.com/crests/uslwl-sporting-jax.png
tlh-reckoning,TLH Reckoning,uslwl,USL W League,amateur,W,Tallahassee,FL,30.4381,-84.2809,verified,1559,standings,,https://www.rankedxi.com/crests/uslwl-tlh-reckoning.png
carolina-ascent-fc-w-league,Carolina Ascent FC (W League),uslwl,USL W League,amateur,W,Charlotte,NC,35.2272,-80.8431,verified,1537,standings,https://www.carolinaascent.com/usl-w-league/,https://www.rankedxi.com/crests/uslwl-carolina-ascent-fc-w-league.png
charlotte-eagles-women,Charlotte Eagles women,uslwl,USL W League,amateur,W,Charlotte,NC,35.2272,-80.8431,verified,1601,standings,https://www.charlotteeagles.com/,https://www.rankedxi.com/crests/uslwl-charlotte-eagles-women.png
north-carolina-courage-u23,North Carolina Courage U23,uslwl,USL W League,amateur,W,Cary,NC,35.7883,-78.7812,verified,1611,standings,https://www.northcarolinafc.com/ncfcu23,
north-carolina-fusion-u23-women,North Carolina Fusion U23 women,uslwl,USL W League,amateur,W,Browns Summit,NC,36.2126,-79.7136,verified,1475,standings,https://www.northcarolinafc.com/ncfcu23,
south-carolina-united-bantams-women,South Carolina United Bantams women,uslwl,USL W League,amateur,W,Columbia,SC,34.0008,-81.0352,verified,1568,standings,http://www.southcarolinaunitedfc.com/,https://www.rankedxi.com/crests/uslwl-south-carolina-united-bantams-women.png
south-georgia-tormenta-fc,South Georgia Tormenta FC,uslwl,USL W League,amateur,W,Statesboro,GA,32.449,-81.7833,verified,1500,standings,http://www.tormentafc.com,https://www.rankedxi.com/crests/uslwl-south-georgia-tormenta-fc.png
wake-fc-women,Wake FC women,uslwl,USL W League,amateur,W,Holly Springs,NC,35.6513,-78.8336,verified,1523,standings,http://www.wakefcusl.com/,https://www.rankedxi.com/crests/uslwl-wake-fc-women.png
port-city-fc-uslwl,Port City FC,uslwl,USL W League,amateur,W,Wilmington,NC,34.2353,-77.9487,verified,,,http://ourcitysc.com/,https://www.rankedxi.com/crests/uslwl-port-city-fc.png
albion-sc-colorado-uslwl,Albion SC Colorado,uslwl,USL W League,amateur,W,Lafayette,CO,39.9936,-105.0897,verified,1480,standings,https://www.albionscbouldercounty.org/,https://www.rankedxi.com/crests/uslwl-albion-sc-colorado.png
colorado-international-soccer-academy-uslwl,Colorado International Soccer Academy,uslwl,USL W League,amateur,W,Parker,CO,39.5185,-104.7613,verified,1466,standings,,https://www.rankedxi.com/crests/uslwl-colorado-international-soccer-academy-uslwl.png
colorado-storm-uslwl,Colorado Storm,uslwl,USL W League,amateur,W,Denver,CO,39.7392,-104.9849,verified,1637,standings,https://rapidsyouthsoccer.org/elite/,https://www.rankedxi.com/crests/uslwl-colorado-storm.png
flatirons-rush,Flatirons Rush,uslwl,USL W League,amateur,W,Arvada,CO,39.8006,-105.0812,verified,1471,standings,,https://www.rankedxi.com/crests/uslwl-flatirons-rush.png
real-colorado-uslwl,Real Colorado,uslwl,USL W League,amateur,W,Centennial,CO,39.5792,-104.8769,verified,1634,standings,https://www.realcolorado.net/,https://www.rankedxi.com/crests/uslwl-real-colorado.png
utah-united-uslwl,Utah United,uslwl,USL W League,amateur,W,Orem,UT,40.2982,-111.6944,verified,1589,standings,https://www.utahunitedsoccer.com/,https://www.rankedxi.com/crests/uslwl-utah-united.png
california-storm-w-league,California Storm (W League),uslwl,USL W League,amateur,W,Sacramento,CA,38.5811,-121.4939,verified,1577,standings,http://www.calstormsoccer.com/,https://www.rankedxi.com/crests/uslwl-california-storm-w-league.png
marin-fc-siren,Marin FC Siren,uslwl,USL W League,amateur,W,Greenbrae,CA,37.9485,-122.5247,verified,,,https://www.marinfc.org/marin-fc-siren/,https://www.rankedxi.com/crests/uslwl-marin-fc-siren.png
monterey-bay-sirens,Monterey Bay Sirens,uslwl,USL W League,amateur,W,Seaside,CA,36.6259,-121.8169,verified,1481,standings,http://www.montereybayfc.com/,https://www.rankedxi.com/crests/uslwl-monterey-bay-sirens.png
oakland-soul-sc,Oakland Soul SC,uslwl,USL W League,amateur,W,Oakland,CA,37.8045,-122.2714,verified,1563,standings,https://www.oaklandsoulsc.com/,https://www.rankedxi.com/crests/uslwl-oakland-soul-sc.png
pleasanton-rage,Pleasanton RAGE,uslwl,USL W League,amateur,W,Pleasanton,CA,37.6624,-121.8747,verified,1519,standings,https://pleasantonrage.org/,https://www.rankedxi.com/crests/uslwl-pleasanton-rage.png
san-juan-sc-uslwl,San Juan SC,uslwl,USL W League,amateur,W,Rancho Cordova,CA,38.5891,-121.3027,verified,1548,standings,https://sanjuansc.org/,https://www.rankedxi.com/crests/uslwl-san-juan-sc.png
stockton-cargo-sc,Stockton Cargo SC,uslwl,USL W League,amateur,W,Stockton,CA,37.9577,-121.2908,verified,,,,https://www.rankedxi.com/crests/uslwl-stockton-cargo-sc.png
bigfoot-fc-uslwl,Bigfoot FC,uslwl,USL W League,amateur,W,Maple Valley,WA,47.3664,-122.0437,verified,,,http://bigfootfootball.com/,https://www.rankedxi.com/crests/uslwl-bigfoot-fc.png
fc-olympia-women,FC Olympia women,uslwl,USL W League,amateur,W,Olympia,WA,47.0451,-122.895,verified,1495,standings,https://www.fcoly.com/,https://www.rankedxi.com/crests/uslwl-fc-olympia-women.png
portland-cherry-bombs-fc,Portland Cherry Bombs FC,uslwl,USL W League,amateur,W,Portland,OR,45.5202,-122.6742,verified,,,https://www.cherrybombsfc.com/,https://www.rankedxi.com/crests/uslwl-portland-cherry-bombs-fc.png
salmon-bay-fc,Salmon Bay FC,uslwl,USL W League,amateur,W,Seattle,WA,47.6038,-122.3301,verified,1619,standings,https://www.uslwleague.com/news_article/show/1364172?referrer_id=6107046,
snohomish-united-uslwl,Snohomish United,uslwl,USL W League,amateur,W,Snohomish,WA,48.0075,-121.7305,verified,1614,standings,http://www.snohomishunited.org/,https://www.rankedxi.com/crests/uslwl-snohomish-united.png
tacoma-galaxy,Tacoma Galaxy,uslwl,USL W League,amateur,W,Tacoma,WA,47.2455,-122.4383,verified,1500,standings,,
west-seattle-rhodies-fc,West Seattle Rhodies FC,uslwl,USL W League,amateur,W,Seattle,WA,47.6038,-122.3301,verified,1603,standings,https://www.wsjunctionfc.club/,https://www.rankedxi.com/crests/uslwl-west-seattle-rhodies-fc.png
amsg-fc-uslwl,AMSG FC,uslwl,USL W League,amateur,W,Huntington Beach,CA,33.6783,-118,verified,1502,standings,https://www.amsgfutbolclub.org/,https://www.rankedxi.com/crests/uslwl-amsg-fc.png
capo-fc-uslwl,Capo FC,uslwl,USL W League,amateur,W,San Juan Capistrano,CA,33.5017,-117.6626,verified,1605,standings,https://capofc.com/,https://www.rankedxi.com/crests/uslwl-capo-fc.png
socal-reds-fc,SoCal Reds FC,uslwl,USL W League,amateur,W,Irvine,CA,33.6857,-117.826,verified,1470,standings,https://www.socalredsfc.com/,https://www.rankedxi.com/crests/uslwl-socal-reds-fc.png
santa-clarita-blue-heat,Santa Clarita Blue Heat,uslwl,USL W League,amateur,W,Santa Clarita,CA,34.4128,-118.5538,verified,1615,standings,http://www.scblueheat.com/,https://www.rankedxi.com/crests/uslwl-santa-clarita-blue-heat.png
southern-california-dutch-lions-fc,Southern California Dutch Lions FC,uslwl,USL W League,amateur,W,Carlsbad,CA,33.1581,-117.3506,verified,1536,standings,http://southerncaliforniadlfc.com/,https://www.rankedxi.com/crests/uslwl-southern-california-dutch-lions-fc.png
caribbean-fca,Caribbean FCA,apsl,APSL,amateur,M,,CT,41.7846,-72.6509,approximate,1422,standings,https://www.apslsoccer.com/APSL/Team/165398,https://www.rankedxi.com/crests/apsl-caribbean-fca.png
glastonbury-celtic,Glastonbury Celtic,apsl,APSL,amateur,M,,CT,41.7123,-72.6081,verified,1295,standings,https://www.apslsoccer.com/APSL/Team/165416,https://www.rankedxi.com/crests/apsl-glastonbury-celtic.png
hermandad-connecticut,Hermandad Connecticut,apsl,APSL,amateur,M,,CT,41.7746,-72.7209,approximate,1275,standings,https://www.apslsoccer.com/APSL/Team/165419,https://www.rankedxi.com/crests/apsl-hermandad-connecticut.png
southwest-fc,Southwest FC,apsl,APSL,amateur,M,,CT,41.7746,-72.6609,approximate,,,https://www.apslsoccer.com/APSL/Team/165601,https://www.rankedxi.com/crests/apsl-southwest-fc.png
feelsgood-fc,Feelsgood FC,apsl,APSL,amateur,M,,PA,39.9927,-75.2035,approximate,,,https://www.apslsoccer.com/APSL/Team/165602,https://www.rankedxi.com/crests/apsl-feelsgood-fc.png
jersey-shore-boca,Jersey Shore Boca,apsl,APSL,amateur,M,,NJ,39.9528,-74.1967,verified,1287,standings,https://www.apslsoccer.com/APSL/Team/165426,https://www.rankedxi.com/crests/apsl-jersey-shore-boca.png
lighthouse-1893-sc,Lighthouse 1893 SC,apsl,APSL,amateur,M,,PA,39.9127,-75.1335,approximate,1297,standings,https://www.apslsoccer.com/APSL/Team/165430,https://www.rankedxi.com/crests/apsl-lighthouse-1893-sc.png
medford-strikers,Medford Strikers,apsl,APSL,amateur,M,,NJ,39.9009,-74.8235,verified,1275,standings,https://www.apslsoccer.com/APSL/Team/165433,https://www.rankedxi.com/crests/apsl-medford-strikers.png
oaklyn-united-fc,Oaklyn United FC,apsl,APSL,amateur,M,,NJ,39.9009,-75.0846,verified,1418,standings,https://www.apslsoccer.com/APSL/Team/165441,https://www.rankedxi.com/crests/apsl-oaklyn-united-fc.png
persepolis-united-fc,Persepolis United FC,apsl,APSL,amateur,M,,PA,39.9327,-75.1435,approximate,,,https://www.apslsoccer.com/APSL/Team/165603,https://www.rankedxi.com/crests/apsl-persepolis-united-fc.png
philadelphia-heritage-sc,Philadelphia Heritage SC,apsl,APSL,amateur,M,,PA,39.9927,-75.1235,approximate,1327,standings,https://www.apslsoccer.com/APSL/Team/165445,https://www.rankedxi.com/crests/apsl-philadelphia-heritage-sc.png
philadelphia-soccer-club,Philadelphia Soccer Club,apsl,APSL,amateur,M,,PA,39.9527,-75.1635,verified,1378,standings,https://www.apslsoccer.com/APSL/Team/165447,https://www.rankedxi.com/crests/apsl-philadelphia-soccer-club.png
real-central-nj-soccer,Real Central NJ Soccer,apsl,APSL,amateur,M,,NJ,40.2203,-74.7659,verified,1392,standings,https://www.apslsoccer.com/APSL/Team/165453,https://www.rankedxi.com/crests/apsl-real-central-nj-soccer.png
sewell-old-boys-fc,Sewell Old Boys FC,apsl,APSL,amateur,M,,NJ,39.7665,-75.1443,verified,1311,standings,https://www.apslsoccer.com/APSL/Team/165458,https://www.rankedxi.com/crests/apsl-sewell-old-boys-fc.png
vidas-united-fc,Vidas United FC,apsl,APSL,amateur,M,,PA,39.9527,-75.1535,approximate,1249,standings,https://www.apslsoccer.com/APSL/Team/165466,https://www.rankedxi.com/crests/apsl-vidas-united-fc.png
wc-predators-apsl,WC Predators,apsl,APSL,amateur,M,,PA,39.9597,-75.6045,verified,1503,standings,https://www.apslsoccer.com/APSL/Team/165469,https://www.rankedxi.com/crests/apsl-wc-predators-apsl.png
dorchester-city-fc-apsl,Dorchester City FC,apsl,APSL,amateur,M,,MA,42.2973,-71.0745,verified,,,https://www.apslsoccer.com/APSL/Team/165608,https://www.rankedxi.com/crests/apsl-dorchester-city-fc-apsl.png
falcons-fc,Falcons FC,apsl,APSL,amateur,M,,MA,42.3188,-71.0978,approximate,1358,standings,https://www.apslsoccer.com/APSL/Team/165410,https://www.rankedxi.com/crests/apsl-falcons-fc.png
jaguars-united-fc-apsl,Jaguars United FC,apsl,APSL,amateur,M,,MA,42.3188,-71.0878,approximate,,,https://www.apslsoccer.com/APSL/Team/165611,https://www.rankedxi.com/crests/apsl-jaguars-united-fc-apsl.png
new-england-combine-fc-apsl,New England Combine FC,apsl,APSL,amateur,M,,MA,42.3788,-71.0478,approximate,,,https://www.apslsoccer.com/APSL/Team/165609,https://www.rankedxi.com/crests/apsl-new-england-combine-fc-apsl.png
praia-kapital,Praia Kapital,apsl,APSL,amateur,M,,MA,42.3388,-71.0678,approximate,1405,standings,https://www.apslsoccer.com/APSL/Team/165448,https://www.rankedxi.com/crests/apsl-praia-kapital.png
scrub-nation,Scrub Nation,apsl,APSL,amateur,M,,MA,42.3788,-71.0978,approximate,1444,standings,https://www.apslsoccer.com/APSL/Team/165457,https://www.rankedxi.com/crests/apsl-scrub-nation.png
soley-leve,Soley Leve,apsl,APSL,amateur,M,,MA,42.3188,-71.0778,approximate,,,https://www.apslsoccer.com/APSL/Team/166017,https://www.rankedxi.com/crests/apsl-soley-leve.png
somerville-united-fc,Somerville United FC,apsl,APSL,amateur,M,,MA,42.3876,-71.0995,verified,1431,standings,https://www.apslsoccer.com/APSL/Team/165459,https://www.rankedxi.com/crests/apsl-somerville-united-fc.png
south-coast-union-apsl,South Coast Union,apsl,APSL,amateur,M,,MA,42.3188,-71.0978,approximate,1341,standings,https://www.apslsoccer.com/APSL/Team/165460,https://www.rankedxi.com/crests/apsl-south-coast-union-apsl.png
strictly-nos-fc,Strictly Nos FC,apsl,APSL,amateur,M,,MA,42.3888,-71.0178,approximate,,,https://www.apslsoccer.com/APSL/Team/165610,https://www.rankedxi.com/crests/apsl-strictly-nos-fc.png
central-park-rangers-fc,Central Park Rangers FC,apsl,APSL,amateur,M,,NY,40.6927,-73.996,approximate,1254,standings,https://www.apslsoccer.com/APSL/Team/165400,https://www.rankedxi.com/crests/apsl-central-park-rangers-fc.png
doxa-fcw,Doxa FCW,apsl,APSL,amateur,M,,NY,40.6827,-74.006,approximate,1378,standings,https://www.apslsoccer.com/APSL/Team/165408,https://www.rankedxi.com/crests/apsl-doxa-fcw.png
fc-sandzak,FC Sandzak,apsl,APSL,amateur,M,,NY,40.6927,-74.006,approximate,,,https://www.apslsoccer.com/APSL/Team/165604,https://www.rankedxi.com/crests/apsl-fc-sandzak.png
hoboken-fc-1912,Hoboken FC 1912,apsl,APSL,amateur,M,,NJ,40.7433,-74.0324,verified,1417,standings,https://www.apslsoccer.com/APSL/Team/165420,https://www.rankedxi.com/crests/apsl-hoboken-fc-1912.png
lansdowne-yonkers-fc,Lansdowne Yonkers FC,apsl,APSL,amateur,M,,NY,40.9312,-73.8987,verified,1492,standings,https://www.apslsoccer.com/APSL/Team/165428,https://www.rankedxi.com/crests/apsl-lansdowne-yonkers-fc.png
leros-sc,Leros SC,apsl,APSL,amateur,M,,NY,40.7527,-73.996,approximate,1341,standings,https://www.apslsoccer.com/APSL/Team/165429,https://www.rankedxi.com/crests/apsl-leros-sc.png
ny-athletic-club,NY Athletic Club,apsl,APSL,amateur,M,,NY,40.7427,-73.996,approximate,1301,standings,https://www.apslsoccer.com/APSL/Team/165437,https://www.rankedxi.com/crests/apsl-ny-athletic-club.png
ny-greek-americans,NY Greek Americans,apsl,APSL,amateur,M,,NY,40.7427,-74.046,approximate,1463,standings,https://www.apslsoccer.com/APSL/Team/165438,https://www.rankedxi.com/crests/apsl-ny-greek-americans.png
ny-pancyprian-freedoms,NY Pancyprian Freedoms,apsl,APSL,amateur,M,,NY,40.7135,-73.8283,verified,1411,standings,https://www.apslsoccer.com/APSL/Team/165440,https://www.rankedxi.com/crests/apsl-ny-pancyprian-freedoms.png
richmond-county-fc,Richmond County FC,apsl,APSL,amateur,M,,NY,40.5835,-74.1496,verified,1311,standings,https://www.apslsoccer.com/APSL/Team/165454,https://www.rankedxi.com/crests/apsl-richmond-county-fc.png
sc-vistula-garfield,SC Vistula Garfield,apsl,APSL,amateur,M,,NJ,40.8815,-74.1132,verified,1416,standings,https://www.apslsoccer.com/APSL/Team/165456,https://www.rankedxi.com/crests/apsl-sc-vistula-garfield.png
alianza-fc,Alianza FC,apsl,APSL,amateur,M,,MI,42.3016,-83.0766,approximate,1406,standings,https://www.apslsoccer.com/APSL/Team/165391,https://www.rankedxi.com/crests/apsl-alianza-fc.png
drita-sc-apsl,Drita SC,apsl,APSL,amateur,M,,MI,42.3216,-83.0666,approximate,1513,standings,https://www.apslsoccer.com/APSL/Team/165409,https://www.rankedxi.com/crests/apsl-drita-sc-apsl.png
grand-rapids-sc,Grand Rapids SC,apsl,APSL,amateur,M,,MI,42.9632,-85.6679,verified,,,https://www.apslsoccer.com/APSL/Team/166018,https://www.rankedxi.com/crests/apsl-grand-rapids-sc.png
hoverla-fc,Hoverla FC,apsl,APSL,amateur,M,,MI,42.3216,-83.0366,approximate,1319,standings,https://www.apslsoccer.com/APSL/Team/165421,https://www.rankedxi.com/crests/apsl-hoverla-fc.png
imlay-city-fc,Imlay City FC,apsl,APSL,amateur,M,,MI,43.0224,-83.0272,verified,1275,standings,https://www.apslsoccer.com/APSL/Team/165422,https://www.rankedxi.com/crests/apsl-imlay-city-fc.png
inter-detroit,Inter Detroit,apsl,APSL,amateur,M,,MI,42.3016,-83.0066,approximate,1470,standings,https://www.apslsoccer.com/APSL/Team/165423,https://www.rankedxi.com/crests/apsl-inter-detroit.png
livonia-city-fc,Livonia City FC,apsl,APSL,amateur,M,,MI,42.3684,-83.3527,verified,1275,standings,https://www.apslsoccer.com/APSL/Team/165431,https://www.rankedxi.com/crests/apsl-livonia-city-fc.png
monroe-united,Monroe United,apsl,APSL,amateur,M,,MI,41.9153,-83.5136,verified,1321,standings,https://www.apslsoccer.com/APSL/Team/165434,https://www.rankedxi.com/crests/apsl-monroe-united.png
world-class-fc,World Class FC,apsl,APSL,amateur,M,,MI,42.3316,-83.0266,approximate,1391,standings,https://www.apslsoccer.com/APSL/Team/165471,https://www.rankedxi.com/crests/apsl-world-class-fc.png
alliance-sc,Alliance SC,apsl,APSL,amateur,M,,GA,33.7745,-84.4098,approximate,1284,standings,https://www.apslsoccer.com/APSL/Team/165392,https://www.rankedxi.com/crests/apsl-alliance-sc.png
bel-calcio-fc,Bel Calcio FC,apsl,APSL,amateur,M,,GA,33.7745,-84.3998,approximate,1363,standings,https://www.apslsoccer.com/APSL/Team/165396,https://www.rankedxi.com/crests/apsl-bel-calcio-fc.png
buckhead-sc,Buckhead SC,apsl,APSL,amateur,M,,GA,33.8398,-84.3796,verified,1330,standings,https://www.apslsoccer.com/APSL/Team/165397,https://www.rankedxi.com/crests/apsl-buckhead-sc.png
georgia-united-fc,Georgia United FC,apsl,APSL,amateur,M,,GA,33.7545,-84.3898,verified,1298,standings,https://www.apslsoccer.com/APSL/Team/165414,https://www.rankedxi.com/crests/apsl-georgia-united-fc.png
majestic-sc,Majestic SC,apsl,APSL,amateur,M,,GA,33.7245,-84.3998,approximate,1401,standings,https://www.apslsoccer.com/APSL/Team/165432,https://www.rankedxi.com/crests/apsl-majestic-sc.png
peachtree-fc,Peachtree FC,apsl,APSL,amateur,M,,GA,33.3975,-84.5898,verified,1409,standings,https://www.apslsoccer.com/APSL/Team/165442,https://www.rankedxi.com/crests/apsl-peachtree-fc.png
prima-fc,Prima FC,apsl,APSL,amateur,M,,GA,33.7745,-84.3698,approximate,1460,standings,https://www.apslsoccer.com/APSL/Team/165449,https://www.rankedxi.com/crests/apsl-prima-fc.png
terminus-fc,Terminus FC,apsl,APSL,amateur,M,,GA,33.7445,-84.3598,approximate,1377,standings,https://www.apslsoccer.com/APSL/Team/165461,https://www.rankedxi.com/crests/apsl-terminus-fc.png
ac-arlington-fc,AC Arlington FC,apsl,APSL,amateur,M,,TX,32.7356,-97.1071,verified,1372,standings,https://www.apslsoccer.com/APSL/Team/165390,
carrollton-old-boyz,Carrollton Old Boyz,apsl,APSL,amateur,M,,TX,32.9515,-96.9034,verified,1394,standings,https://www.apslsoccer.com/APSL/Team/165399,https://www.rankedxi.com/crests/apsl-carrollton-old-boyz.png
texas-rage-fc,Texas Rage FC,apsl,APSL,amateur,M,,TX,32.7563,-96.7969,approximate,1275,standings,https://www.apslsoccer.com/APSL/Team/165463,https://www.rankedxi.com/crests/apsl-texas-rage-fc.png
ko-elites,KO Elites,apsl,APSL,amateur,M,,CT,41.7246,-72.6909,approximate,1500,standings,https://www.apslsoccer.com/APSL/Team/114826,https://www.rankedxi.com/crests/apsl-ko-elites.png
wildcat-fc,Wildcat FC,apsl,APSL,amateur,M,,CT,41.7246,-72.6509,approximate,1296,standings,https://www.apslsoccer.com/APSL/Team/114851,https://www.rankedxi.com/crests/apsl-wildcat-fc.png
alloy-soccer-club,Alloy Soccer Club,apsl,APSL,amateur,M,,PA,39.9227,-75.2035,approximate,1416,standings,https://www.apslsoccer.com/APSL/Team/114808,https://www.rankedxi.com/crests/apsl-alloy-soccer-club.png
gak,GAK,apsl,APSL,amateur,M,,PA,39.9327,-75.1635,approximate,1275,standings,https://www.apslsoccer.com/APSL/Team/124946,https://www.rankedxi.com/crests/apsl-gak.png
fitchburg-fc,Fitchburg FC,apsl,APSL,amateur,M,,MA,42.5839,-71.8038,verified,1275,standings,https://www.apslsoccer.com/APSL/Team/114815,https://www.rankedxi.com/crests/apsl-fitchburg-fc.png
invictus-fc,Invictus FC,apsl,APSL,amateur,M,,MA,42.3988,-71.0278,approximate,1275,standings,https://www.apslsoccer.com/APSL/Team/118064,https://www.rankedxi.com/crests/apsl-invictus-fc.png
project-football,Project Football,apsl,APSL,amateur,M,,MA,42.3988,-71.0678,approximate,1273,standings,https://www.apslsoccer.com/APSL/Team/114838,https://www.rankedxi.com/crests/apsl-project-football.png
ny-international-fc,NY International FC,apsl,APSL,amateur,M,,NY,40.6927,-73.976,approximate,1286,standings,https://www.apslsoccer.com/APSL/Team/115102,https://www.rankedxi.com/crests/apsl-ny-international-fc.png
zum-schneider-fc-03,Zum Schneider FC 03,apsl,APSL,amateur,M,,NY,40.758,-73.9855,verified,1285,standings,https://www.apslsoccer.com/APSL/Team/114852,https://www.rankedxi.com/crests/apsl-zum-schneider-fc-03.png
delmarva-thunder,Delmarva Thunder,apsl,APSL,amateur,M,,MD,38.366,-75.601,verified,1305,standings,https://www.apslsoccer.com/APSL/Team/118680,https://www.rankedxi.com/crests/apsl-delmarva-thunder.png
grove-soccer-united,Grove Soccer United,apsl,APSL,amateur,M,,MD,38.7493,-75.8769,verified,1305,standings,https://www.apslsoccer.com/APSL/Team/114817,https://www.rankedxi.com/crests/apsl-grove-soccer-united.png
pfa-apsl,PFA APSL,apsl,APSL,amateur,M,,DC,38.8851,-76.9964,approximate,1333,standings,https://www.apslsoccer.com/APSL/Team/114834,https://www.rankedxi.com/crests/apsl-pfa-apsl.png
pw-nova,PW Nova,apsl,APSL,amateur,M,,VA,38.6627,-77.2531,verified,1275,standings,https://www.apslsoccer.com/APSL/Team/114839,https://www.rankedxi.com/crests/apsl-pw-nova.png
va-marauders-fc,VA Marauders FC,apsl,APSL,amateur,M,,DC,38.8751,-77.0364,approximate,1381,standings,https://www.apslsoccer.com/APSL/Team/114846,https://www.rankedxi.com/crests/apsl-va-marauders-fc.png
wave-fc,Wave FC,apsl,APSL,amateur,M,,DC,38.8651,-76.9964,approximate,1326,standings,https://www.apslsoccer.com/APSL/Team/114849,https://www.rankedxi.com/crests/apsl-wave-fc.png
club-petrolero,Club Petrolero,apsl,APSL,amateur,M,,DC,38.8851,-77.0564,approximate,1402,standings,https://www.apslsoccer.com/APSL/Team/140256,https://www.rankedxi.com/crests/apsl-club-petrolero.png
baltimore-city-academy,Baltimore City Academy,apsl,APSL,amateur,M,,MD,39.2909,-76.6108,verified,1275,standings,https://www.apslsoccer.com/APSL/Team/144871,https://www.rankedxi.com/crests/apsl-baltimore-city-academy.png
chiefs-united,Chiefs United,apsl,APSL,amateur,M,,DC,38.8551,-76.9964,approximate,1455,standings,https://www.apslsoccer.com/APSL/Team/140359,https://www.rankedxi.com/crests/apsl-chiefs-united.png
dmv-rangers,DMV Rangers,apsl,APSL,amateur,M,,DC,38.8551,-77.0164,approximate,1275,standings,https://www.apslsoccer.com/APSL/Team/143012,https://www.rankedxi.com/crests/apsl-dmv-rangers.png
germantown-city-fc,Germantown City FC,apsl,APSL,amateur,M,,MD,39.1813,-77.2666,verified,1398,standings,https://www.apslsoccer.com/APSL/Team/136127,https://www.rankedxi.com/crests/apsl-germantown-city-fc.png
intra-united-sc,Intra United SC,apsl,APSL,amateur,M,,MI,42.3516,-83.0366,approximate,1275,standings,https://www.apslsoccer.com/APSL/Team/141264,https://www.rankedxi.com/crests/apsl-intra-united-sc.png
sc-gwinnett,SC Gwinnett,apsl,APSL,amateur,M,,GA,33.9567,-84.0227,verified,1275,standings,https://www.apslsoccer.com/APSL/Team/119159,https://www.rankedxi.com/crests/apsl-sc-gwinnett.png
texas-coyotes,Texas Coyotes,apsl,APSL,amateur,M,,TX,32.7963,-96.8269,approximate,1275,standings,https://www.apslsoccer.com/APSL/Team/142766,
arkansas-wolves-nisa,Arkansas Wolves,nisa,NISA,pro,M,North Little Rock,AR,34.7555,-92.2726,verified,,,https://arkansaswolves.com/,https://www.rankedxi.com/crests/nisa-arkansas-wolves.png
capo-fc-nisa,Capo FC,nisa,NISA,pro,M,San Juan Capistrano,CA,33.5017,-117.6626,verified,,,https://fccapistrano.org/,https://www.rankedxi.com/crests/nisa-capo-fc.png
dc-hyper-nisa,DC Hyper,nisa,NISA,pro,M,Montgomery,MD,39.1526,-77.3114,verified,,,https://fchyper.com/,https://www.rankedxi.com/crests/nisa-dc-hyper.png
georgia-fc-nisa,Georgia FC,nisa,NISA,pro,M,DeKalb,GA,33.8854,-84.2484,verified,,,https://www.gafcpro.com,https://www.rankedxi.com/crests/nisa-georgia-fc.png
noco-hailstorm-nisa,NOCO Hailstorm,nisa,NISA,pro,M,Windsor,CO,40.4679,-104.88,verified,,,https://www.hailstormfc.com/,https://www.rankedxi.com/crests/nisa-noco-hailstorm.png
peak-eleven-fc-nisa,Peak Eleven FC,nisa,NISA,pro,M,Superior,CO,39.9528,-105.1686,verified,,,https://www.peakxifc.com/,https://www.rankedxi.com/crests/nisa-peak-eleven-fc.png
sin-city-fc-nisa,Sin City FC,nisa,NISA,pro,M,Las Vegas,NV,36.1699,-115.1398,verified,,,https://nisanation.com/teams/sin-city-fc-nn,https://www.rankedxi.com/crests/nisa-sin-city-fc.png
adrian-college-bulldogs,Adrian College Bulldogs,ncaa3,NCAA Division III,college,M,Adrian,MI,41.899,-84.058,verified,1288,results_model,https://adrianbulldogs.com/,https://www.rankedxi.com/crests/ncaa3-adrian-college-bulldogs.png
albertus-magnus-college-falcons,Albertus Magnus College Falcons,ncaa3,NCAA Division III,college,M,New Haven,CT,41.332,-72.924,verified,1287,results_model,,https://www.rankedxi.com/crests/ncaa3-albertus-magnus-college-falcons.png
albion-college-britons,Albion College Britons,ncaa3,NCAA Division III,college,M,Albion,MI,42.245,-84.743,verified,1328,results_model,https://gobrits.com/,https://www.rankedxi.com/crests/ncaa3-albion-college-britons.png
albright-college-lions,Albright College Lions,ncaa3,NCAA Division III,college,M,Reading,PA,40.361,-75.91,verified,1292,results_model,https://albrightathletics.com/,https://www.rankedxi.com/crests/ncaa3-albright-college-lions.png
alfred-university-saxons,Alfred University Saxons,ncaa3,NCAA Division III,college,M,|Alfred,NY,42.256,-77.788,verified,1292,results_model,https://gosaxons.com/,https://www.rankedxi.com/crests/ncaa3-alfred-university-saxons.png
alfred-state-college-pioneers,Alfred State College Pioneers,ncaa3,NCAA Division III,college,M,|Alfred,NY,42.254,-77.788,verified,1303,results_model,http://www.alfredstate.edu,https://www.rankedxi.com/crests/ncaa3-alfred-state-college-pioneers.png
allegheny-college-gators,Allegheny College Gators,ncaa3,NCAA Division III,college,M,Meadville,PA,41.65,-80.145,verified,1303,results_model,,https://www.rankedxi.com/crests/ncaa3-allegheny-college-gators.png
alma-college-scots,Alma College Scots,ncaa3,NCAA Division III,college,M,Alma,MI,43.38,-84.671,verified,1273,results_model,https://almascots.com/,https://www.rankedxi.com/crests/ncaa3-alma-college-scots.png
alvernia-university-golden-wolves,Alvernia University Golden Wolves,ncaa3,NCAA Division III,college,M,Reading,PA,40.309,-75.936,verified,1315,results_model,http://www.alvernia.edu,https://www.rankedxi.com/crests/ncaa3-alvernia-university-golden-wolves.png
amherst-college-mammoths,Amherst College Mammoths,ncaa3,NCAA Division III,college,M,Amherst,MA,42.371,-72.517,verified,1370,results_model,https://athletics.amherst.edu/,https://www.rankedxi.com/crests/ncaa3-amherst-college-mammoths.png
anderson-university-ravens-and-lady-ravens,Anderson University Ravens and Lady Ravens,ncaa3,NCAA Division III,college,M,Anderson,IN,40.112,-85.666,verified,1291,results_model,,https://www.rankedxi.com/crests/ncaa3-anderson-university-ravens-and-lady-ravens.png
arcadia-university-knights,Arcadia University Knights,ncaa3,NCAA Division III,college,M,Glenside,PA,40.092,-75.165,verified,1321,results_model,https://arcadiaknights.com/,https://www.rankedxi.com/crests/ncaa3-arcadia-university-knights.png
asbury-university-eagles,Asbury University Eagles,ncaa3,NCAA Division III,college,M,Wilmore,KY,37.864,-84.665,verified,1289,results_model,https://asburyeagles.com/,https://www.rankedxi.com/crests/ncaa3-asbury-university-eagles.png
augsburg-university-auggies,Augsburg University Auggies,ncaa3,NCAA Division III,college,M,Minneapolis,MN,44.966,-93.242,verified,1380,results_model,https://athletics.augsburg.edu/,https://www.rankedxi.com/crests/ncaa3-augsburg-university-auggies.png
augustana-college-vikings,Augustana College Vikings,ncaa3,NCAA Division III,college,M,Rock Island,IL,41.502,-90.55,verified,1304,results_model,https://athletics.augustana.edu/,https://www.rankedxi.com/crests/ncaa3-augustana-college-vikings.png
aurora-university-spartans,Aurora University Spartans,ncaa3,NCAA Division III,college,M,Aurora,IL,41.755,-88.348,verified,1353,results_model,,https://www.rankedxi.com/crests/ncaa3-aurora-university-spartans.png
austin-college-kangaroos,Austin College Kangaroos,ncaa3,NCAA Division III,college,M,Sherman,TX,33.647,-96.597,verified,1309,results_model,https://acroos.com/,https://www.rankedxi.com/crests/ncaa3-austin-college-kangaroos.png
averett-university-cougars,Averett University Cougars,ncaa3,NCAA Division III,college,M,Danville,VA,36.579,-79.412,verified,1312,results_model,,https://www.rankedxi.com/crests/ncaa3-averett-university-cougars.png
babson-college-beavers,Babson College Beavers,ncaa3,NCAA Division III,college,M,Wellesley,MA,42.298,-71.261,verified,1358,results_model,https://babsonathletics.com/,https://www.rankedxi.com/crests/ncaa3-babson-college-beavers.png
baldwin-wallace-university-yellow-jackets,Baldwin Wallace University Yellow Jackets,ncaa3,NCAA Division III,college,M,Berea,OH,41.371,-81.848,verified,1301,results_model,https://bwyellowjackets.com/,https://www.rankedxi.com/crests/ncaa3-baldwin-wallace-university-yellow-jackets.png
bard-college-raptors,Bard College Raptors,ncaa3,NCAA Division III,college,M,Annandale-on-Hudson,NY,42.02,-73.91,verified,1296,results_model,https://bardathletics.com/,https://www.rankedxi.com/crests/ncaa3-bard-college-raptors.png
baruch-college-bearcats,Baruch College Bearcats,ncaa3,NCAA Division III,college,M,New York,NY,40.74,-73.983,verified,1258,results_model,https://athletics.baruch.cuny.edu/,https://www.rankedxi.com/crests/ncaa3-baruch-college-bearcats.png
bates-college-bobcats,Bates College Bobcats,ncaa3,NCAA Division III,college,M,Lewiston,ME,44.106,-70.204,verified,1357,results_model,,https://www.rankedxi.com/crests/ncaa3-bates-college-bobcats.png
batten-university-marlins,Batten University Marlins,ncaa3,NCAA Division III,college,M,Virginia Beach,VA,36.868,-76.188,verified,1355,results_model,https://vwuathletics.com/,https://www.rankedxi.com/crests/ncaa3-batten-university-marlins.png
belhaven-university-blazers,Belhaven University Blazers,ncaa3,NCAA Division III,college,M,Jackson,MS,32.32,-90.169,verified,1316,results_model,https://blazers.belhaven.edu/,https://www.rankedxi.com/crests/ncaa3-belhaven-university-blazers.png
beloit-college-buccaneers,Beloit College Buccaneers,ncaa3,NCAA Division III,college,M,Beloit,WI,42.503,-89.031,verified,1280,results_model,https://beloitcollegeathletics.com/,https://www.rankedxi.com/crests/ncaa3-beloit-college-buccaneers.png
benedictine-university-eagles,Benedictine University Eagles,ncaa3,NCAA Division III,college,M,Lisle,IL,41.777,-88.096,verified,1297,results_model,,https://www.rankedxi.com/crests/ncaa3-benedictine-university-eagles.png
berea-college-mountaineers,Berea College Mountaineers,ncaa3,NCAA Division III,college,M,Berea,KY,37.573,-84.292,verified,1258,results_model,https://bereaathletics.com/,https://www.rankedxi.com/crests/ncaa3-berea-college-mountaineers.png
berry-college-vikings,Berry College Vikings,ncaa3,NCAA Division III,college,M,Mount Berry,GA,34.29,-85.189,verified,1343,results_model,https://berryvikings.com/,https://www.rankedxi.com/crests/ncaa3-berry-college-vikings.png
bethany-lutheran-college-vikings,Bethany Lutheran College Vikings,ncaa3,NCAA Division III,college,M,Mankato,MN,44.166,-93.991,verified,1318,results_model,http://www.blc.edu,https://www.rankedxi.com/crests/ncaa3-bethany-lutheran-college-vikings.png
bethany-college-bison,Bethany College Bison,ncaa3,NCAA Division III,college,M,Bethany,WV,40.206,-80.56,verified,1278,results_model,,https://www.rankedxi.com/crests/ncaa3-bethany-college-bison.png
bethel-university-royals,Bethel University Royals,ncaa3,NCAA Division III,college,M,Arden Hills,MN,45.058,-93.162,verified,1338,results_model,https://athletics.bethel.edu/,https://www.rankedxi.com/crests/ncaa3-bethel-university-royals.png
blackburn-college-beavers,Blackburn College Beavers,ncaa3,NCAA Division III,college,M,Carlinville,IL,39.288,-89.872,verified,1260,results_model,,https://www.rankedxi.com/crests/ncaa3-blackburn-college-beavers.png
bluffton-university-beavers,Bluffton University Beavers,ncaa3,NCAA Division III,college,M,Bluffton,OH,40.896,-83.898,verified,1278,results_model,,https://www.rankedxi.com/crests/ncaa3-bluffton-university-beavers.png
bowdoin-college-polar-bears,Bowdoin College Polar Bears,ncaa3,NCAA Division III,college,M,Brunswick,ME,43.909,-69.963,verified,1381,results_model,https://www.bowdoin.edu/,https://www.rankedxi.com/crests/ncaa3-bowdoin-college-polar-bears.png
brandeis-university-judges,Brandeis University Judges,ncaa3,NCAA Division III,college,M,Waltham,MA,42.366,-71.26,verified,1362,results_model,https://brandeisjudges.com/,https://www.rankedxi.com/crests/ncaa3-brandeis-university-judges.png
brevard-college-tornados,Brevard College Tornados,ncaa3,NCAA Division III,college,M,Brevard,NC,35.238,-82.729,verified,1304,results_model,https://bctornados.com/,https://www.rankedxi.com/crests/ncaa3-brevard-college-tornados.png
bridgewater-state-university-bears,Bridgewater State University Bears,ncaa3,NCAA Division III,college,M,Bridgewater,MA,41.99,-70.975,verified,1337,results_model,https://bridgew.edu,https://www.rankedxi.com/crests/ncaa3-bridgewater-state-university-bears.png
bridgewater-college-eagles,Bridgewater College Eagles,ncaa3,NCAA Division III,college,M,Bridgewater,VA,38.379,-78.969,verified,1340,results_model,,https://www.rankedxi.com/crests/ncaa3-bridgewater-college-eagles.png
state-university-of-new-york-at-brockport-golden-eagles,State University of New York at Brockport Golden Eagles,ncaa3,NCAA Division III,college,M,Brockport,NY,43.212,-77.95,verified,1329,results_model,https://www.brockport.edu/,
brooklyn-college-bulldogs,Brooklyn College Bulldogs,ncaa3,NCAA Division III,college,M,Brooklyn,NY,40.631,-73.953,verified,1256,results_model,https://www.brooklyncollegeathletics.com/,https://www.rankedxi.com/crests/ncaa3-brooklyn-college-bulldogs.png
buena-vista-university-beavers,Buena Vista University Beavers,ncaa3,NCAA Division III,college,M,Storm Lake,IA,42.643,-95.208,verified,1255,results_model,https://bvuathletics.com/,https://www.rankedxi.com/crests/ncaa3-buena-vista-university-beavers.png
buffalo-state-university-bengals,Buffalo State University Bengals,ncaa3,NCAA Division III,college,M,Buffalo,NY,42.935,-78.884,verified,1349,results_model,https://suny.buffalostate.edu/,https://www.rankedxi.com/crests/ncaa3-buffalo-state-university-bengals.png
connecticut-college-camels,Connecticut College Camels,ncaa3,NCAA Division III,college,M,New London,CT,41.378,-72.105,verified,1383,results_model,https://camelathletics.com/,https://www.rankedxi.com/crests/ncaa3-connecticut-college-camels.png
cairn-university-highlanders,Cairn University Highlanders,ncaa3,NCAA Division III,college,M,Langhorne,PA,40.166,-74.909,verified,1284,results_model,,https://www.rankedxi.com/crests/ncaa3-cairn-university-highlanders.png
california-lutheran-university-kingsmen-and-regals,California Lutheran University Kingsmen and Regals,ncaa3,NCAA Division III,college,M,Thousand Oaks,CA,34.225,-118.879,verified,1323,results_model,https://clusports.com/,https://www.rankedxi.com/crests/ncaa3-california-lutheran-university-kingsmen-and-regals.png
california-institute-of-technology-beavers,California Institute of Technology Beavers,ncaa3,NCAA Division III,college,M,Pasadena,CA,34.138,-118.125,verified,1327,results_model,https://caltech.edu,https://www.rankedxi.com/crests/ncaa3-california-institute-of-technology-beavers.png
calvin-university-knights,Calvin University Knights,ncaa3,NCAA Division III,college,M,Grand Rapids,MI,42.93,-85.588,verified,1358,results_model,https://calvinknights.com/,https://www.rankedxi.com/crests/ncaa3-calvin-university-knights.png
capital-university-comets,Capital University Comets,ncaa3,NCAA Division III,college,M,Bexley,OH,39.955,-82.938,verified,1306,results_model,https://athletics.capital.edu/,https://www.rankedxi.com/crests/ncaa3-capital-university-comets.png
carleton-college-knights,Carleton College Knights,ncaa3,NCAA Division III,college,M,Northfield,MN,44.462,-93.154,verified,1345,results_model,https://athletics.carleton.edu/,https://www.rankedxi.com/crests/ncaa3-carleton-college-knights.png
carnegie-mellon-university-tartans,Carnegie Mellon University Tartans,ncaa3,NCAA Division III,college,M,Pittsburgh,PA,40.443,-79.943,verified,1347,results_model,https://cmu.edu,https://www.rankedxi.com/crests/ncaa3-carnegie-mellon-university-tartans.png
carroll-university-pioneers,Carroll University Pioneers,ncaa3,NCAA Division III,college,M,Waukesha,WI,43.004,-88.228,verified,1324,results_model,https://gopios.com/,https://www.rankedxi.com/crests/ncaa3-carroll-university-pioneers.png
carthage-college-firebirds,Carthage College Firebirds,ncaa3,NCAA Division III,college,M,Kenosha,WI,42.621,-87.822,verified,1312,results_model,https://athletics.carthage.edu/,https://www.rankedxi.com/crests/ncaa3-carthage-college-firebirds.png
case-western-reserve-university-spartans,Case Western Reserve University Spartans,ncaa3,NCAA Division III,college,M,Cleveland,OH,41.504,-81.608,verified,1354,results_model,https://case.edu,https://www.rankedxi.com/crests/ncaa3-case-western-reserve-university-spartans.png
vermont-state-universitycastleton-spartans,Vermont State University–Castleton Spartans,ncaa3,NCAA Division III,college,M,Castleton,VT,43.611,-73.181,verified,1285,results_model,https://castletonsports.com/,https://www.rankedxi.com/crests/ncaa3-vermont-state-universitycastleton-spartans.png
catholic-university-of-america-cardinals,Catholic University of America Cardinals,ncaa3,NCAA Division III,college,M,Washington,DC,38.934,-76.999,verified,1363,results_model,http://www.cuacardinals.com,https://www.rankedxi.com/crests/ncaa3-catholic-university-of-america-cardinals.png
centenary-university-cyclones,Centenary University Cyclones,ncaa3,NCAA Division III,college,M,Hackettstown,NJ,40.849,-74.832,verified,1293,results_model,,https://www.rankedxi.com/crests/ncaa3-centenary-university-cyclones.png
central-college-dutch,Central College Dutch,ncaa3,NCAA Division III,college,M,Pella,IA,41.4,-92.919,verified,1317,results_model,http://central.edu/athletics,https://www.rankedxi.com/crests/ncaa3-central-college-dutch.png
centre-college-colonels,Centre College Colonels,ncaa3,NCAA Division III,college,M,Danville,KY,37.646,-84.779,verified,1319,results_model,,https://www.rankedxi.com/crests/ncaa3-centre-college-colonels.png
chapman-university-panthers,Chapman University Panthers,ncaa3,NCAA Division III,college,M,Orange,CA,33.793,-117.851,verified,1339,results_model,https://chapmanathletics.com/,https://www.rankedxi.com/crests/ncaa3-chapman-university-panthers.png
chatham-university-cougars,Chatham University Cougars,ncaa3,NCAA Division III,college,M,Pittsburgh,PA,40.449,-79.926,verified,1281,results_model,https://gochathamcougars.com/,https://www.rankedxi.com/crests/ncaa3-chatham-university-cougars.png
university-of-chicago-maroons,University of Chicago Maroons,ncaa3,NCAA Division III,college,M,Chicago,IL,41.79,-87.6,verified,1379,results_model,https://athletics.uchicago.edu/,https://www.rankedxi.com/crests/ncaa3-university-of-chicago-maroons.png
christopher-newport-university-captains,Christopher Newport University Captains,ncaa3,NCAA Division III,college,M,Newport News,VA,37.063,-76.493,verified,1371,results_model,,https://www.rankedxi.com/crests/ncaa3-christopher-newport-university-captains.png
city-college-of-new-york-beavers,City College of New York Beavers,ncaa3,NCAA Division III,college,M,New York,NY,40.819,-73.95,verified,1238,results_model,https://ccny.cuny.edu,https://www.rankedxi.com/crests/ncaa3-city-college-of-new-york-beavers.png
claremont-mckenna-college-harvey-mudd-college-and-scripps-college-stags-and-athenas,"Claremont McKenna College, Harvey Mudd College, and Scripps College Stags and Athenas",ncaa3,NCAA Division III,college,M,Claremont,CA,34.102,-117.707,verified,1327,results_model,https://cmsathletics.org/,https://www.rankedxi.com/crests/ncaa3-claremont-mckenna-college-harvey-mudd-college-and-scripps-college-stags-and-athenas.png
clark-university-cougars,Clark University Cougars,ncaa3,NCAA Division III,college,M,Worcester,MA,42.251,-71.823,verified,1307,results_model,https://clarkathletics.com/,https://www.rankedxi.com/crests/ncaa3-clark-university-cougars.png
clarkson-university-golden-knights,Clarkson University Golden Knights,ncaa3,NCAA Division III,college,M,Potsdam,NY,44.664,-74.998,verified,1336,results_model,https://clarkson.edu/,https://www.rankedxi.com/crests/ncaa3-clarkson-university-golden-knights.png
united-states-coast-guard-academy-bears,United States Coast Guard Academy Bears,ncaa3,NCAA Division III,college,M,New London,CT,41.356,-72.1,verified,1330,results_model,https://www.uscg.mil/,https://www.rankedxi.com/crests/ncaa3-united-states-coast-guard-academy-bears.png
coe-college-kohawks,Coe College Kohawks,ncaa3,NCAA Division III,college,M,Cedar Rapids,IA,41.988,-91.657,verified,1299,results_model,,https://www.rankedxi.com/crests/ncaa3-coe-college-kohawks.png
colby-college-mules,Colby College Mules,ncaa3,NCAA Division III,college,M,Waterville,ME,44.564,-69.663,verified,1359,results_model,https://gocolbymules.com/,https://www.rankedxi.com/crests/ncaa3-colby-college-mules.png
colbysawyer-college-chargers,Colby–Sawyer College Chargers,ncaa3,NCAA Division III,college,M,New London,NH,43.412,-71.978,verified,1255,results_model,,https://www.rankedxi.com/crests/ncaa3-colbysawyer-college-chargers.png
the-college-of-new-jersey-lions,The College of New Jersey Lions,ncaa3,NCAA Division III,college,M,Ewing,NJ,40.271,-74.783,verified,1344,results_model,http://www.tcnj.edu,https://www.rankedxi.com/crests/ncaa3-the-college-of-new-jersey-lions.png
colorado-college-tigers,Colorado College Tigers,ncaa3,NCAA Division III,college,M,Colorado Springs,CO,38.848,-104.823,verified,1360,results_model,https://cctigers.com/,https://www.rankedxi.com/crests/ncaa3-colorado-college-tigers.png
concordia-university-chicago-cougars,Concordia University Chicago Cougars,ncaa3,NCAA Division III,college,M,River Forest,IL,41.9,-87.81,verified,1232,results_model,https://cucougars.com/,https://www.rankedxi.com/crests/ncaa3-concordia-university-chicago-cougars.png
concordia-college-cobbers,Concordia College Cobbers,ncaa3,NCAA Division III,college,M,Moorhead,MN,46.865,-96.77,verified,1264,results_model,,https://www.rankedxi.com/crests/ncaa3-concordia-college-cobbers.png
concordia-university-texas-tornados,Concordia University Texas Tornados,ncaa3,NCAA Division III,college,M,Austin,TX,30.42,-97.837,verified,1328,results_model,https://athletics.concordia.edu/,https://www.rankedxi.com/crests/ncaa3-concordia-university-texas-tornados.png
concordia-university-wisconsin-falcons,Concordia University Wisconsin Falcons,ncaa3,NCAA Division III,college,M,Mequon,WI,43.254,-87.914,verified,1277,results_model,,https://www.rankedxi.com/crests/ncaa3-concordia-university-wisconsin-falcons.png
cornell-college-rams,Cornell College Rams,ncaa3,NCAA Division III,college,M,Mount Vernon,IA,41.926,-91.426,verified,1292,results_model,https://www.cornellrams.com/,https://www.rankedxi.com/crests/ncaa3-cornell-college-rams.png
state-university-of-new-york-at-cortland-red-dragons,State University of New York at Cortland Red Dragons,ncaa3,NCAA Division III,college,M,Cortland,NY,42.597,-76.189,verified,1369,results_model,http://www2.cortland.edu,https://www.rankedxi.com/crests/ncaa3-state-university-of-new-york-at-cortland-red-dragons.png
covenant-college-scots,Covenant College Scots,ncaa3,NCAA Division III,college,M,Lookout Mountain,GA,34.966,-85.374,verified,1336,results_model,https://athletics.covenant.edu/,https://www.rankedxi.com/crests/ncaa3-covenant-college-scots.png
crown-college-polars,Crown College Polars,ncaa3,NCAA Division III,college,M,St. Bonifacius,MN,44.885,-93.742,verified,1252,results_model,https://athletics.crown.edu/,https://www.rankedxi.com/crests/ncaa3-crown-college-polars.png
curry-college-colonels,Curry College Colonels,ncaa3,NCAA Division III,college,M,Milton,MA,42.238,-71.116,verified,1275,results_model,,https://www.rankedxi.com/crests/ncaa3-curry-college-colonels.png
university-of-dallas-crusaders,University of Dallas Crusaders,ncaa3,NCAA Division III,college,M,Irving,TX,32.845,-96.926,verified,1218,results_model,https://udallasathletics.com/,https://www.rankedxi.com/crests/ncaa3-university-of-dallas-crusaders.png
depauw-university-tigers,DePauw University Tigers,ncaa3,NCAA Division III,college,M,Greencastle,IN,39.641,-86.863,verified,1353,results_model,https://depauwtigers.com/,https://www.rankedxi.com/crests/ncaa3-depauw-university-tigers.png
desales-university-bulldogs,DeSales University Bulldogs,ncaa3,NCAA Division III,college,M,Center Valley,PA,40.54,-75.377,verified,1303,results_model,https://athletics.desales.edu/,https://www.rankedxi.com/crests/ncaa3-desales-university-bulldogs.png
dean-college-bulldogs,Dean College Bulldogs,ncaa3,NCAA Division III,college,M,Franklin,MA,42.085,-71.399,verified,1281,results_model,https://deanbulldogs.com/,https://www.rankedxi.com/crests/ncaa3-dean-college-bulldogs.png
delaware-valley-university-aggies,Delaware Valley University Aggies,ncaa3,NCAA Division III,college,M,Doylestown,PA,40.297,-75.157,verified,1310,results_model,https://athletics.delval.edu/,https://www.rankedxi.com/crests/ncaa3-delaware-valley-university-aggies.png
denison-university-big-red,Denison University Big Red,ncaa3,NCAA Division III,college,M,Granville,OH,40.072,-82.522,verified,1370,results_model,http://www.denison.edu,https://www.rankedxi.com/crests/ncaa3-denison-university-big-red.png
dickinson-college-red-devils,Dickinson College Red Devils,ncaa3,NCAA Division III,college,M,Carlisle,PA,40.203,-77.195,verified,1383,results_model,http://dickinsonathletics.com/,https://www.rankedxi.com/crests/ncaa3-dickinson-college-red-devils.png
dominican-university-stars,Dominican University Stars,ncaa3,NCAA Division III,college,M,River Forest,IL,41.903,-87.822,verified,1314,results_model,,https://www.rankedxi.com/crests/ncaa3-dominican-university-stars.png
drew-university-rangers,Drew University Rangers,ncaa3,NCAA Division III,college,M,Madison,NJ,40.761,-74.427,verified,1346,results_model,,https://www.rankedxi.com/crests/ncaa3-drew-university-rangers.png
university-of-dubuque-spartans,University of Dubuque Spartans,ncaa3,NCAA Division III,college,M,Dubuque,IA,42.498,-90.692,verified,1291,results_model,,https://www.rankedxi.com/crests/ncaa3-university-of-dubuque-spartans.png
eastern-connecticut-state-university-warriors,Eastern Connecticut State University Warriors,ncaa3,NCAA Division III,college,M,Willimantic,CT,41.721,-72.218,verified,1308,results_model,http://www.easternct.edu/,https://www.rankedxi.com/crests/ncaa3-eastern-connecticut-state-university-warriors.png
eastern-mennonite-university-royals,Eastern Mennonite University Royals,ncaa3,NCAA Division III,college,M,Harrisonburg,VA,38.471,-78.88,verified,1318,results_model,https://emu.edu/,https://www.rankedxi.com/crests/ncaa3-eastern-mennonite-university-royals.png
east-texas-baptist-university-tigers,East Texas Baptist University Tigers,ncaa3,NCAA Division III,college,M,Marshall,TX,32.556,-94.373,verified,1311,results_model,https://www.etbu.edu/,https://www.rankedxi.com/crests/ncaa3-east-texas-baptist-university-tigers.png
earlham-college-quakers,Earlham College Quakers,ncaa3,NCAA Division III,college,M,Richmond,IN,39.825,-84.913,verified,1257,results_model,https://goearlham.com/,https://www.rankedxi.com/crests/ncaa3-earlham-college-quakers.png
eastern-university-eagles,Eastern University Eagles,ncaa3,NCAA Division III,college,M,St. Davids,PA,40.044,-75.373,verified,1312,results_model,,https://www.rankedxi.com/crests/ncaa3-eastern-university-eagles.png
edgewood-university-eagles,Edgewood University Eagles,ncaa3,NCAA Division III,college,M,Madison,WI,43.058,-89.423,verified,1366,results_model,https://edgewoodcollegeeagles.com/,https://www.rankedxi.com/crests/ncaa3-edgewood-university-eagles.png
elizabethtown-college-blue-jays,Elizabethtown College Blue Jays,ncaa3,NCAA Division III,college,M,Elizabethtown,PA,40.15,-76.592,verified,1309,results_model,https://www.etown.edu/,https://www.rankedxi.com/crests/ncaa3-elizabethtown-college-blue-jays.png
elmhurst-university-bluejays,Elmhurst University Bluejays,ncaa3,NCAA Division III,college,M,Elmhurst,IL,41.896,-87.946,verified,1306,results_model,,https://www.rankedxi.com/crests/ncaa3-elmhurst-university-bluejays.png
elmira-college-soaring-eagles,Elmira College Soaring Eagles,ncaa3,NCAA Division III,college,M,Elmira,NY,42.097,-76.816,verified,1314,results_model,http://www.elmira.edu,https://www.rankedxi.com/crests/ncaa3-elmira-college-soaring-eagles.png
elms-college-blazers,Elms College Blazers,ncaa3,NCAA Division III,college,M,Chicopee,MA,42.142,-72.601,verified,1250,results_model,,https://www.rankedxi.com/crests/ncaa3-elms-college-blazers.png
emerson-college-lions,Emerson College Lions,ncaa3,NCAA Division III,college,M,Boston,MA,42.352,-71.066,verified,1320,results_model,,https://www.rankedxi.com/crests/ncaa3-emerson-college-lions.png
emmanuel-college-saints,Emmanuel College Saints,ncaa3,NCAA Division III,college,M,Boston,MA,42.342,-71.103,verified,1290,results_model,https://goecsaints.com/,https://www.rankedxi.com/crests/ncaa3-emmanuel-college-saints.png
emory-university-eagles,Emory University Eagles,ncaa3,NCAA Division III,college,M,Atlanta,GA,33.791,-84.323,verified,1388,results_model,https://emoryathletics.com/,https://www.rankedxi.com/crests/ncaa3-emory-university-eagles.png
endicott-college-gulls,Endicott College Gulls,ncaa3,NCAA Division III,college,M,Beverly,MA,42.552,-70.843,verified,1328,results_model,,https://www.rankedxi.com/crests/ncaa3-endicott-college-gulls.png
eureka-college-red-devils,Eureka College Red Devils,ncaa3,NCAA Division III,college,M,Eureka,IL,40.714,-89.267,verified,1263,results_model,https://www.eureka.edu/,https://www.rankedxi.com/crests/ncaa3-eureka-college-red-devils.png
fairleigh-dickinson-university-florham-devils,"Fairleigh Dickinson University, Florham Devils",ncaa3,NCAA Division III,college,M,Madison/Florham Park,NJ,40.918,-74.03,verified,1324,results_model,,https://www.rankedxi.com/crests/ncaa3-fairleigh-dickinson-university-florham-devils.png
farmingdale-state-college-rams,Farmingdale State College Rams,ncaa3,NCAA Division III,college,M,Farmingdale,NY,40.753,-73.427,verified,1280,results_model,https://www.farmingdale.edu/,https://www.rankedxi.com/crests/ncaa3-farmingdale-state-college-rams.png
fitchburg-state-university-falcons,Fitchburg State University Falcons,ncaa3,NCAA Division III,college,M,Fitchburg,MA,42.589,-71.789,verified,1265,results_model,https://www.fitchburgstate.edu/,https://www.rankedxi.com/crests/ncaa3-fitchburg-state-university-falcons.png
framingham-state-university-rams,Framingham State University Rams,ncaa3,NCAA Division III,college,M,Framingham,MA,42.298,-71.437,verified,1271,results_model,https://www.framingham.edu/,https://www.rankedxi.com/crests/ncaa3-framingham-state-university-rams.png
franciscan-university-of-steubenville-barons,Franciscan University of Steubenville Barons,ncaa3,NCAA Division III,college,M,Steubenville,OH,40.377,-80.62,verified,1316,results_model,https://franciscan.edu/,https://www.rankedxi.com/crests/ncaa3-franciscan-university-of-steubenville-barons.png
franklin-marshall-college-diplomats,Franklin & Marshall College Diplomats,ncaa3,NCAA Division III,college,M,Lancaster,PA,40.047,-76.321,verified,1329,results_model,http://www.fandm.edu,https://www.rankedxi.com/crests/ncaa3-franklin-marshall-college-diplomats.png
franklin-college-grizzlies,Franklin College Grizzlies,ncaa3,NCAA Division III,college,M,Franklin,IN,39.479,-86.046,verified,1232,results_model,https://franklingrizzlies.com/,https://www.rankedxi.com/crests/ncaa3-franklin-college-grizzlies.png
gallaudet-university-bison,Gallaudet University Bison,ncaa3,NCAA Division III,college,M,Washington,DC,38.907,-76.993,verified,1205,results_model,https://gallaudetbison.com,https://www.rankedxi.com/crests/ncaa3-gallaudet-university-bison.png
state-university-of-new-york-at-geneseo-knights,State University of New York at Geneseo Knights,ncaa3,NCAA Division III,college,M,Geneseo,NY,42.796,-77.82,verified,1336,results_model,,https://www.rankedxi.com/crests/ncaa3-state-university-of-new-york-at-geneseo-knights.png
geneva-college-golden-tornadoes,Geneva College Golden Tornadoes,ncaa3,NCAA Division III,college,M,Beaver Falls,PA,40.771,-80.321,verified,1297,results_model,https://www.geneva.edu/,https://www.rankedxi.com/crests/ncaa3-geneva-college-golden-tornadoes.png
george-fox-university-bruins,George Fox University Bruins,ncaa3,NCAA Division III,college,M,Newberg,OR,45.304,-122.968,verified,1299,results_model,https://athletics.georgefox.edu/,https://www.rankedxi.com/crests/ncaa3-george-fox-university-bruins.png
gettysburg-college-bullets,Gettysburg College Bullets,ncaa3,NCAA Division III,college,M,Gettysburg,PA,39.838,-77.235,verified,1352,results_model,https://gettysburgsports.com/,https://www.rankedxi.com/crests/ncaa3-gettysburg-college-bullets.png
gordon-college-fighting-scots,Gordon College Fighting Scots,ncaa3,NCAA Division III,college,M,Wenham,MA,42.59,-70.823,verified,1315,results_model,https://www.gordon.edu/,https://www.rankedxi.com/crests/ncaa3-gordon-college-fighting-scots.png
goucher-college-gophers,Goucher College Gophers,ncaa3,NCAA Division III,college,M,Towson,MD,39.408,-76.592,verified,1316,results_model,,https://www.rankedxi.com/crests/ncaa3-goucher-college-gophers.png
greensboro-college-pride,Greensboro College Pride,ncaa3,NCAA Division III,college,M,Greensboro,NC,36.071,-79.8,verified,1303,results_model,https://greensborocollegesports.com/,https://www.rankedxi.com/crests/ncaa3-greensboro-college-pride.png
greenville-university-panthers,Greenville University Panthers,ncaa3,NCAA Division III,college,M,Greenville,IL,38.894,-89.409,verified,1308,results_model,,https://www.rankedxi.com/crests/ncaa3-greenville-university-panthers.png
grinnell-college-pioneers,Grinnell College Pioneers,ncaa3,NCAA Division III,college,M,Grinnell,IA,41.749,-92.72,verified,1298,results_model,,https://www.rankedxi.com/crests/ncaa3-grinnell-college-pioneers.png
grove-city-college-wolverines,Grove City College Wolverines,ncaa3,NCAA Division III,college,M,Grove City,PA,41.156,-80.08,verified,1342,results_model,https://www.grovecityohio.gov,https://www.rankedxi.com/crests/ncaa3-grove-city-college-wolverines.png
guilford-college-quakers,Guilford College Quakers,ncaa3,NCAA Division III,college,M,Greensboro,NC,36.095,-79.889,verified,1295,results_model,https://guilfordquakers.com/,https://www.rankedxi.com/crests/ncaa3-guilford-college-quakers.png
gustavus-adolphus-college-gusties,Gustavus Adolphus College Gusties,ncaa3,NCAA Division III,college,M,St. Peter,MN,44.324,-93.972,verified,1363,results_model,http://www.gustavus.edu,https://www.rankedxi.com/crests/ncaa3-gustavus-adolphus-college-gusties.png
gwynedd-mercy-university-griffins,Gwynedd Mercy University Griffins,ncaa3,NCAA Division III,college,M,Lower Gwynedd Township,PA,40.198,-75.236,verified,1261,results_model,http://www.gmercyu.edu/,https://www.rankedxi.com/crests/ncaa3-gwynedd-mercy-university-griffins.png
hamilton-college-continentals,Hamilton College Continentals,ncaa3,NCAA Division III,college,M,Clinton,NY,43.052,-75.406,verified,1366,results_model,https://athletics.hamilton.edu/,https://www.rankedxi.com/crests/ncaa3-hamilton-college-continentals.png
hamline-university-pipers,Hamline University Pipers,ncaa3,NCAA Division III,college,M,St. Paul,MN,44.966,-93.165,verified,1319,results_model,https://hamlineathletics.com/,https://www.rankedxi.com/crests/ncaa3-hamline-university-pipers.png
hampdensydney-college-tigers,Hampden–Sydney College Tigers,ncaa3,NCAA Division III,college,M,Hampden Sydney,VA,37.242,-78.46,verified,1366,results_model,https://hscathletics.com/,https://www.rankedxi.com/crests/ncaa3-hampdensydney-college-tigers.png
hanover-college-panthers,Hanover College Panthers,ncaa3,NCAA Division III,college,M,Hanover,IN,38.712,-85.461,verified,1331,results_model,http://www.hanover.edu/athletics,https://www.rankedxi.com/crests/ncaa3-hanover-college-panthers.png
hardinsimmons-university-cowboys-and-cowgirls,Hardin–Simmons University Cowboys and Cowgirls,ncaa3,NCAA Division III,college,M,Abilene,TX,32.477,-99.734,verified,1324,results_model,https://hsuathletics.com/,https://www.rankedxi.com/crests/ncaa3-hardinsimmons-university-cowboys-and-cowgirls.png
university-of-hartford-hawks,University of Hartford Hawks,ncaa3,NCAA Division III,college,M,West Hartford,CT,41.801,-72.714,verified,1315,results_model,https://hartfordhawks.com/,https://www.rankedxi.com/crests/ncaa3-university-of-hartford-hawks.png
hartwick-college-hawks,Hartwick College Hawks,ncaa3,NCAA Division III,college,M,Oneonta,NY,42.458,-75.071,verified,1298,results_model,https://www.hartwickhawks.com/sports/mens-soccer,https://www.rankedxi.com/crests/ncaa3-hartwick-college-hawks.png
haverford-college-fords,Haverford College Fords,ncaa3,NCAA Division III,college,M,Haverford,PA,40.01,-75.307,verified,1341,results_model,https://haverfordathletics.com/,https://www.rankedxi.com/crests/ncaa3-haverford-college-fords.png
heidelberg-university-student-princes,Heidelberg University Student Princes,ncaa3,NCAA Division III,college,M,Tiffin,OH,41.115,-83.167,verified,1234,results_model,https://www.uni-heidelberg.de/,https://www.rankedxi.com/crests/ncaa3-heidelberg-university-student-princes.png
hendrix-college-warriors,Hendrix College Warriors,ncaa3,NCAA Division III,college,M,Conway,AR,35.1,-92.44,verified,1312,results_model,,https://www.rankedxi.com/crests/ncaa3-hendrix-college-warriors.png
hilbert-college-hawks,Hilbert College Hawks,ncaa3,NCAA Division III,college,M,Hamburg,NY,42.755,-78.821,verified,1235,results_model,https://hilberthawks.com/,https://www.rankedxi.com/crests/ncaa3-hilbert-college-hawks.png
hiram-college-terriers,Hiram College Terriers,ncaa3,NCAA Division III,college,M,Hiram,OH,41.31,-81.146,verified,1284,results_model,,https://www.rankedxi.com/crests/ncaa3-hiram-college-terriers.png
hobart-college-statesmen,Hobart College Statesmen,ncaa3,NCAA Division III,college,M,Geneva,NY,42.857,-76.985,verified,1361,results_model,,https://www.rankedxi.com/crests/ncaa3-hobart-college-statesmen.png
hood-college-blazers,Hood College Blazers,ncaa3,NCAA Division III,college,M,Frederick,MD,39.422,-77.419,verified,1319,results_model,https://hoodathletics.com/,https://www.rankedxi.com/crests/ncaa3-hood-college-blazers.png
hope-college-flying-dutchmen,Hope College Flying Dutchmen,ncaa3,NCAA Division III,college,M,Holland,MI,42.787,-86.102,verified,1339,results_model,https://hope.edu/,https://www.rankedxi.com/crests/ncaa3-hope-college-flying-dutchmen.png
houghton-university-highlanders,Houghton University Highlanders,ncaa3,NCAA Division III,college,M,Houghton,NY,42.426,-78.155,verified,1266,results_model,https://athletics.houghton.edu/,https://www.rankedxi.com/crests/ncaa3-houghton-university-highlanders.png
howard-payne-university-yellow-jackets,Howard Payne University Yellow Jackets,ncaa3,NCAA Division III,college,M,Brownwood,TX,31.716,-98.987,verified,1265,results_model,http://www.hputx.edu,https://www.rankedxi.com/crests/ncaa3-howard-payne-university-yellow-jackets.png
hunter-college-hawks,Hunter College Hawks,ncaa3,NCAA Division III,college,M,New York,NY,40.769,-73.965,verified,1248,results_model,,https://www.rankedxi.com/crests/ncaa3-hunter-college-hawks.png
huntingdon-college-hawks,Huntingdon College Hawks,ncaa3,NCAA Division III,college,M,Montgomery,AL,32.35,-86.285,verified,1266,results_model,,https://www.rankedxi.com/crests/ncaa3-huntingdon-college-hawks.png
husson-university-eagles,Husson University Eagles,ncaa3,NCAA Division III,college,M,Bangor,ME,44.827,-68.793,verified,1295,results_model,,https://www.rankedxi.com/crests/ncaa3-husson-university-eagles.png
illinois-institute-of-technology-scarlet-hawks,Illinois Institute of Technology Scarlet Hawks,ncaa3,NCAA Division III,college,M,Chicago,IL,41.835,-87.627,verified,1321,results_model,http://www.iit.edu,https://www.rankedxi.com/crests/ncaa3-illinois-institute-of-technology-scarlet-hawks.png
illinois-wesleyan-university-titans,Illinois Wesleyan University Titans,ncaa3,NCAA Division III,college,M,Bloomington,IL,40.491,-88.991,verified,1344,results_model,https://www.iwu.edu/,https://www.rankedxi.com/crests/ncaa3-illinois-wesleyan-university-titans.png
illinois-college-blueboys-and-lady-blues,Illinois College Blueboys and Lady Blues,ncaa3,NCAA Division III,college,M,Jacksonville,IL,39.73,-90.247,verified,1317,results_model,https://illinoiscollegeathletics.com/,https://www.rankedxi.com/crests/ncaa3-illinois-college-blueboys-and-lady-blues.png
immaculata-university-mighty-macs,Immaculata University Mighty Macs,ncaa3,NCAA Division III,college,M,Immaculata,PA,40.029,-75.572,verified,1274,results_model,https://www.immaculata.edu/,https://www.rankedxi.com/crests/ncaa3-immaculata-university-mighty-macs.png
ithaca-college-bombers,Ithaca College Bombers,ncaa3,NCAA Division III,college,M,Ithaca,NY,42.422,-76.495,verified,1335,results_model,https://athletics.ithaca.edu/,https://www.rankedxi.com/crests/ncaa3-ithaca-college-bombers.png
johnson-wales-university-wildcats,Johnson & Wales University Wildcats,ncaa3,NCAA Division III,college,M,Providence,RI,41.824,-71.413,verified,1316,results_model,https://www.jwu.edu/,https://www.rankedxi.com/crests/ncaa3-johnson-wales-university-wildcats.png
john-carroll-university-blue-streaks,John Carroll University Blue Streaks,ncaa3,NCAA Division III,college,M,University Heights,OH,41.491,-81.53,verified,1330,results_model,https://www.jcu.edu/,https://www.rankedxi.com/crests/ncaa3-john-carroll-university-blue-streaks.png
john-jay-college-of-criminal-justice-bloodhounds,John Jay College of Criminal Justice Bloodhounds,ncaa3,NCAA Division III,college,M,New York,NY,40.77,-73.988,verified,1244,results_model,https://new.jjay.cuny.edu/,https://www.rankedxi.com/crests/ncaa3-john-jay-college-of-criminal-justice-bloodhounds.png
johns-hopkins-university-blue-jays,Johns Hopkins University Blue Jays,ncaa3,NCAA Division III,college,M,Baltimore,MD,39.329,-76.62,verified,1350,results_model,https://hopkinssports.com/,https://www.rankedxi.com/crests/ncaa3-johns-hopkins-university-blue-jays.png
juniata-college-eagles,Juniata College Eagles,ncaa3,NCAA Division III,college,M,Huntingdon,PA,40.499,-78.016,verified,1340,results_model,,https://www.rankedxi.com/crests/ncaa3-juniata-college-eagles.png
kalamazoo-college-hornets,Kalamazoo College Hornets,ncaa3,NCAA Division III,college,M,Kalamazoo,MI,42.29,-85.601,verified,1306,results_model,https://hornets.kzoo.edu/,https://www.rankedxi.com/crests/ncaa3-kalamazoo-college-hornets.png
kean-university-cougars,Kean University Cougars,ncaa3,NCAA Division III,college,M,Union Township,NJ,40.679,-74.231,verified,1314,results_model,https://keanathletics.com/,https://www.rankedxi.com/crests/ncaa3-kean-university-cougars.png
keene-state-college-owls,Keene State College Owls,ncaa3,NCAA Division III,college,M,Keene,NH,42.928,-72.279,verified,1310,results_model,http://www.keene.edu,https://www.rankedxi.com/crests/ncaa3-keene-state-college-owls.png
kenyon-college-owls,Kenyon College Owls,ncaa3,NCAA Division III,college,M,Gambier,OH,40.376,-82.396,verified,1343,results_model,https://athletics.kenyon.edu/,https://www.rankedxi.com/crests/ncaa3-kenyon-college-owls.png
keuka-college-wolves,Keuka College Wolves,ncaa3,NCAA Division III,college,M,Keuka Park,NY,42.615,-77.091,verified,1231,results_model,https://keukaathletics.com/,https://www.rankedxi.com/crests/ncaa3-keuka-college-wolves.png
keystone-college-giants,Keystone College Giants,ncaa3,NCAA Division III,college,M,La Plume Township,PA,41.559,-75.775,verified,1223,results_model,https://gokcgiants.com/,https://www.rankedxi.com/crests/ncaa3-keystone-college-giants.png
king-s-college-monarchs,King's College Monarchs,ncaa3,NCAA Division III,college,M,Wilkes-Barre,PA,41.248,-75.877,verified,1303,results_model,https://kingscollegeathletics.com/,https://www.rankedxi.com/crests/ncaa3-king-s-college-monarchs.png
knox-college-prairie-fire,Knox College Prairie Fire,ncaa3,NCAA Division III,college,M,Galesburg,IL,40.943,-90.371,verified,1306,results_model,http://knox.utoronto.ca,https://www.rankedxi.com/crests/ncaa3-knox-college-prairie-fire.png
la-roche-university-redhawks,La Roche University Redhawks,ncaa3,NCAA Division III,college,M,Pittsburgh,PA,40.568,-80.014,verified,1277,results_model,http://www.larochesurforon.fr,https://www.rankedxi.com/crests/ncaa3-la-roche-university-redhawks.png
university-of-la-verne-leopards,University of La Verne Leopards,ncaa3,NCAA Division III,college,M,La Verne,CA,34.101,-117.771,verified,1335,results_model,http://www.uclan.ac.uk/,https://www.rankedxi.com/crests/ncaa3-university-of-la-verne-leopards.png
lagrange-college-panthers,LaGrange College Panthers,ncaa3,NCAA Division III,college,M,LaGrange,GA,33.039,-85.043,verified,1292,results_model,https://lagrangepanthers.com/,https://www.rankedxi.com/crests/ncaa3-lagrange-college-panthers.png
lake-forest-college-foresters,Lake Forest College Foresters,ncaa3,NCAA Division III,college,M,Lake Forest,IL,42.25,-87.829,verified,1352,results_model,https://www.cityoflakeforest.com/,https://www.rankedxi.com/crests/ncaa3-lake-forest-college-foresters.png
lakeland-university-muskies,Lakeland University Muskies,ncaa3,NCAA Division III,college,M,Sheboygan,WI,43.842,-87.884,verified,1274,results_model,,https://www.rankedxi.com/crests/ncaa3-lakeland-university-muskies.png
lancaster-bible-college-chargers,Lancaster Bible College Chargers,ncaa3,NCAA Division III,college,M,Lancaster,PA,40.075,-76.288,verified,1294,results_model,https://www.lbc.edu,https://www.rankedxi.com/crests/ncaa3-lancaster-bible-college-chargers.png
lasell-university-lasers,Lasell University Lasers,ncaa3,NCAA Division III,college,M,Newton,MA,42.341,-71.243,verified,1251,results_model,,https://www.rankedxi.com/crests/ncaa3-lasell-university-lasers.png
lawrence-university-vikings,Lawrence University Vikings,ncaa3,NCAA Division III,college,M,Appleton,WI,44.261,-88.4,verified,1246,results_model,,https://www.rankedxi.com/crests/ncaa3-lawrence-university-vikings.png
letourneau-university-yellow-jackets,LeTourneau University Yellow Jackets,ncaa3,NCAA Division III,college,M,Longview,TX,32.467,-94.728,verified,1307,results_model,http://www.letu.edu,https://www.rankedxi.com/crests/ncaa3-letourneau-university-yellow-jackets.png
lebanon-valley-college-flying-dutchmen,Lebanon Valley College Flying Dutchmen,ncaa3,NCAA Division III,college,M,Annville,PA,40.333,-76.515,verified,1343,results_model,http://www.lvc.edu,https://www.rankedxi.com/crests/ncaa3-lebanon-valley-college-flying-dutchmen.png
lehman-college-lightning,Lehman College Lightning,ncaa3,NCAA Division III,college,M,Bronx,NY,40.873,-73.894,verified,1283,results_model,,https://www.rankedxi.com/crests/ncaa3-lehman-college-lightning.png
lesley-university-lynx,Lesley University Lynx,ncaa3,NCAA Division III,college,M,Boston,MA,42.38,-71.117,verified,1217,results_model,,https://www.rankedxi.com/crests/ncaa3-lesley-university-lynx.png
lewis-clark-college-pioneers,Lewis & Clark College Pioneers,ncaa3,NCAA Division III,college,M,Portland,OR,45.451,-122.67,verified,1261,results_model,http://www.lclark.edu/,https://www.rankedxi.com/crests/ncaa3-lewis-clark-college-pioneers.png
linfield-university-wildcats,Linfield University Wildcats,ncaa3,NCAA Division III,college,M,McMinnville,OR,45.199,-123.199,verified,1278,results_model,https://golinfieldwildcats.com/,https://www.rankedxi.com/crests/ncaa3-linfield-university-wildcats.png
loras-college-duhawks,Loras College Duhawks,ncaa3,NCAA Division III,college,M,Dubuque,IA,42.505,-90.68,verified,1345,results_model,https://duhawks.com/,https://www.rankedxi.com/crests/ncaa3-loras-college-duhawks.png
luther-college-norse,Luther College Norse,ncaa3,NCAA Division III,college,M,Decorah,IA,43.316,-91.803,verified,1351,results_model,http://sports.luther.edu/,https://www.rankedxi.com/crests/ncaa3-luther-college-norse.png
lycoming-college-warriors,Lycoming College Warriors,ncaa3,NCAA Division III,college,M,Williamsport,PA,41.246,-77,verified,1339,results_model,https://athletics.lycoming.edu/,https://www.rankedxi.com/crests/ncaa3-lycoming-college-warriors.png
university-of-lynchburg-hornets,University of Lynchburg Hornets,ncaa3,NCAA Division III,college,M,Lynchburg,VA,37.398,-79.181,verified,1383,results_model,https://lynchburgsports.com/,https://www.rankedxi.com/crests/ncaa3-university-of-lynchburg-hornets.png
lyon-college-scots,Lyon College Scots,ncaa3,NCAA Division III,college,M,Batesville,AR,35.778,-91.626,verified,1307,results_model,,https://www.rankedxi.com/crests/ncaa3-lyon-college-scots.png
university-of-mary-hardinbaylor-crusaders,University of Mary Hardin–Baylor Crusaders,ncaa3,NCAA Division III,college,M,Belton,TX,31.067,-97.464,verified,1354,results_model,https://cruathletics.com/,https://www.rankedxi.com/crests/ncaa3-university-of-mary-hardinbaylor-crusaders.png
university-of-massachusetts-boston-beacons,University of Massachusetts Boston Beacons,ncaa3,NCAA Division III,college,M,Boston,MA,42.313,-71.038,verified,1353,results_model,,https://www.rankedxi.com/crests/ncaa3-university-of-massachusetts-boston-beacons.png
massachusetts-college-of-liberal-arts-trailblazers,Massachusetts College of Liberal Arts Trailblazers,ncaa3,NCAA Division III,college,M,North Adams,MA,42.692,-73.104,verified,1257,results_model,https://www.mcla.edu/,https://www.rankedxi.com/crests/ncaa3-massachusetts-college-of-liberal-arts-trailblazers.png
university-of-massachusetts-dartmouth-corsairs,University of Massachusetts Dartmouth Corsairs,ncaa3,NCAA Division III,college,M,Dartmouth,MA,41.629,-71.006,verified,1302,results_model,https://corsairathletics.com/,https://www.rankedxi.com/crests/ncaa3-university-of-massachusetts-dartmouth-corsairs.png
massachusetts-maritime-academy-buccaneers,Massachusetts Maritime Academy Buccaneers,ncaa3,NCAA Division III,college,M,Buzzards Bay,MA,41.74,-70.624,verified,1307,results_model,https://www.maritime.edu/,https://www.rankedxi.com/crests/ncaa3-massachusetts-maritime-academy-buccaneers.png
university-of-maine-at-farmington-beavers,University of Maine at Farmington Beavers,ncaa3,NCAA Division III,college,M,Farmington,ME,44.667,-70.147,verified,1262,results_model,https://goumfbeavers.com/,https://www.rankedxi.com/crests/ncaa3-university-of-maine-at-farmington-beavers.png
maine-maritime-academy-mariners,Maine Maritime Academy Mariners,ncaa3,NCAA Division III,college,M,Castine,ME,44.388,-68.803,verified,1266,results_model,https://mainemaritime.edu/,https://www.rankedxi.com/crests/ncaa3-maine-maritime-academy-mariners.png
university-of-maine-at-presque-isle-owls,University of Maine at Presque Isle Owls,ncaa3,NCAA Division III,college,M,Presque Isle,ME,46.671,-68.017,verified,1207,results_model,https://www.umpi.edu/,https://www.rankedxi.com/crests/ncaa3-university-of-maine-at-presque-isle-owls.png
massachusetts-institute-of-technology-engineers,Massachusetts Institute of Technology Engineers,ncaa3,NCAA Division III,college,M,Cambridge,MA,42.36,-71.092,verified,1315,results_model,,https://www.rankedxi.com/crests/ncaa3-massachusetts-institute-of-technology-engineers.png
university-of-minnesota-morris-cougars,University of Minnesota Morris Cougars,ncaa3,NCAA Division III,college,M,Morris,MN,45.59,-95.903,verified,1237,results_model,,https://www.rankedxi.com/crests/ncaa3-university-of-minnesota-morris-cougars.png
mississippi-university-for-women-owls,Mississippi University for Women Owls,ncaa3,NCAA Division III,college,M,Columbus,MS,33.493,-88.419,verified,1211,results_model,https://www.muw.edu/,
macalester-college-scots,Macalester College Scots,ncaa3,NCAA Division III,college,M,St. Paul,MN,44.939,-93.168,verified,1377,results_model,,https://www.rankedxi.com/crests/ncaa3-macalester-college-scots.png
manchester-university-spartans,Manchester University Spartans,ncaa3,NCAA Division III,college,M,North Manchester,IN,41.011,-85.763,verified,1260,results_model,https://muspartans.com/,https://www.rankedxi.com/crests/ncaa3-manchester-university-spartans.png
manhattanville-university-valiants,Manhattanville University Valiants,ncaa3,NCAA Division III,college,M,Purchase,NY,41.032,-73.716,verified,1297,results_model,https://govaliants.com/,https://www.rankedxi.com/crests/ncaa3-manhattanville-university-valiants.png
maranatha-baptist-university-sabercats,Maranatha Baptist University Sabercats,ncaa3,NCAA Division III,college,M,Watertown,WI,43.196,-88.739,verified,1222,results_model,http://mbusabercats.com/,https://www.rankedxi.com/crests/ncaa3-maranatha-baptist-university-sabercats.png
marian-university-sabres,Marian University Sabres,ncaa3,NCAA Division III,college,M,Fond du Lac,WI,43.778,-88.421,verified,1293,results_model,https://sabreathletics.com/,https://www.rankedxi.com/crests/ncaa3-marian-university-sabres.png
marietta-college-pioneers,Marietta College Pioneers,ncaa3,NCAA Division III,college,M,Marietta,OH,39.417,-81.45,verified,1289,results_model,https://pioneers.marietta.edu/,https://www.rankedxi.com/crests/ncaa3-marietta-college-pioneers.png
martin-luther-college-knights,Martin Luther College Knights,ncaa3,NCAA Division III,college,M,New Ulm,MN,44.305,-94.472,verified,1205,results_model,https://www.uni-halle.de/,https://www.rankedxi.com/crests/ncaa3-martin-luther-college-knights.png
mary-baldwin-university-fighting-squirrels,Mary Baldwin University Fighting Squirrels,ncaa3,NCAA Division III,college,M,Staunton,VA,38.155,-79.068,verified,1236,results_model,https://marybaldwin.edu,https://www.rankedxi.com/crests/ncaa3-mary-baldwin-university-fighting-squirrels.png
university-of-mary-washington-eagles,University of Mary Washington Eagles,ncaa3,NCAA Division III,college,M,Fredericksburg,VA,38.302,-77.475,verified,1355,results_model,https://umweagles.com/,https://www.rankedxi.com/crests/ncaa3-university-of-mary-washington-eagles.png
marymount-university-saints,Marymount University Saints,ncaa3,NCAA Division III,college,M,Arlington,VA,38.905,-77.129,verified,1315,results_model,https://marymountsaints.com/,https://www.rankedxi.com/crests/ncaa3-marymount-university-saints.png
maryville-college-scots,Maryville College Scots,ncaa3,NCAA Division III,college,M,Maryville,TN,35.752,-83.964,verified,1330,results_model,,https://www.rankedxi.com/crests/ncaa3-maryville-college-scots.png
marywood-university-pacers,Marywood University Pacers,ncaa3,NCAA Division III,college,M,Scranton,PA,41.434,-75.634,verified,1293,results_model,,https://www.rankedxi.com/crests/ncaa3-marywood-university-pacers.png
mcdaniel-college-green-terror,McDaniel College Green Terror,ncaa3,NCAA Division III,college,M,Westminster,MD,39.585,-77.002,verified,1339,results_model,http://www.mcdaniel.edu,https://www.rankedxi.com/crests/ncaa3-mcdaniel-college-green-terror.png
mcmurry-university-war-hawks,McMurry University War Hawks,ncaa3,NCAA Division III,college,M,Abilene,TX,32.43,-99.75,verified,1281,results_model,https://mcm.edu/,https://www.rankedxi.com/crests/ncaa3-mcmurry-university-war-hawks.png
medgar-evers-college-cougars,Medgar Evers College Cougars,ncaa3,NCAA Division III,college,M,Brooklyn,NY,40.666,-73.957,verified,1205,results_model,https://www.mec.cuny.edu/,https://www.rankedxi.com/crests/ncaa3-medgar-evers-college-cougars.png
united-states-merchant-marine-academy-mariners,United States Merchant Marine Academy Mariners,ncaa3,NCAA Division III,college,M,Kings Point,NY,40.812,-73.764,verified,1325,results_model,https://usmmasports.com/,https://www.rankedxi.com/crests/ncaa3-united-states-merchant-marine-academy-mariners.png
messiah-university-falcons,Messiah University Falcons,ncaa3,NCAA Division III,college,M,Grantham,PA,40.155,-76.993,verified,1359,results_model,https://gomessiah.com/,https://www.rankedxi.com/crests/ncaa3-messiah-university-falcons.png
methodist-university-monarchs,Methodist University Monarchs,ncaa3,NCAA Division III,college,M,Fayetteville,NC,35.134,-78.874,verified,1314,results_model,,https://www.rankedxi.com/crests/ncaa3-methodist-university-monarchs.png
middlebury-college-panthers,Middlebury College Panthers,ncaa3,NCAA Division III,college,M,Middlebury,VT,44.009,-73.177,verified,1377,results_model,https://athletics.middlebury.edu/,https://www.rankedxi.com/crests/ncaa3-middlebury-college-panthers.png
millikin-university-big-blue,Millikin University Big Blue,ncaa3,NCAA Division III,college,M,Decatur,IL,39.843,-88.975,verified,1305,results_model,http://www.millikin.edu,https://www.rankedxi.com/crests/ncaa3-millikin-university-big-blue.png
millsaps-college-majors-and-lady-majors,Millsaps College Majors and Lady Majors,ncaa3,NCAA Division III,college,M,Jackson,MS,32.322,-90.179,verified,1293,results_model,https://gomajors.com/,https://www.rankedxi.com/crests/ncaa3-millsaps-college-majors-and-lady-majors.png
milwaukee-school-of-engineering-raiders,Milwaukee School of Engineering Raiders,ncaa3,NCAA Division III,college,M,Milwaukee,WI,43.039,-87.909,verified,1358,results_model,https://www.msoe.edu/,https://www.rankedxi.com/crests/ncaa3-milwaukee-school-of-engineering-raiders.png
misericordia-university-cougars,Misericordia University Cougars,ncaa3,NCAA Division III,college,M,Dallas,PA,41.345,-75.972,verified,1330,results_model,https://athletics.misericordia.edu/,https://www.rankedxi.com/crests/ncaa3-misericordia-university-cougars.png
mitchell-college-mariners,Mitchell College Mariners,ncaa3,NCAA Division III,college,M,New London,CT,41.33,-72.093,verified,1233,results_model,,https://www.rankedxi.com/crests/ncaa3-mitchell-college-mariners.png
monmouth-college-scots,Monmouth College Scots,ncaa3,NCAA Division III,college,M,Monmouth,IL,40.914,-90.637,verified,1265,results_model,https://monmouthscots.com/,https://www.rankedxi.com/crests/ncaa3-monmouth-college-scots.png
montclair-state-university-red-hawks,Montclair State University Red Hawks,ncaa3,NCAA Division III,college,M,Montclair,NJ,40.859,-74.199,verified,1356,results_model,https://montclairathletics.com/,https://www.rankedxi.com/crests/ncaa3-montclair-state-university-red-hawks.png
moravian-university-greyhounds,Moravian University Greyhounds,ncaa3,NCAA Division III,college,M,Bethlehem,PA,40.63,-75.382,verified,1339,results_model,,https://www.rankedxi.com/crests/ncaa3-moravian-university-greyhounds.png
state-university-of-new-york-at-morrisville-mustangs,State University of New York at Morrisville Mustangs,ncaa3,NCAA Division III,college,M,Morrisville,NY,42.899,-75.64,verified,1293,results_model,,
mount-aloysius-college-mounties,Mount Aloysius College Mounties,ncaa3,NCAA Division III,college,M,Cresson,PA,40.46,-78.602,verified,1313,results_model,https://www.mtaloy.edu/,https://www.rankedxi.com/crests/ncaa3-mount-aloysius-college-mounties.png
mount-st-joseph-university-lions,Mount St. Joseph University Lions,ncaa3,NCAA Division III,college,M,Cincinnati,OH,39.095,-84.638,verified,1256,results_model,https://msjlions.com/,https://www.rankedxi.com/crests/ncaa3-mount-st-joseph-university-lions.png
mount-saint-mary-college-knights,Mount Saint Mary College Knights,ncaa3,NCAA Division III,college,M,Newburgh,NY,41.512,-74.013,verified,1269,results_model,,https://www.rankedxi.com/crests/ncaa3-mount-saint-mary-college-knights.png
university-of-mount-saint-vincent-dolphins,University of Mount Saint Vincent Dolphins,ncaa3,NCAA Division III,college,M,Bronx,NY,40.913,-73.909,verified,1311,results_model,http://www.mountsaintvincent.edu,https://www.rankedxi.com/crests/ncaa3-university-of-mount-saint-vincent-dolphins.png
university-of-mount-union-purple-raiders,University of Mount Union Purple Raiders,ncaa3,NCAA Division III,college,M,Alliance,OH,40.905,-81.111,verified,1343,results_model,,https://www.rankedxi.com/crests/ncaa3-university-of-mount-union-purple-raiders.png
muhlenberg-college-mules,Muhlenberg College Mules,ncaa3,NCAA Division III,college,M,Allentown,PA,40.598,-75.51,verified,1353,results_model,https://muhlenbergsports.com/,https://www.rankedxi.com/crests/ncaa3-muhlenberg-college-mules.png
muskingum-university-fighting-muskies,Muskingum University Fighting Muskies,ncaa3,NCAA Division III,college,M,New Concord,OH,39.998,-81.738,verified,1283,results_model,https://www.muskingum.edu/,https://www.rankedxi.com/crests/ncaa3-muskingum-university-fighting-muskies.png
north-central-college-cardinals,North Central College Cardinals,ncaa3,NCAA Division III,college,M,Naperville,IL,41.776,-88.143,verified,1334,results_model,https://northcentralcardinals.com/,https://www.rankedxi.com/crests/ncaa3-north-central-college-cardinals.png
north-central-university-rams,North Central University Rams,ncaa3,NCAA Division III,college,M,Minneapolis,MN,44.969,-93.261,verified,1234,results_model,,https://www.rankedxi.com/crests/ncaa3-north-central-university-rams.png
new-england-college-pilgrims,New England College Pilgrims,ncaa3,NCAA Division III,college,M,Henniker,NH,43.176,-71.822,verified,1265,results_model,https://athletics.nec.edu/,https://www.rankedxi.com/crests/ncaa3-new-england-college-pilgrims.png
north-carolina-wesleyan-university-bishops,North Carolina Wesleyan University Bishops,ncaa3,NCAA Division III,college,M,Rocky Mount,NC,36.017,-77.776,verified,1329,results_model,https://ncwu.edu/,https://www.rankedxi.com/crests/ncaa3-north-carolina-wesleyan-university-bishops.png
nebraska-wesleyan-university-prairie-wolves,Nebraska Wesleyan University Prairie Wolves,ncaa3,NCAA Division III,college,M,Lincoln,NE,40.839,-96.651,verified,1316,results_model,http://www.nebrwesleyan.edu/,https://www.rankedxi.com/crests/ncaa3-nebraska-wesleyan-university-prairie-wolves.png
new-york-university-violets,New York University Violets,ncaa3,NCAA Division III,college,M,New York,NY,40.73,-73.995,verified,1337,results_model,,https://www.rankedxi.com/crests/ncaa3-new-york-university-violets.png
nazareth-university-golden-flyers,Nazareth University Golden Flyers,ncaa3,NCAA Division III,college,M,Pittsford,NY,43.103,-77.519,verified,1301,results_model,http://www.naz.edu,https://www.rankedxi.com/crests/ncaa3-nazareth-university-golden-flyers.png
neumann-university-knights,Neumann University Knights,ncaa3,NCAA Division III,college,M,Aston,PA,39.876,-75.44,verified,1336,results_model,https://neumannathletics.com/,https://www.rankedxi.com/crests/ncaa3-neumann-university-knights.png
nichols-college-bison,Nichols College Bison,ncaa3,NCAA Division III,college,M,Dudley,MA,42.045,-71.898,verified,1277,results_model,https://nicholsathletics.com/,https://www.rankedxi.com/crests/ncaa3-nichols-college-bison.png
north-park-university-vikings,North Park University Vikings,ncaa3,NCAA Division III,college,M,Chicago,IL,41.975,-87.71,verified,1352,results_model,https://npna.ca/,https://www.rankedxi.com/crests/ncaa3-north-park-university-vikings.png
university-of-northwestern-st-paul-eagles,University of Northwestern - St. Paul Eagles,ncaa3,NCAA Division III,college,M,Roseville,MN,45.038,-93.169,verified,1261,results_model,,https://www.rankedxi.com/crests/ncaa3-university-of-northwestern-st-paul-eagles.png
norwich-university-cadets,Norwich University Cadets,ncaa3,NCAA Division III,college,M,Northfield,VT,44.139,-72.66,verified,1291,results_model,https://norwichathletics.com/sports/womens-ice-hockey,https://www.rankedxi.com/crests/ncaa3-norwich-university-cadets.png
notre-dame-of-maryland-university-gators,Notre Dame of Maryland University Gators,ncaa3,NCAA Division III,college,M,Baltimore,MD,39.352,-76.622,verified,1262,results_model,https://ndm.edu,https://www.rankedxi.com/crests/ncaa3-notre-dame-of-maryland-university-gators.png
oberlin-college-yeomen-and-yeowomen,Oberlin College Yeomen and Yeowomen,ncaa3,NCAA Division III,college,M,Oberlin,OH,41.293,-82.222,verified,1294,results_model,https://goyeo.com/,https://www.rankedxi.com/crests/ncaa3-oberlin-college-yeomen-and-yeowomen.png
occidental-college-tigers,Occidental College Tigers,ncaa3,NCAA Division III,college,M,Los Angeles,CA,34.127,-118.211,verified,1351,results_model,https://oxyathletics.com/,https://www.rankedxi.com/crests/ncaa3-occidental-college-tigers.png
oglethorpe-university-stormy-petrels,Oglethorpe University Stormy Petrels,ncaa3,NCAA Division III,college,M,Atlanta,GA,33.875,-84.333,verified,1330,results_model,https://oglethorpe.edu/,https://www.rankedxi.com/crests/ncaa3-oglethorpe-university-stormy-petrels.png
ohio-northern-university-polar-bears,Ohio Northern University Polar Bears,ncaa3,NCAA Division III,college,M,Ada,OH,40.767,-83.825,verified,1354,results_model,http://www.onu.edu/,https://www.rankedxi.com/crests/ncaa3-ohio-northern-university-polar-bears.png
ohio-wesleyan-university-battling-bishops,Ohio Wesleyan University Battling Bishops,ncaa3,NCAA Division III,college,M,Delaware,OH,40.297,-83.067,verified,1337,results_model,https://www.owu.edu/,https://www.rankedxi.com/crests/ncaa3-ohio-wesleyan-university-battling-bishops.png
state-university-of-new-york-at-old-westbury-panthers,State University of New York at Old Westbury Panthers,ncaa3,NCAA Division III,college,M,Old Westbury,NY,40.799,-73.574,verified,1268,results_model,http://www.oldwestbury.edu,https://www.rankedxi.com/crests/ncaa3-state-university-of-new-york-at-old-westbury-panthers.png
university-of-olivet-comets,University of Olivet Comets,ncaa3,NCAA Division III,college,M,Olivet,MI,42.441,-84.923,verified,1262,results_model,,https://www.rankedxi.com/crests/ncaa3-university-of-olivet-comets.png
state-university-of-new-york-at-oswego-lakers,State University of New York at Oswego Lakers,ncaa3,NCAA Division III,college,M,Oswego,NY,43.451,-76.544,verified,1316,results_model,,https://www.rankedxi.com/crests/ncaa3-state-university-of-new-york-at-oswego-lakers.png
otterbein-university-cardinals,Otterbein University Cardinals,ncaa3,NCAA Division III,college,M,Westerville,OH,40.126,-82.936,verified,1344,results_model,https://otterbeincardinals.com/,https://www.rankedxi.com/crests/ncaa3-otterbein-university-cardinals.png
pennsylvania-state-university-abington-nittany-lions,"Pennsylvania State University, Abington Nittany Lions",ncaa3,NCAA Division III,college,M,Abington,PA,40.117,-75.109,verified,1315,results_model,,https://www.rankedxi.com/crests/ncaa3-pennsylvania-state-university-abington-nittany-lions.png
pennsylvania-state-university-altoona-lions,"Pennsylvania State University, Altoona Lions",ncaa3,NCAA Division III,college,M,Altoona,PA,40.539,-78.406,verified,1226,results_model,,https://www.rankedxi.com/crests/ncaa3-pennsylvania-state-university-altoona-lions.png
pennsylvania-state-university-behrend-lions,"Pennsylvania State University, Behrend Lions",ncaa3,NCAA Division III,college,M,Erie,PA,42.119,-79.989,verified,1321,results_model,,https://www.rankedxi.com/crests/ncaa3-pennsylvania-state-university-behrend-lions.png
pennsylvania-state-university-berks-college-nittany-lions,"Pennsylvania State University, Berks College Nittany Lions",ncaa3,NCAA Division III,college,M,Reading,PA,40.358,-75.971,verified,1233,results_model,,https://www.rankedxi.com/crests/ncaa3-pennsylvania-state-university-berks-college-nittany-lions.png
pennsylvania-state-university-harrisburg-lions,"Pennsylvania State University, Harrisburg Lions",ncaa3,NCAA Division III,college,M,Harrisburg,PA,40.206,-76.746,verified,1317,results_model,https://psuharrisburgsports.com/,https://www.rankedxi.com/crests/ncaa3-pennsylvania-state-university-harrisburg-lions.png
pacific-lutheran-university-lutes,Pacific Lutheran University Lutes,ncaa3,NCAA Division III,college,M,Tacoma,WA,47.145,-122.443,verified,1350,results_model,https://golutes.com/,https://www.rankedxi.com/crests/ncaa3-pacific-lutheran-university-lutes.png
pacific-university-boxers,Pacific University Boxers,ncaa3,NCAA Division III,college,M,Forest Grove,OR,45.521,-123.108,verified,1299,results_model,https://goboxers.com/,https://www.rankedxi.com/crests/ncaa3-pacific-university-boxers.png
william-peace-university-pacers,William Peace University Pacers,ncaa3,NCAA Division III,college,M,Raleigh,NC,35.789,-78.638,verified,1317,results_model,https://www.peace.edu,https://www.rankedxi.com/crests/ncaa3-william-peace-university-pacers.png
pennsylvania-college-of-technology-wildcats,Pennsylvania College of Technology Wildcats,ncaa3,NCAA Division III,college,M,Williamsport,PA,41.235,-77.021,verified,1286,results_model,https://pctwildcats.com/,https://www.rankedxi.com/crests/ncaa3-pennsylvania-college-of-technology-wildcats.png
pfeiffer-university-falcons,Pfeiffer University Falcons,ncaa3,NCAA Division III,college,M,Misenheimer,NC,35.484,-80.282,verified,1333,results_model,https://gofalconsports.com/,https://www.rankedxi.com/crests/ncaa3-pfeiffer-university-falcons.png
piedmont-university-lions,Piedmont University Lions,ncaa3,NCAA Division III,college,M,Demorest,GA,34.566,-83.542,verified,1296,results_model,,https://www.rankedxi.com/crests/ncaa3-piedmont-university-lions.png
university-of-pittsburgh-at-bradford-panthers,University of Pittsburgh at Bradford Panthers,ncaa3,NCAA Division III,college,M,Bradford,PA,41.944,-78.673,verified,1238,results_model,,https://www.rankedxi.com/crests/ncaa3-university-of-pittsburgh-at-bradford-panthers.png
university-of-pittsburgh-at-greensburg-bobcats,University of Pittsburgh at Greensburg Bobcats,ncaa3,NCAA Division III,college,M,Greensburg,PA,40.277,-79.532,verified,1267,results_model,https://pittgreensburgathletics.com/,https://www.rankedxi.com/crests/ncaa3-university-of-pittsburgh-at-greensburg-bobcats.png
state-university-of-new-york-at-plattsburgh-cardinals,State University of New York at Plattsburgh Cardinals,ncaa3,NCAA Division III,college,M,Plattsburgh,NY,44.693,-73.466,verified,1344,results_model,https://gocardinalsports.com/,https://www.rankedxi.com/crests/ncaa3-state-university-of-new-york-at-plattsburgh-cardinals.png
plymouth-state-university-panthers,Plymouth State University Panthers,ncaa3,NCAA Division III,college,M,Plymouth,NH,43.759,-71.689,verified,1261,results_model,https://www.plymouth.edu/,https://www.rankedxi.com/crests/ncaa3-plymouth-state-university-panthers.png
pomona-college-and-pitzer-college-sagehens,Pomona College and Pitzer College Sagehens,ncaa3,NCAA Division III,college,M,Claremont,CA,34.098,-117.714,verified,1350,results_model,,https://www.rankedxi.com/crests/ncaa3-pomona-college-and-pitzer-college-sagehens.png
pratt-institute-cannoneers,Pratt Institute Cannoneers,ncaa3,NCAA Division III,college,M,Brooklyn,NY,40.691,-73.964,verified,1205,results_model,https://goprattgo.com/,https://www.rankedxi.com/crests/ncaa3-pratt-institute-cannoneers.png
principia-college-panthers,Principia College Panthers,ncaa3,NCAA Division III,college,M,Elsah,IL,38.949,-90.349,verified,1278,results_model,,https://www.rankedxi.com/crests/ncaa3-principia-college-panthers.png
university-of-puget-sound-loggers,University of Puget Sound Loggers,ncaa3,NCAA Division III,college,M,Tacoma,WA,47.246,-122.438,verified,1308,results_model,https://loggerathletics.com/,https://www.rankedxi.com/crests/ncaa3-university-of-puget-sound-loggers.png
state-university-of-new-york-at-purchase-panthers,State University of New York at Purchase Panthers,ncaa3,NCAA Division III,college,M,Purchase,NY,41.047,-73.702,verified,1251,results_model,,https://www.rankedxi.com/crests/ncaa3-state-university-of-new-york-at-purchase-panthers.png
stockton-university-ospreys,Stockton University Ospreys,ncaa3,NCAA Division III,college,M,Pomona,NJ,39.492,-74.532,verified,1347,results_model,,https://www.rankedxi.com/crests/ncaa3-stockton-university-ospreys.png
rhode-island-college-anchormen,Rhode Island College Anchormen,ncaa3,NCAA Division III,college,M,Providence,RI,41.842,-71.461,verified,1303,results_model,https://goanchormen.com/,https://www.rankedxi.com/crests/ncaa3-rhode-island-college-anchormen.png
ramapo-college-roadrunners,Ramapo College Roadrunners,ncaa3,NCAA Division III,college,M,Mahwah,NJ,41.083,-74.178,verified,1327,results_model,,https://www.rankedxi.com/crests/ncaa3-ramapo-college-roadrunners.png
randolph-college-wildcats,Randolph College WildCats,ncaa3,NCAA Division III,college,M,Lynchburg,VA,37.437,-79.172,verified,1310,results_model,,https://www.rankedxi.com/crests/ncaa3-randolph-college-wildcats.png
randolphmacon-college-yellow-jackets,Randolph–Macon College Yellow Jackets,ncaa3,NCAA Division III,college,M,Ashland,VA,37.763,-77.477,verified,1331,results_model,http://www.rmc.edu,https://www.rankedxi.com/crests/ncaa3-randolphmacon-college-yellow-jackets.png
university-of-redlands-bulldogs,University of Redlands Bulldogs,ncaa3,NCAA Division III,college,M,Redlands,CA,34.063,-117.164,verified,1348,results_model,https://goredlands.com/,https://www.rankedxi.com/crests/ncaa3-university-of-redlands-bulldogs.png
regis-college-pride,Regis College Pride,ncaa3,NCAA Division III,college,M,Weston,MA,42.351,-71.309,verified,1283,results_model,http://goregispride.com/,https://www.rankedxi.com/crests/ncaa3-regis-college-pride.png
rensselaer-polytechnic-institute-engineers,Rensselaer Polytechnic Institute Engineers,ncaa3,NCAA Division III,college,M,Troy,NY,42.73,-73.677,verified,1316,results_model,http://www.rpi.edu,https://www.rankedxi.com/crests/ncaa3-rensselaer-polytechnic-institute-engineers.png
rhodes-college-lynx,Rhodes College Lynx,ncaa3,NCAA Division III,college,M,Memphis,TN,35.156,-89.991,verified,1323,results_model,,https://www.rankedxi.com/crests/ncaa3-rhodes-college-lynx.png
ripon-college-red-hawks,Ripon College Red Hawks,ncaa3,NCAA Division III,college,M,Ripon,WI,43.844,-88.841,verified,1294,results_model,http://www.ripon.edu,https://www.rankedxi.com/crests/ncaa3-ripon-college-red-hawks.png
rivier-university-raiders,Rivier University Raiders,ncaa3,NCAA Division III,college,M,Nashua,NH,42.739,-71.455,verified,1290,results_model,https://rivierathletics.com/,https://www.rankedxi.com/crests/ncaa3-rivier-university-raiders.png
roanoke-college-maroons,Roanoke College Maroons,ncaa3,NCAA Division III,college,M,Salem,VA,37.296,-80.056,verified,1338,results_model,https://roanokemaroons.com/,https://www.rankedxi.com/crests/ncaa3-roanoke-college-maroons.png
university-of-rochester-yellowjackets,University of Rochester Yellowjackets,ncaa3,NCAA Division III,college,M,Rochester,NY,43.128,-77.628,verified,1353,results_model,https://uofrathletics.com/,https://www.rankedxi.com/crests/ncaa3-university-of-rochester-yellowjackets.png
rochester-institute-of-technology-tigers,Rochester Institute of Technology Tigers,ncaa3,NCAA Division III,college,M,Rochester,NY,43.085,-77.676,verified,1322,results_model,https://www.rit.edu/,https://www.rankedxi.com/crests/ncaa3-rochester-institute-of-technology-tigers.png
rockford-university-regents,Rockford University Regents,ncaa3,NCAA Division III,college,M,Rockford,IL,42.267,-89.018,verified,1243,results_model,,https://www.rankedxi.com/crests/ncaa3-rockford-university-regents.png
roger-williams-university-hawks,Roger Williams University Hawks,ncaa3,NCAA Division III,college,M,Bristol,RI,41.649,-71.261,verified,1345,results_model,,https://www.rankedxi.com/crests/ncaa3-roger-williams-university-hawks.png
rose-hulman-institute-of-technology-fightin-engineers,Rose-Hulman Institute of Technology Fightin' Engineers,ncaa3,NCAA Division III,college,M,Terre Haute,IN,39.483,-87.324,verified,1317,results_model,https://rose-hulman.edu,https://www.rankedxi.com/crests/ncaa3-rose-hulman-institute-of-technology-fightin-engineers.png
rowan-university-profs,Rowan University Profs,ncaa3,NCAA Division III,college,M,Glassboro,NJ,39.711,-75.118,verified,1367,results_model,https://rowanathletics.com/,https://www.rankedxi.com/crests/ncaa3-rowan-university-profs.png
russell-sage-college-gators,Russell Sage College Gators,ncaa3,NCAA Division III,college,M,Albany & Troy,NY,42.728,-73.693,verified,1299,results_model,https://www.sage.edu/,https://www.rankedxi.com/crests/ncaa3-russell-sage-college-gators.png
rutgers-universitycamden-scarlet-raptors,Rutgers University–Camden Scarlet Raptors,ncaa3,NCAA Division III,college,M,Camden,NJ,39.949,-75.124,verified,1337,results_model,https://scarletknights.com/,https://www.rankedxi.com/crests/ncaa3-rutgers-universitycamden-scarlet-raptors.png
rutgers-universitynewark-scarlet-raiders,Rutgers University–Newark Scarlet Raiders,ncaa3,NCAA Division III,college,M,Newark,NJ,40.741,-74.174,verified,1330,results_model,https://www.newark.rutgers.edu/,https://www.rankedxi.com/crests/ncaa3-rutgers-universitynewark-scarlet-raiders.png
university-of-southern-maine-huskies,University of Southern Maine Huskies,ncaa3,NCAA Division III,college,M,Portland,ME,43.663,-70.276,verified,1302,results_model,,https://www.rankedxi.com/crests/ncaa3-university-of-southern-maine-huskies.png
southern-virginia-university-knights,Southern Virginia University Knights,ncaa3,NCAA Division III,college,M,Buena Vista,VA,37.74,-79.35,verified,1297,results_model,http://www.svu.edu,https://www.rankedxi.com/crests/ncaa3-southern-virginia-university-knights.png
state-university-of-new-york-at-canton-kangaroos,State University of New York at Canton Kangaroos,ncaa3,NCAA Division III,college,M,Canton,NY,44.603,-75.183,verified,1267,results_model,https://rooathletics.com/,https://www.rankedxi.com/crests/ncaa3-state-university-of-new-york-at-canton-kangaroos.png
state-university-of-new-york-at-cobleskill-fighting-tigers,State University of New York at Cobleskill Fighting Tigers,ncaa3,NCAA Division III,college,M,Cobleskill,NY,42.673,-74.498,verified,1226,results_model,http://www.cobleskill.edu/,https://www.rankedxi.com/crests/ncaa3-state-university-of-new-york-at-cobleskill-fighting-tigers.png
state-university-of-new-york-at-delhi-broncos,State University of New York at Delhi Broncos,ncaa3,NCAA Division III,college,M,Delhi,NY,42.271,-74.925,verified,1302,results_model,,https://www.rankedxi.com/crests/ncaa3-state-university-of-new-york-at-delhi-broncos.png
state-university-of-new-york-at-fredonia-blue-devils,State University of New York at Fredonia Blue Devils,ncaa3,NCAA Division III,college,M,Fredonia,NY,42.453,-79.337,verified,1319,results_model,https://www.fredonia.edu,https://www.rankedxi.com/crests/ncaa3-state-university-of-new-york-at-fredonia-blue-devils.png
state-university-of-new-york-maritime-college-privateers,State University of New York Maritime College Privateers,ncaa3,NCAA Division III,college,M,The Bronx,NY,40.805,-73.793,verified,1273,results_model,https://www.sunymaritime.edu/,https://www.rankedxi.com/crests/ncaa3-state-university-of-new-york-maritime-college-privateers.png
state-university-of-new-york-at-new-paltz-hawks,State University of New York at New Paltz Hawks,ncaa3,NCAA Division III,college,M,New Paltz,NY,41.744,-74.084,verified,1341,results_model,http://www.newpaltz.edu,https://www.rankedxi.com/crests/ncaa3-state-university-of-new-york-at-new-paltz-hawks.png
state-university-of-new-york-at-oneonta-red-dragons,State University of New York at Oneonta Red Dragons,ncaa3,NCAA Division III,college,M,Oneonta,NY,42.469,-75.064,verified,1356,results_model,https://suny.oneonta.edu,https://www.rankedxi.com/crests/ncaa3-state-university-of-new-york-at-oneonta-red-dragons.png
state-university-of-new-york-at-potsdam-bears,State University of New York at Potsdam Bears,ncaa3,NCAA Division III,college,M,Potsdam,NY,44.663,-74.974,verified,1273,results_model,,https://www.rankedxi.com/crests/ncaa3-state-university-of-new-york-at-potsdam-bears.png
southwestern-university-pirates,Southwestern University Pirates,ncaa3,NCAA Division III,college,M,Georgetown,TX,30.636,-97.665,verified,1360,results_model,https://southwesternpirates.com/,https://www.rankedxi.com/crests/ncaa3-southwestern-university-pirates.png
salem-state-university-vikings,Salem State University Vikings,ncaa3,NCAA Division III,college,M,Salem,MA,42.503,-70.891,verified,1306,results_model,https://www.salemstate.edu/,https://www.rankedxi.com/crests/ncaa3-salem-state-university-vikings.png
salisbury-university-sea-gulls,Salisbury University Sea Gulls,ncaa3,NCAA Division III,college,M,Salisbury,MD,38.346,-75.606,verified,1350,results_model,http://www.salisbury.edu,https://www.rankedxi.com/crests/ncaa3-salisbury-university-sea-gulls.png
salve-regina-university-seahawks,Salve Regina University Seahawks,ncaa3,NCAA Division III,college,M,Newport,RI,41.474,-71.299,verified,1330,results_model,https://salveathletics.com/,https://www.rankedxi.com/crests/ncaa3-salve-regina-university-seahawks.png
sarah-lawrence-college-gryphons,Sarah Lawrence College Gryphons,ncaa3,NCAA Division III,college,M,Yonkers,NY,40.935,-73.845,verified,1247,results_model,https://www.sarahlawrence.edu/,https://www.rankedxi.com/crests/ncaa3-sarah-lawrence-college-gryphons.png
schreiner-university-mountaineers,Schreiner University Mountaineers,ncaa3,NCAA Division III,college,M,Kerrville,TX,30.032,-99.13,verified,1290,results_model,,https://www.rankedxi.com/crests/ncaa3-schreiner-university-mountaineers.png
university-of-scranton-royals,University of Scranton Royals,ncaa3,NCAA Division III,college,M,Scranton,PA,41.405,-75.655,verified,1357,results_model,https://athletics.scranton.edu/,https://www.rankedxi.com/crests/ncaa3-university-of-scranton-royals.png
university-of-the-south-tigers,University of the South Tigers,ncaa3,NCAA Division III,college,M,Sewanee,TN,35.203,-85.92,verified,1345,results_model,,https://www.rankedxi.com/crests/ncaa3-university-of-the-south-tigers.png
shenandoah-university-hornets,Shenandoah University Hornets,ncaa3,NCAA Division III,college,M,Winchester,VA,39.166,-78.158,verified,1326,results_model,https://suhornets.com/,https://www.rankedxi.com/crests/ncaa3-shenandoah-university-hornets.png
simpson-college-storm,Simpson College Storm,ncaa3,NCAA Division III,college,M,Indianola,IA,41.364,-93.565,verified,1301,results_model,,https://www.rankedxi.com/crests/ncaa3-simpson-college-storm.png
skidmore-college-thoroughbreds,Skidmore College Thoroughbreds,ncaa3,NCAA Division III,college,M,Saratoga Springs,NY,43.098,-73.785,verified,1345,results_model,https://skidmoreathletics.com/,https://www.rankedxi.com/crests/ncaa3-skidmore-college-thoroughbreds.png
spalding-university-golden-eagles,Spalding University Golden Eagles,ncaa3,NCAA Division III,college,M,Louisville,KY,38.242,-85.759,verified,1270,results_model,https://spalding.edu/,https://www.rankedxi.com/crests/ncaa3-spalding-university-golden-eagles.png
springfield-college-pride,Springfield College Pride,ncaa3,NCAA Division III,college,M,Springfield,MA,42.104,-72.555,verified,1320,results_model,https://springfieldcollegepride.com/,https://www.rankedxi.com/crests/ncaa3-springfield-college-pride.png
saint-elizabeth-university-screaming-eagles,Saint Elizabeth University Screaming Eagles,ncaa3,NCAA Division III,college,M,Convent Station,NJ,40.781,-74.438,verified,1268,results_model,https://www.steu.edu,https://www.rankedxi.com/crests/ncaa3-saint-elizabeth-university-screaming-eagles.png
st-john-fisher-university-cardinals,St. John Fisher University Cardinals,ncaa3,NCAA Division III,college,M,Pittsford,NY,43.116,-77.512,verified,1310,results_model,https://www.sjf.edu/,https://www.rankedxi.com/crests/ncaa3-st-john-fisher-university-cardinals.png
saint-john-s-university-johnnies,Saint John's University Johnnies,ncaa3,NCAA Division III,college,M,Collegeville,MN,45.561,-94.322,verified,1352,results_model,,https://www.rankedxi.com/crests/ncaa3-saint-john-s-university-johnnies.png
university-of-saint-joseph-blue-jays,University of Saint Joseph Blue Jays,ncaa3,NCAA Division III,college,M,West Hartford,CT,41.781,-72.731,verified,1311,results_model,https://www.usj.edu/,https://www.rankedxi.com/crests/ncaa3-university-of-saint-joseph-blue-jays.png
saint-joseph-s-college-of-maine-monks,Saint Joseph's College of Maine Monks,ncaa3,NCAA Division III,college,M,Standish,ME,43.825,-70.482,verified,1298,results_model,https://www.sjcme.edu/,https://www.rankedxi.com/crests/ncaa3-saint-joseph-s-college-of-maine-monks.png
st-joseph-s-university-bears,St. Joseph's University Bears,ncaa3,NCAA Division III,college,M,Brooklyn,NY,40.691,-73.968,verified,1227,results_model,https://sjliathletics.com/,https://www.rankedxi.com/crests/ncaa3-st-joseph-s-university-bears.png
st-lawrence-university-saints,St. Lawrence University Saints,ncaa3,NCAA Division III,college,M,Canton,NY,44.593,-75.16,verified,1328,results_model,,https://www.rankedxi.com/crests/ncaa3-st-lawrence-university-saints.png
st-mary-s-college-of-maryland-seahawks,St. Mary's College of Maryland Seahawks,ncaa3,NCAA Division III,college,M,St. Mary's City,MD,38.187,-76.431,verified,1328,results_model,https://smcmathletics.com/,https://www.rankedxi.com/crests/ncaa3-st-mary-s-college-of-maryland-seahawks.png
saint-mary-s-university-of-minnesota-cardinals,Saint Mary's University of Minnesota Cardinals,ncaa3,NCAA Division III,college,M,Winona,MN,44.045,-91.696,verified,1291,results_model,https://www.smumn.edu/,https://www.rankedxi.com/crests/ncaa3-saint-mary-s-university-of-minnesota-cardinals.png
st-norbert-college-green-knights,St. Norbert College Green Knights,ncaa3,NCAA Division III,college,M,De Pere,WI,44.445,-88.069,verified,1327,results_model,https://www.snc.edu/,https://www.rankedxi.com/crests/ncaa3-st-norbert-college-green-knights.png
st-olaf-college-oles,St. Olaf College Oles,ncaa3,NCAA Division III,college,M,Northfield,MN,44.459,-93.181,verified,1387,results_model,https://wp.stolaf.edu/,https://www.rankedxi.com/crests/ncaa3-st-olaf-college-oles.png
the-college-of-st-scholastica-saints,The College of St. Scholastica Saints,ncaa3,NCAA Division III,college,M,Duluth,MN,46.816,-92.106,verified,1302,results_model,https://www.css.edu/,https://www.rankedxi.com/crests/ncaa3-the-college-of-st-scholastica-saints.png
university-of-st-thomas-celts,University of St. Thomas Celts,ncaa3,NCAA Division III,college,M,Houston,TX,29.737,-95.393,verified,1330,results_model,https://ustcelts.com/,https://www.rankedxi.com/crests/ncaa3-university-of-st-thomas-celts.png
saint-vincent-college-bearcats,Saint Vincent College Bearcats,ncaa3,NCAA Division III,college,M,Latrobe,PA,40.293,-79.402,verified,1293,results_model,https://www.comune.saint-vincent.ao.it,https://www.rankedxi.com/crests/ncaa3-saint-vincent-college-bearcats.png
stevens-institute-of-technology-ducks,Stevens Institute of Technology Ducks,ncaa3,NCAA Division III,college,M,Hoboken,NJ,40.745,-74.024,verified,1335,results_model,https://www.stevens.edu/,https://www.rankedxi.com/crests/ncaa3-stevens-institute-of-technology-ducks.png
stevenson-university-mustangs,Stevenson University Mustangs,ncaa3,NCAA Division III,college,M,Stevenson,MD,39.41,-76.713,verified,1333,results_model,https://gomustangsports.com/,https://www.rankedxi.com/crests/ncaa3-stevenson-university-mustangs.png
suffolk-university-rams,Suffolk University Rams,ncaa3,NCAA Division III,college,M,Boston,MA,42.358,-71.061,verified,1339,results_model,,https://www.rankedxi.com/crests/ncaa3-suffolk-university-rams.png
susquehanna-university-river-hawks,Susquehanna University River Hawks,ncaa3,NCAA Division III,college,M,Selinsgrove,PA,40.8,-76.874,verified,1307,results_model,https://www.susqu.edu/,https://www.rankedxi.com/crests/ncaa3-susquehanna-university-river-hawks.png
swarthmore-college-garnet,Swarthmore College Garnet,ncaa3,NCAA Division III,college,M,Swarthmore,PA,39.905,-75.354,verified,1335,results_model,https://swarthmoreathletics.com/,https://www.rankedxi.com/crests/ncaa3-swarthmore-college-garnet.png
texas-lutheran-university-bulldogs,Texas Lutheran University Bulldogs,ncaa3,NCAA Division III,college,M,Seguin,TX,29.574,-97.986,verified,1349,results_model,https://www.tlu.edu/,https://www.rankedxi.com/crests/ncaa3-texas-lutheran-university-bulldogs.png
thiel-college-tomcats,Thiel College Tomcats,ncaa3,NCAA Division III,college,M,Greenville,PA,41.413,-80.383,verified,1241,results_model,https://thielathletics.com/,https://www.rankedxi.com/crests/ncaa3-thiel-college-tomcats.png
thomas-college-terriers,Thomas College Terriers,ncaa3,NCAA Division III,college,M,Waterville,ME,44.524,-69.663,verified,1302,results_model,https://athletics.thomas.edu/,https://www.rankedxi.com/crests/ncaa3-thomas-college-terriers.png
transylvania-university-pioneers,Transylvania University Pioneers,ncaa3,NCAA Division III,college,M,Lexington,KY,38.052,-84.494,verified,1331,results_model,https://transysports.com/,https://www.rankedxi.com/crests/ncaa3-transylvania-university-pioneers.png
trine-university-thunder,Trine University Thunder,ncaa3,NCAA Division III,college,M,Angola,IN,41.632,-85.006,verified,1278,results_model,,https://www.rankedxi.com/crests/ncaa3-trine-university-thunder.png
trinity-college-bantams,Trinity College Bantams,ncaa3,NCAA Division III,college,M,Hartford,CT,41.747,-72.69,verified,1326,results_model,https://bantamsports.com/,https://www.rankedxi.com/crests/ncaa3-trinity-college-bantams.png
trinity-university-tigers,Trinity University Tigers,ncaa3,NCAA Division III,college,M,San Antonio,TX,29.464,-98.482,verified,1394,results_model,https://trinitytigers.com/,https://www.rankedxi.com/crests/ncaa3-trinity-university-tigers.png
tufts-university-jumbos,Tufts University Jumbos,ncaa3,NCAA Division III,college,M,Medford,MA,42.406,-71.12,verified,1410,results_model,https://gotuftsjumbos.com/,https://www.rankedxi.com/crests/ncaa3-tufts-university-jumbos.png
university-of-new-england-nor-easters,University of New England Nor'easters,ncaa3,NCAA Division III,college,M,Biddeford,ME,43.458,-70.388,verified,1275,results_model,,
university-of-california-santa-cruz-banana-slugs,"University of California, Santa Cruz Banana Slugs",ncaa3,NCAA Division III,college,M,Santa Cruz,CA,37,-122.06,verified,1351,results_model,https://goslugs.com/,https://www.rankedxi.com/crests/ncaa3-university-of-california-santa-cruz-banana-slugs.png
union-college-garnet-chargers,Union College Garnet Chargers,ncaa3,NCAA Division III,college,M,Schenectady,NY,42.817,-73.93,verified,1343,results_model,https://www.union.edu/,https://www.rankedxi.com/crests/ncaa3-union-college-garnet-chargers.png
university-of-the-ozarks-eagles,University of the Ozarks Eagles,ncaa3,NCAA Division III,college,M,Clarksville,AR,35.477,-93.467,verified,1281,results_model,https://uofoathletics.com/,https://www.rankedxi.com/crests/ncaa3-university-of-the-ozarks-eagles.png
ursinus-college-bears,Ursinus College Bears,ncaa3,NCAA Division III,college,M,Collegeville,PA,40.193,-75.456,verified,1319,results_model,https://ursinusathletics.com/,https://www.rankedxi.com/crests/ncaa3-ursinus-college-bears.png
utica-university-pioneers,Utica University Pioneers,ncaa3,NCAA Division III,college,M,Utica,NY,43.095,-75.272,verified,1320,results_model,https://uticapioneers.com/,https://www.rankedxi.com/crests/ncaa3-utica-university-pioneers.png
vassar-college-brewers,Vassar College Brewers,ncaa3,NCAA Division III,college,M,Poughkeepsie,NY,41.688,-73.896,verified,1355,results_model,https://www.vassarathletics.com/,https://www.rankedxi.com/crests/ncaa3-vassar-college-brewers.png
western-connecticut-state-university-wolves,Western Connecticut State University Wolves,ncaa3,NCAA Division III,college,M,Danbury,CT,41.401,-73.445,verified,1333,results_model,http://www.wcsu.edu,https://www.rankedxi.com/crests/ncaa3-western-connecticut-state-university-wolves.png
western-new-england-university-golden-bears,Western New England University Golden Bears,ncaa3,NCAA Division III,college,M,Springfield,MA,42.115,-72.52,verified,1323,results_model,https://wne.edu,https://www.rankedxi.com/crests/ncaa3-western-new-england-university-golden-bears.png
university-of-wisconsineau-claire-blugolds,University of Wisconsin–Eau Claire Blugolds,ncaa3,NCAA Division III,college,M,Eau Claire,WI,44.799,-91.499,verified,1369,results_model,http://www.uwec.edu,https://www.rankedxi.com/crests/ncaa3-university-of-wisconsineau-claire-blugolds.png
wisconsin-lutheran-college-warriors,Wisconsin Lutheran College Warriors,ncaa3,NCAA Division III,college,M,Milwaukee,WI,43.037,-88.023,verified,1280,results_model,https://www.wlc.edu/,https://www.rankedxi.com/crests/ncaa3-wisconsin-lutheran-college-warriors.png
university-of-wisconsinplatteville-pioneers,University of Wisconsin–Platteville Pioneers,ncaa3,NCAA Division III,college,M,Platteville,WI,42.733,-90.488,verified,1341,results_model,https://letsgopioneers.com/,https://www.rankedxi.com/crests/ncaa3-university-of-wisconsinplatteville-pioneers.png
university-of-wisconsinriver-falls-falcons,University of Wisconsin–River Falls Falcons,ncaa3,NCAA Division III,college,M,River Falls,WI,44.852,-92.624,verified,1295,results_model,http://www.uwrf.edu,https://www.rankedxi.com/crests/ncaa3-university-of-wisconsinriver-falls-falcons.png
university-of-wisconsinstevens-point-pointers,University of Wisconsin–Stevens Point Pointers,ncaa3,NCAA Division III,college,M,Stevens Point,WI,44.525,-89.568,verified,1337,results_model,http://www.uwsp.edu,https://www.rankedxi.com/crests/ncaa3-university-of-wisconsinstevens-point-pointers.png
university-of-wisconsinstout-blue-devils,University of Wisconsin–Stout Blue Devils,ncaa3,NCAA Division III,college,M,Menomonie,WI,44.87,-91.928,verified,1228,results_model,http://www.uwstout.edu,https://www.rankedxi.com/crests/ncaa3-university-of-wisconsinstout-blue-devils.png
university-of-wisconsinsuperior-yellow-jackets,University of Wisconsin–Superior Yellow Jackets,ncaa3,NCAA Division III,college,M,Superior,WI,46.718,-92.09,verified,1345,results_model,https://www.uwsuper.edu/,https://www.rankedxi.com/crests/ncaa3-university-of-wisconsinsuperior-yellow-jackets.png
university-of-wisconsinwhitewater-warhawks,University of Wisconsin–Whitewater Warhawks,ncaa3,NCAA Division III,college,M,Whitewater,WI,42.838,-88.743,verified,1356,results_model,https://uwwsports.com/,https://www.rankedxi.com/crests/ncaa3-university-of-wisconsinwhitewater-warhawks.png
wabash-college-little-giants,Wabash College Little Giants,ncaa3,NCAA Division III,college,M,Crawfordsville,IN,40.038,-86.905,verified,1301,results_model,http://www.wabash.edu,https://www.rankedxi.com/crests/ncaa3-wabash-college-little-giants.png
warren-wilson-college-owls,Warren Wilson College Owls,ncaa3,NCAA Division III,college,M,Swannanoa,NC,35.611,-82.442,verified,1246,results_model,,https://www.rankedxi.com/crests/ncaa3-warren-wilson-college-owls.png
wartburg-college-knights,Wartburg College Knights,ncaa3,NCAA Division III,college,M,Waverly,IA,42.729,-92.482,verified,1342,results_model,,https://www.rankedxi.com/crests/ncaa3-wartburg-college-knights.png
washington-jefferson-college-presidents,Washington & Jefferson College Presidents,ncaa3,NCAA Division III,college,M,Washington,PA,40.171,-80.239,verified,1286,results_model,https://www.washjeff.edu/,https://www.rankedxi.com/crests/ncaa3-washington-jefferson-college-presidents.png
washington-and-lee-university-generals,Washington and Lee University Generals,ncaa3,NCAA Division III,college,M,Lexington,VA,37.79,-79.446,verified,1358,results_model,https://www.wlu.edu/,https://www.rankedxi.com/crests/ncaa3-washington-and-lee-university-generals.png
washington-college-shoremen,Washington College Shoremen,ncaa3,NCAA Division III,college,M,Chestertown,MD,39.218,-76.069,verified,1341,results_model,https://washingtoncollegesports.com/,https://www.rankedxi.com/crests/ncaa3-washington-college-shoremen.png
washington-university-in-st-louis-bears,Washington University in St. Louis Bears,ncaa3,NCAA Division III,college,M,St. Louis,MO,38.648,-90.305,verified,1378,results_model,https://washu.edu/,https://www.rankedxi.com/crests/ncaa3-washington-university-in-st-louis-bears.png
waynesburg-university-yellow-jackets,Waynesburg University Yellow Jackets,ncaa3,NCAA Division III,college,M,Waynesburg,PA,39.9,-80.188,verified,1287,results_model,https://waynesburgsports.com/sports/football,https://www.rankedxi.com/crests/ncaa3-waynesburg-university-yellow-jackets.png
webster-university-gorloks,Webster University Gorloks,ncaa3,NCAA Division III,college,M,St. Louis,MO,38.589,-90.346,verified,1308,results_model,https://websterathletics.com/,https://www.rankedxi.com/crests/ncaa3-webster-university-gorloks.png
wentworth-institute-of-technology-leopards,Wentworth Institute of Technology Leopards,ncaa3,NCAA Division III,college,M,Boston,MA,42.337,-71.095,verified,1282,results_model,https://wit.edu/,https://www.rankedxi.com/crests/ncaa3-wentworth-institute-of-technology-leopards.png
wesleyan-university-cardinals,Wesleyan University Cardinals,ncaa3,NCAA Division III,college,M,Middletown,CT,41.556,-72.656,verified,1368,results_model,https://athletics.wesleyan.edu/,https://www.rankedxi.com/crests/ncaa3-wesleyan-university-cardinals.png
westfield-state-university-owls,Westfield State University Owls,ncaa3,NCAA Division III,college,M,Westfield,MA,42.131,-72.796,verified,1307,results_model,,https://www.rankedxi.com/crests/ncaa3-westfield-state-university-owls.png
westminster-college-blue-jays,Westminster College Blue Jays,ncaa3,NCAA Division III,college,M,Fulton,MO,38.848,-91.956,verified,1304,results_model,https://www.wcbluejays.com/,https://www.rankedxi.com/crests/ncaa3-westminster-college-blue-jays.png
westminster-college-titans,Westminster College Titans,ncaa3,NCAA Division III,college,M,New Wilmington,PA,41.118,-80.329,verified,1264,results_model,https://athletics.westminster.edu/,https://www.rankedxi.com/crests/ncaa3-westminster-college-titans.png
wheaton-college-thunder,Wheaton College Thunder,ncaa3,NCAA Division III,college,M,Wheaton,IL,41.87,-88.099,verified,1350,results_model,https://athletics.wheaton.edu/,https://www.rankedxi.com/crests/ncaa3-wheaton-college-thunder.png
wheaton-college-lyons,Wheaton College Lyons,ncaa3,NCAA Division III,college,M,Norton,MA,41.968,-71.185,verified,1375,results_model,https://wheatoncollegelyons.com/,https://www.rankedxi.com/crests/ncaa3-wheaton-college-lyons.png
whitman-college-blues,Whitman College Blues,ncaa3,NCAA Division III,college,M,Walla Walla,WA,46.071,-118.329,verified,1348,results_model,https://whitmanblues.com/,https://www.rankedxi.com/crests/ncaa3-whitman-college-blues.png
whittier-college-poets,Whittier College Poets,ncaa3,NCAA Division III,college,M,Whittier,CA,33.978,-118.03,verified,1343,results_model,https://www.wcpoets.com/,https://www.rankedxi.com/crests/ncaa3-whittier-college-poets.png
whitworth-university-pirates,Whitworth University Pirates,ncaa3,NCAA Division III,college,M,Spokane,WA,47.754,-117.418,verified,1321,results_model,http://whitworthpirates.com/,https://www.rankedxi.com/crests/ncaa3-whitworth-university-pirates.png
widener-university-pride,Widener University Pride,ncaa3,NCAA Division III,college,M,Chester,PA,39.861,-75.355,verified,1310,results_model,https://widenerpride.com/,https://www.rankedxi.com/crests/ncaa3-widener-university-pride.png
wilkes-university-colonels,Wilkes University Colonels,ncaa3,NCAA Division III,college,M,Wilkes-Barre,PA,41.243,-75.891,verified,1276,results_model,http://gowilkesu.com/,https://www.rankedxi.com/crests/ncaa3-wilkes-university-colonels.png
willamette-university-bearcats,Willamette University Bearcats,ncaa3,NCAA Division III,college,M,Salem,OR,44.936,-123.031,verified,1320,results_model,https://www.wubearcats.com/,https://www.rankedxi.com/crests/ncaa3-willamette-university-bearcats.png
williams-college-ephs,Williams College Ephs,ncaa3,NCAA Division III,college,M,Williamstown,MA,42.712,-73.205,verified,1375,results_model,,https://www.rankedxi.com/crests/ncaa3-williams-college-ephs.png
wilmington-college-quakers,Wilmington College Quakers,ncaa3,NCAA Division III,college,M,Wilmington,OH,39.444,-83.818,verified,1334,results_model,https://wilmingtonquakers.com/,https://www.rankedxi.com/crests/ncaa3-wilmington-college-quakers.png
wilson-college-phoenix,Wilson College Phoenix,ncaa3,NCAA Division III,college,M,Chambersburg,PA,39.948,-77.653,verified,1241,results_model,http://wilsonphoenix.com/,https://www.rankedxi.com/crests/ncaa3-wilson-college-phoenix.png
wittenberg-university-tigers,Wittenberg University Tigers,ncaa3,NCAA Division III,college,M,Springfield,OH,39.935,-83.812,verified,1312,results_model,,https://www.rankedxi.com/crests/ncaa3-wittenberg-university-tigers.png
william-paterson-university-pioneers,William Paterson University Pioneers,ncaa3,NCAA Division III,college,M,Wayne,NJ,40.947,-74.198,verified,1331,results_model,,https://www.rankedxi.com/crests/ncaa3-william-paterson-university-pioneers.png
college-of-wooster-fighting-scots,College of Wooster Fighting Scots,ncaa3,NCAA Division III,college,M,Wooster,OH,40.812,-81.935,verified,1331,results_model,http://www.wooster.edu,https://www.rankedxi.com/crests/ncaa3-college-of-wooster-fighting-scots.png
worcester-state-university-lancers,Worcester State University Lancers,ncaa3,NCAA Division III,college,M,Worcester,MA,42.268,-71.844,verified,1286,results_model,https://www.worcester.edu/,https://www.rankedxi.com/crests/ncaa3-worcester-state-university-lancers.png
worcester-polytechnic-institute-engineers,Worcester Polytechnic Institute Engineers,ncaa3,NCAA Division III,college,M,Worcester,MA,42.274,-71.808,verified,1328,results_model,http://www.wpi.edu,https://www.rankedxi.com/crests/ncaa3-worcester-polytechnic-institute-engineers.png
yeshiva-university-maccabees,Yeshiva University Maccabees,ncaa3,NCAA Division III,college,M,New York,NY,40.851,-73.93,verified,1252,results_model,,https://www.rankedxi.com/crests/ncaa3-yeshiva-university-maccabees.png
york-college-of-pennsylvania-spartans,York College of Pennsylvania Spartans,ncaa3,NCAA Division III,college,M,York,PA,39.947,-76.73,verified,1334,results_model,https://www.york.cuny.edu/,https://www.rankedxi.com/crests/ncaa3-york-college-of-pennsylvania-spartans.png
aquinas-college-saints,Aquinas College Saints,naia,NAIA,college,M,Grand Rapids,MI,42.96,-85.629,verified,1371,results_model,https://aqsaints.com/,https://www.rankedxi.com/crests/naia-aquinas-college-saints.png
arizona-christian-university-firestorm,Arizona Christian University Firestorm,naia,NAIA,college,M,Phoenix,AZ,33.623,-112.182,verified,1377,results_model,http://www.acufirestorm.com/sport/0/5.php,https://www.rankedxi.com/crests/naia-arizona-christian-university-firestorm.png
ave-maria-university-gyrenes,Ave Maria University Gyrenes,naia,NAIA,college,M,Ave Maria,FL,26.336,-81.44,verified,1360,results_model,https://avemariagyrenes.com/,https://www.rankedxi.com/crests/naia-ave-maria-university-gyrenes.png
avila-university-eagles,Avila University Eagles,naia,NAIA,college,M,Kansas City,MO,38.913,-94.591,verified,1321,results_model,https://avilaathletics.com/,https://www.rankedxi.com/crests/naia-avila-university-eagles.png
baker-university-wildcats,Baker University Wildcats,naia,NAIA,college,M,Baldwin City,KS,38.778,-95.188,verified,1414,results_model,http://www.bakeru.edu/athletics/,https://www.rankedxi.com/crests/naia-baker-university-wildcats.png
bellevue-university-bruins,Bellevue University Bruins,naia,NAIA,college,M,Bellevue,NE,41.151,-95.919,verified,1397,results_model,,https://www.rankedxi.com/crests/naia-bellevue-university-bruins.png
benedictine-university-at-mesa-redhawks,Benedictine University at Mesa Redhawks,naia,NAIA,college,M,Mesa,AZ,41.777,-88.096,verified,1380,results_model,http://www.ben.edu/springfield/,https://www.rankedxi.com/crests/naia-benedictine-university-at-mesa-redhawks.png
benedictine-college-ravens,Benedictine College Ravens,naia,NAIA,college,M,Atchison,KS,39.574,-95.115,verified,1397,results_model,https://ravenathletics.com/,https://www.rankedxi.com/crests/naia-benedictine-college-ravens.png
bethany-college-swedes,Bethany College Swedes,naia,NAIA,college,M,Lindsborg,KS,38.58,-97.673,verified,1302,results_model,,https://www.rankedxi.com/crests/naia-bethany-college-swedes.png
bethel-university-pilots,Bethel University Pilots,naia,NAIA,college,M,Mishawaka,IN,41.678,-86.193,verified,1422,results_model,https://bupilots.com/,https://www.rankedxi.com/crests/naia-bethel-university-pilots.png
bethel-college-threshers,Bethel College Threshers,naia,NAIA,college,M,North Newton,KS,38.075,-97.343,verified,1335,results_model,https://bethelthreshers.com/,https://www.rankedxi.com/crests/naia-bethel-college-threshers.png
bethel-university-wildcats,Bethel University Wildcats,naia,NAIA,college,M,McKenzie,TN,36.142,-88.515,verified,1428,results_model,,
blue-mountain-christian-university-toppers,Blue Mountain Christian University Toppers,naia,NAIA,college,M,Blue Mountain,MS,34.672,-89.029,verified,1364,results_model,http://www.bmc.edu,
bluefield-university-rams,Bluefield University Rams,naia,NAIA,college,M,Bluefield,VA,37.239,-81.252,verified,1303,results_model,https://burams.com/,https://www.rankedxi.com/crests/naia-bluefield-university-rams.png
brescia-university-bearcats,Brescia University Bearcats,naia,NAIA,college,M,Owensboro,KY,37.769,-87.112,verified,1338,results_model,,https://www.rankedxi.com/crests/naia-brescia-university-bearcats.png
brewtonparker-christian-university-barons,Brewton–Parker Christian University Barons,naia,NAIA,college,M,Mount Vernon,GA,32.184,-82.583,verified,1321,results_model,,
briar-cliff-university-chargers,Briar Cliff University Chargers,naia,NAIA,college,M,Sioux City,IA,42.53,-96.423,verified,1381,results_model,http://www.briarcliff.edu,https://www.rankedxi.com/crests/naia-briar-cliff-university-chargers.png
bryan-college-lions,Bryan College Lions,naia,NAIA,college,M,Dayton,TN,35.498,-84.999,verified,1350,results_model,https://bryanlions.com/,https://www.rankedxi.com/crests/naia-bryan-college-lions.png
bushnell-university-beacons,Bushnell University Beacons,naia,NAIA,college,M,Eugene,OR,44.047,-123.08,verified,1374,results_model,https://gobeacons.com/,https://www.rankedxi.com/crests/naia-bushnell-university-beacons.png
calumet-college-of-st-joseph-crimson-wave,Calumet College of St. Joseph Crimson Wave,naia,NAIA,college,M,Whiting,IN,41.671,-87.494,verified,1225,results_model,http://www.ccsj.edu,https://www.rankedxi.com/crests/naia-calumet-college-of-st-joseph-crimson-wave.png
campbellsville-university-tigers,Campbellsville University Tigers,naia,NAIA,college,M,Campbellsville,KY,37.344,-85.348,verified,1401,results_model,https://campbellsvilletigers.com/,https://www.rankedxi.com/crests/naia-campbellsville-university-tigers.png
carolina-university-bruins,Carolina University Bruins,naia,NAIA,college,M,Winston-Salem,NC,36.088,-80.25,verified,1371,results_model,,https://www.rankedxi.com/crests/naia-carolina-university-bruins.png
carroll-college-fighting-saints,Carroll College Fighting Saints,naia,NAIA,college,M,Helena,MT,46.601,-112.039,verified,1400,results_model,http://www.carroll.edu,https://www.rankedxi.com/crests/naia-carroll-college-fighting-saints.png
central-methodist-university-eagles,Central Methodist University Eagles,naia,NAIA,college,M,Fayette,MO,39.15,-92.685,verified,1404,results_model,https://www.centralmethodist.edu/,https://www.rankedxi.com/crests/naia-central-methodist-university-eagles.png
central-baptist-college-mustangs,Central Baptist College Mustangs,naia,NAIA,college,M,Conway,AR,35.083,-92.445,verified,1344,results_model,,https://www.rankedxi.com/crests/naia-central-baptist-college-mustangs.png
central-christian-college-of-kansas-tigers,Central Christian College of Kansas Tigers,naia,NAIA,college,M,McPherson,KS,38.358,-97.668,verified,1344,results_model,http://www.centralchristian.edu,https://www.rankedxi.com/crests/naia-central-christian-college-of-kansas-tigers.png
clarke-university-crusaders,Clarke University Crusaders,naia,NAIA,college,M,Dubuque,IA,42.51,-90.691,verified,1393,results_model,,https://www.rankedxi.com/crests/naia-clarke-university-crusaders.png
cleary-university-cougars,Cleary University Cougars,naia,NAIA,college,M,Howell,MI,42.587,-83.88,verified,1375,results_model,,https://www.rankedxi.com/crests/naia-cleary-university-cougars.png
college-of-idaho-coyotes,College of Idaho Coyotes,naia,NAIA,college,M,Caldwell,ID,43.653,-116.676,verified,1387,results_model,https://yoteathletics.com/,https://www.rankedxi.com/crests/naia-college-of-idaho-coyotes.png
columbia-international-university-rams,Columbia International University Rams,naia,NAIA,college,M,Columbia,SC,34.076,-81.075,verified,1359,results_model,https://www.ciu.edu/,https://www.rankedxi.com/crests/naia-columbia-international-university-rams.png
columbia-college-cougars,Columbia College Cougars,naia,NAIA,college,M,Columbia,MO,38.958,-92.327,verified,1390,results_model,,https://www.rankedxi.com/crests/naia-columbia-college-cougars.png
columbia-college-koalas,Columbia College Koalas,naia,NAIA,college,M,Columbia,SC,34.045,-81.031,verified,1358,results_model,https://www.gokoalas.com/,https://www.rankedxi.com/crests/naia-columbia-college-koalas.png
concordia-universitynebraska-bulldogs,Concordia University–Nebraska Bulldogs,naia,NAIA,college,M,Seward,NE,40.914,-97.091,verified,1390,results_model,,https://www.rankedxi.com/crests/naia-concordia-universitynebraska-bulldogs.png
corban-university-warriors,Corban University Warriors,naia,NAIA,college,M,Salem,OR,44.883,-122.959,verified,1362,results_model,,
cornerstone-university-golden-eagles,Cornerstone University Golden Eagles,naia,NAIA,college,M,Grand Rapids,MI,42.979,-85.593,verified,1372,results_model,https://www.cornerstone.edu,https://www.rankedxi.com/crests/naia-cornerstone-university-golden-eagles.png
culverstockton-college-wildcats,Culver–Stockton College Wildcats,naia,NAIA,college,M,Canton,MO,40.13,-91.531,verified,1365,results_model,,
cumberland-university-phoenix,Cumberland University Phoenix,naia,NAIA,college,M,Lebanon,TN,36.204,-86.299,verified,1422,results_model,https://gocumberlandathletics.com/,https://www.rankedxi.com/crests/naia-cumberland-university-phoenix.png
university-of-the-cumberlands-patriots,University of the Cumberlands Patriots,naia,NAIA,college,M,Williamsburg,KY,36.737,-84.162,verified,1414,results_model,https://cumberlandspatriots.com/,https://www.rankedxi.com/crests/naia-university-of-the-cumberlands-patriots.png
dakota-wesleyan-university-tigers,Dakota Wesleyan University Tigers,naia,NAIA,college,M,Mitchell,SD,43.699,-98.031,verified,1366,results_model,https://www.dwu.edu/,https://www.rankedxi.com/crests/naia-dakota-wesleyan-university-tigers.png
dalton-state-college-roadrunners,Dalton State College Roadrunners,naia,NAIA,college,M,Dalton,GA,34.775,-85.003,verified,1403,results_model,https://www.daltonstate.edu/,https://www.rankedxi.com/crests/naia-dalton-state-college-roadrunners.png
defiance-college-yellow-jackets-and-lady-jackets,Defiance College Yellow Jackets and Lady Jackets,naia,NAIA,college,M,Defiance,OH,41.297,-84.358,verified,1308,results_model,,https://www.rankedxi.com/crests/naia-defiance-college-yellow-jackets-and-lady-jackets.png
doane-college-tigers,Doane College Tigers,naia,NAIA,college,M,Crete,NE,40.624,-96.949,verified,1339,results_model,,https://www.rankedxi.com/crests/naia-doane-college-tigers.png
dordt-university-defenders,Dordt University Defenders,naia,NAIA,college,M,Sioux Center,IA,43.083,-96.167,verified,1366,results_model,https://godordt.com/,https://www.rankedxi.com/crests/naia-dordt-university-defenders.png
eastern-oregon-university-mountaineers,Eastern Oregon University Mountaineers,naia,NAIA,college,M,La Grande,OR,45.32,-118.092,verified,1394,results_model,https://eousports.com/,https://www.rankedxi.com/crests/naia-eastern-oregon-university-mountaineers.png
embryriddle-aeronautical-university-prescott-eagles,"Embry–Riddle Aeronautical University, Prescott Eagles",naia,NAIA,college,M,Prescott,AZ,34.614,-112.446,verified,1371,results_model,https://daytonabeach.erau.edu/,
evangel-university-valor,Evangel University Valor,naia,NAIA,college,M,Springfield,MO,37.221,-93.264,verified,1360,results_model,https://evangelathletics.com/,https://www.rankedxi.com/crests/naia-evangel-university-valor.png
the-evergreen-state-college-geoducks,The Evergreen State College Geoducks,naia,NAIA,college,M,Olympia,WA,47.073,-122.976,verified,1339,results_model,https://gogeoducks.com/,https://www.rankedxi.com/crests/naia-the-evergreen-state-college-geoducks.png
florida-memorial-university-lions,Florida Memorial University Lions,naia,NAIA,college,M,Miami Gardens,FL,25.918,-80.27,verified,1394,results_model,https://fmuathletics.com/,https://www.rankedxi.com/crests/naia-florida-memorial-university-lions.png
faulkner-university-eagles,Faulkner University Eagles,naia,NAIA,college,M,Montgomery,AL,32.386,-86.217,verified,1405,results_model,https://faulknereagles.com/,https://www.rankedxi.com/crests/naia-faulkner-university-eagles.png
fisher-college-falcons,Fisher College Falcons,naia,NAIA,college,M,Boston,MA,42.356,-71.074,verified,1348,results_model,,https://www.rankedxi.com/crests/naia-fisher-college-falcons.png
florida-college-falcons,Florida College Falcons,naia,NAIA,college,M,Temple Terrace,FL,28.035,-82.383,verified,1367,results_model,,https://www.rankedxi.com/crests/naia-florida-college-falcons.png
florida-national-university-conquistadors,Florida National University Conquistadors,naia,NAIA,college,M,Miami,FL,25.862,-80.322,verified,1395,results_model,https://www.cem.va.gov/CEM/cems/nchp/florida.asp,https://www.rankedxi.com/crests/naia-florida-national-university-conquistadors.png
freedhardeman-university-lions,Freed–Hardeman University Lions,naia,NAIA,college,M,Henderson,TN,35.438,-88.639,verified,1372,results_model,https://gofhulions.com/,https://www.rankedxi.com/crests/naia-freedhardeman-university-lions.png
friends-university-falcons,Friends University Falcons,naia,NAIA,college,M,Wichita,KS,37.678,-97.367,verified,1356,results_model,,https://www.rankedxi.com/crests/naia-friends-university-falcons.png
georgia-gwinnett-college-grizzlies,Georgia Gwinnett College Grizzlies,naia,NAIA,college,M,Lawrenceville,GA,33.981,-84.003,verified,1414,results_model,http://www.ggc.edu,https://www.rankedxi.com/crests/naia-georgia-gwinnett-college-grizzlies.png
georgetown-college-tigers,Georgetown College Tigers,naia,NAIA,college,M,Georgetown,KY,38.207,-84.554,verified,1353,results_model,,https://www.rankedxi.com/crests/naia-georgetown-college-tigers.png
goshen-college-maple-leafs,Goshen College Maple Leafs,naia,NAIA,college,M,Goshen,IN,41.564,-85.827,verified,1364,results_model,http://www.goshen.edu,https://www.rankedxi.com/crests/naia-goshen-college-maple-leafs.png
governors-state-university-jaguars,Governors State University Jaguars,naia,NAIA,college,M,University Park,IL,41.449,-87.717,verified,1373,results_model,http://www.govst.edu,https://www.rankedxi.com/crests/naia-governors-state-university-jaguars.png
grace-college-seminary-lancers,Grace College & Seminary Lancers,naia,NAIA,college,M,Winona Lake,IN,41.226,-85.816,verified,1408,results_model,http://www.grace.edu,https://www.rankedxi.com/crests/naia-grace-college-seminary-lancers.png
graceland-university-yellowjackets,Graceland University Yellowjackets,naia,NAIA,college,M,Lamoni,IA,40.616,-93.926,verified,1380,results_model,,https://www.rankedxi.com/crests/naia-graceland-university-yellowjackets.png
grand-view-university-vikings,Grand View University Vikings,naia,NAIA,college,M,Des Moines,IA,41.621,-93.604,verified,1430,results_model,https://gvvikings.com/,https://www.rankedxi.com/crests/naia-grand-view-university-vikings.png
hanniballagrange-university-trojans,Hannibal–LaGrange University Trojans,naia,NAIA,college,M,Hannibal,MO,39.73,-91.392,verified,1350,results_model,,
harrisstowe-state-university-hornets,Harris–Stowe State University Hornets,naia,NAIA,college,M,St. Louis,MO,38.633,-90.224,verified,1379,results_model,http://www.hssu.edu,https://www.rankedxi.com/crests/naia-harrisstowe-state-university-hornets.png
hastings-college-broncos,Hastings College Broncos,naia,NAIA,college,M,Hastings,NE,40.592,-98.373,verified,1379,results_model,,https://www.rankedxi.com/crests/naia-hastings-college-broncos.png
holy-cross-college-saints,Holy Cross College Saints,naia,NAIA,college,M,Notre Dame,IN,41.699,-86.253,verified,1380,results_model,,https://www.rankedxi.com/crests/naia-holy-cross-college-saints.png
hope-international-university-royals,Hope International University Royals,naia,NAIA,college,M,Fullerton,CA,33.877,-117.885,verified,1376,results_model,http://www.hiu.edu,https://www.rankedxi.com/crests/naia-hope-international-university-royals.png
texas-a-m-universityvictoria-jaguars,Texas A&M University–Victoria Jaguars,naia,NAIA,college,M,Victoria,TX,28.816,-96.976,verified,1362,results_model,,https://www.rankedxi.com/crests/naia-texas-a-m-universityvictoria-jaguars.png
huntington-university-foresters,Huntington University Foresters,naia,NAIA,college,M,Huntington,IN,40.898,-85.496,verified,1380,results_model,,https://www.rankedxi.com/crests/naia-huntington-university-foresters.png
hustontillotson-university-rams,Huston–Tillotson University Rams,naia,NAIA,college,M,Austin,TX,30.265,-97.722,verified,1342,results_model,https://htramsathletics.com/,https://www.rankedxi.com/crests/naia-hustontillotson-university-rams.png
indiana-wesleyan-university-wildcats,Indiana Wesleyan University Wildcats,naia,NAIA,college,M,Marion,IN,40.519,-85.665,verified,1410,results_model,https://www.indwes.edu/,https://www.rankedxi.com/crests/naia-indiana-wesleyan-university-wildcats.png
indiana-university-columbus-crimson-pride,Indiana University Columbus Crimson Pride,naia,NAIA,college,M,Columbus,IN,39.253,-85.902,verified,1337,results_model,https://columbus.iu.edu/,
indiana-university-northwest-redhawks,Indiana University Northwest Redhawks,naia,NAIA,college,M,Gary,IN,41.557,-87.338,verified,1334,results_model,https://iuhoosiers.com/,https://www.rankedxi.com/crests/naia-indiana-university-northwest-redhawks.png
indiana-institute-of-technology-warriors,Indiana Institute of Technology Warriors,naia,NAIA,college,M,Fort Wayne,IN,41.078,-85.117,verified,1417,results_model,https://www.indianatech.edu/,https://www.rankedxi.com/crests/naia-indiana-institute-of-technology-warriors.png
indiana-university-east-red-wolves,Indiana University East Red Wolves,naia,NAIA,college,M,Richmond,IN,39.868,-84.888,verified,1319,results_model,https://www.iue.edu/,https://www.rankedxi.com/crests/naia-indiana-university-east-red-wolves.png
jarvis-christian-university-bulldogs,Jarvis Christian University Bulldogs,naia,NAIA,college,M,Hawkins,TX,32.589,-95.18,verified,1331,results_model,http://www.jarvis.edu,https://www.rankedxi.com/crests/naia-jarvis-christian-university-bulldogs.png
john-brown-university-golden-eagles,John Brown University Golden Eagles,naia,NAIA,college,M,Siloam Springs,AR,36.19,-94.559,verified,1402,results_model,http://www.jbu.edu,https://www.rankedxi.com/crests/naia-john-brown-university-golden-eagles.png
johnson-university-royals,Johnson University Royals,naia,NAIA,college,M,Kimberlin Heights,TN,35.936,-83.75,verified,1335,results_model,,https://www.rankedxi.com/crests/naia-johnson-university-royals.png
judson-university-eagles,Judson University Eagles,naia,NAIA,college,M,Elgin,IL,42.066,-88.295,verified,1378,results_model,,https://www.rankedxi.com/crests/naia-judson-university-eagles.png
kansas-wesleyan-university-coyotes,Kansas Wesleyan University Coyotes,naia,NAIA,college,M,Salina,KS,38.814,-97.609,verified,1380,results_model,https://www.kwu.edu/,https://www.rankedxi.com/crests/naia-kansas-wesleyan-university-coyotes.png
keiser-university-seahawks,Keiser University Seahawks,naia,NAIA,college,M,West Palm Beach,FL,26.186,-80.164,verified,1428,results_model,https://kuseahawks.com/,https://www.rankedxi.com/crests/naia-keiser-university-seahawks.png
kentucky-christian-university-knights,Kentucky Christian University Knights,naia,NAIA,college,M,Grayson,KY,38.341,-82.947,verified,1250,results_model,http://www.kcu.edu,
louisiana-state-university-in-shreveport-pilots-lady-pilots,Louisiana State University in Shreveport Pilots & Lady Pilots,naia,NAIA,college,M,Shreveport,LA,32.427,-93.706,verified,1407,results_model,,https://www.rankedxi.com/crests/naia-louisiana-state-university-in-shreveport-pilots-lady-pilots.png
louisiana-state-university-at-alexandria-generals,Louisiana State University at Alexandria Generals,naia,NAIA,college,M,Alexandria,LA,31.312,-92.445,verified,1394,results_model,https://www.lsua.edu/,https://www.rankedxi.com/crests/naia-louisiana-state-university-at-alexandria-generals.png
la-sierra-university-golden-eagles,La Sierra University Golden Eagles,naia,NAIA,college,M,Riverside,CA,33.911,-117.502,verified,1387,results_model,http://www.lasierra.edu,https://www.rankedxi.com/crests/naia-la-sierra-university-golden-eagles.png
lawrence-technological-university-br-blue-devils,Lawrence Technological University Blue Devils,naia,NAIA,college,M,Southfield,MI,42.475,-83.249,verified,1380,results_model,https://www.ltu.edu/,https://www.rankedxi.com/crests/naia-lawrence-technological-university-blue-devils.png
life-university-eagles,Life University Eagles,naia,NAIA,college,M,Marietta,GA,33.932,-84.514,verified,1426,results_model,,https://www.rankedxi.com/crests/naia-life-university-eagles.png
life-pacific-university-warriors,Life Pacific University Warriors,naia,NAIA,college,M,San Dimas,CA,34.099,-117.829,verified,1302,results_model,http://www.lifepacific.edu,https://www.rankedxi.com/crests/naia-life-pacific-university-warriors.png
lindsey-wilson-university-blue-raiders,Lindsey Wilson University Blue Raiders,naia,NAIA,college,M,Columbia,KY,37.103,-85.302,verified,1420,results_model,https://lindseyathletics.com/,https://www.rankedxi.com/crests/naia-lindsey-wilson-university-blue-raiders.png
louisiana-christian-university-wildcats,Louisiana Christian University Wildcats,naia,NAIA,college,M,Pineville,LA,31.325,-92.427,verified,1366,results_model,https://lcuniversity.edu/,https://www.rankedxi.com/crests/naia-louisiana-christian-university-wildcats.png
university-of-michigandearborn-wolverines,University of Michigan–Dearborn Wolverines,naia,NAIA,college,M,Dearborn,MI,42.32,-83.233,verified,1329,results_model,,
missouri-baptist-university-spartans,Missouri Baptist University Spartans,naia,NAIA,college,M,St. Louis,MO,38.642,-90.462,verified,1390,results_model,https://mbuspartans.com/,https://www.rankedxi.com/crests/naia-missouri-baptist-university-spartans.png
madonna-university-crusaders,Madonna University Crusaders,naia,NAIA,college,M,Livonia,MI,42.368,-83.353,verified,1413,results_model,,https://www.rankedxi.com/crests/naia-madonna-university-crusaders.png
marian-university-knights,Marian University Knights,naia,NAIA,college,M,Indianapolis,IN,39.814,-86.203,verified,1399,results_model,https://muknights.com/,https://www.rankedxi.com/crests/naia-marian-university-knights.png
mcpherson-college-bulldogs,McPherson College Bulldogs,naia,NAIA,college,M,McPherson,KS,38.372,-97.642,verified,1354,results_model,https://macbulldogs.com/,https://www.rankedxi.com/crests/naia-mcpherson-college-bulldogs.png
midamerica-nazarene-university-pioneers,MidAmerica Nazarene University Pioneers,naia,NAIA,college,M,Olathe,KS,38.874,-94.783,verified,1426,results_model,https://www.mnu.edu/,https://www.rankedxi.com/crests/naia-midamerica-nazarene-university-pioneers.png
mid-america-christian-university-evangels,Mid-America Christian University Evangels,naia,NAIA,college,M,Oklahoma City,OK,35.348,-97.578,verified,1393,results_model,http://www.macu.edu,https://www.rankedxi.com/crests/naia-mid-america-christian-university-evangels.png
midland-university-warriors,Midland University Warriors,naia,NAIA,college,M,Fremont,NE,41.438,-96.488,verified,1399,results_model,,https://www.rankedxi.com/crests/naia-midland-university-warriors.png
midway-university-eagles,Midway University Eagles,naia,NAIA,college,M,Midway,KY,38.146,-84.679,verified,1350,results_model,,https://www.rankedxi.com/crests/naia-midway-university-eagles.png
milligan-university-buffaloes,Milligan University Buffaloes,naia,NAIA,college,M,Elizabethton,TN,36.302,-82.295,verified,1390,results_model,https://www.milliganbuffs.com/,https://www.rankedxi.com/crests/naia-milligan-university-buffaloes.png
mission-university-patriots,Mission University Patriots,naia,NAIA,college,M,Springfield,MO,37.24,-93.285,verified,1295,results_model,,https://www.rankedxi.com/crests/naia-mission-university-patriots.png
missouri-valley-college-vikings,Missouri Valley College Vikings,naia,NAIA,college,M,Marshall,MO,39.108,-93.19,verified,1398,results_model,https://www.mvc-sports.com,https://www.rankedxi.com/crests/naia-missouri-valley-college-vikings.png
university-of-mobile-rams,University of Mobile Rams,naia,NAIA,college,M,Prichard,AL,30.793,-88.129,verified,1391,results_model,,https://www.rankedxi.com/crests/naia-university-of-mobile-rams.png
montreat-college-cavaliers,Montreat College Cavaliers,naia,NAIA,college,M,Montreat,NC,35.646,-82.297,verified,1350,results_model,http://montreatcavaliers.com,https://www.rankedxi.com/crests/naia-montreat-college-cavaliers.png
morningside-university-mustangs,Morningside University Mustangs,naia,NAIA,college,M,Sioux City,IA,42.474,-96.362,verified,1384,results_model,,https://www.rankedxi.com/crests/naia-morningside-university-mustangs.png
mount-marty-university-lancers,Mount Marty University Lancers,naia,NAIA,college,M,Yankton,SD,42.875,-97.41,verified,1341,results_model,http://www.mtmc.edu,https://www.rankedxi.com/crests/naia-mount-marty-university-lancers.png
mount-mercy-university-mustangs,Mount Mercy University Mustangs,naia,NAIA,college,M,Cedar Rapids,IA,42.002,-91.652,verified,1391,results_model,http://www.mtmercy.edu,
mount-vernon-nazarene-university-cougars,Mount Vernon Nazarene University Cougars,naia,NAIA,college,M,Mount Vernon,OH,40.374,-82.475,verified,1384,results_model,https://www.mvnu.edu/,https://www.rankedxi.com/crests/naia-mount-vernon-nazarene-university-cougars.png
nelson-university-lions,Nelson University Lions,naia,NAIA,college,M,Waxahachie,TX,32.404,-96.853,verified,1370,results_model,,https://www.rankedxi.com/crests/naia-nelson-university-lions.png
new-college-of-florida-mighty-banyans,New College of Florida Mighty Banyans,naia,NAIA,college,M,Sarasota,FL,27.385,-82.562,verified,1407,results_model,https://www.ncf.edu/,https://www.rankedxi.com/crests/naia-new-college-of-florida-mighty-banyans.png
north-american-university-stallions,North American University Stallions,naia,NAIA,college,M,Stafford,TX,29.616,-95.558,verified,1352,results_model,,https://www.rankedxi.com/crests/naia-north-american-university-stallions.png
northwest-university-eagles,Northwest University Eagles,naia,NAIA,college,M,Kirkland,WA,47.658,-122.192,verified,1353,results_model,,https://www.rankedxi.com/crests/naia-northwest-university-eagles.png
northwestern-college-red-raiders,Northwestern College Red Raiders,naia,NAIA,college,M,Orange City,IA,42.999,-96.057,verified,1391,results_model,http://www.nwciowa.edu/,https://www.rankedxi.com/crests/naia-northwestern-college-red-raiders.png
university-of-northwestern-ohio-racers,University of Northwestern Ohio Racers,naia,NAIA,college,M,Lima,OH,40.74,-84.105,verified,1401,results_model,https://www.unwsp.edu/,https://www.rankedxi.com/crests/naia-university-of-northwestern-ohio-racers.png
oklahoma-city-university-stars,Oklahoma City University Stars,naia,NAIA,college,M,Oklahoma City,OK,35.495,-97.541,verified,1393,results_model,http://www.ocusports.com,https://www.rankedxi.com/crests/naia-oklahoma-city-university-stars.png
oklahoma-wesleyan-university-eagles,Oklahoma Wesleyan University Eagles,naia,NAIA,college,M,Bartlesville,OK,36.718,-95.957,verified,1419,results_model,http://www.okwu.edu,https://www.rankedxi.com/crests/naia-oklahoma-wesleyan-university-eagles.png
oakwood-university-ambassadors-lady-ambassadors,Oakwood University Ambassadors & Lady Ambassadors,naia,NAIA,college,M,Huntsville,AL,34.756,-86.653,verified,1225,results_model,,https://www.rankedxi.com/crests/naia-oakwood-university-ambassadors-lady-ambassadors.png
university-of-science-and-arts-of-oklahoma-drovers,University of Science and Arts of Oklahoma Drovers,naia,NAIA,college,M,Chickasha,OK,35.031,-97.955,verified,1370,results_model,http://www.usao.edu,https://www.rankedxi.com/crests/naia-university-of-science-and-arts-of-oklahoma-drovers.png
olivet-nazarene-university-tigers,Olivet Nazarene University Tigers,naia,NAIA,college,M,Bourbonnais,IL,41.155,-87.871,verified,1416,results_model,http://www.olivet.edu,https://www.rankedxi.com/crests/naia-olivet-nazarene-university-tigers.png
oregon-institute-of-technology-br-owls,Oregon Institute of Technology Owls,naia,NAIA,college,M,Klamath Falls,OR,42.256,-121.785,verified,1377,results_model,http://www.oit.edu,https://www.rankedxi.com/crests/naia-oregon-institute-of-technology-owls.png
ottawa-university-arizona-spirit,Ottawa University Arizona Spirit,naia,NAIA,college,M,Surprise,AZ,38.603,-95.266,verified,1357,results_model,https://www.ottawa.edu/,
ottawa-university-braves,Ottawa University Braves,naia,NAIA,college,M,Ottawa,KS,38.603,-95.266,verified,1406,results_model,https://ottawabraves.com/,https://www.rankedxi.com/crests/naia-ottawa-university-braves.png
our-lady-of-the-lake-university-saints,Our Lady of the Lake University Saints,naia,NAIA,college,M,San Antonio,TX,29.426,-98.544,verified,1341,results_model,https://www.ollusa.edu/,https://www.rankedxi.com/crests/naia-our-lady-of-the-lake-university-saints.png
pacific-union-college-pioneers,Pacific Union College Pioneers,naia,NAIA,college,M,Angwin,CA,38.569,-122.441,verified,1335,results_model,http://www.puc.edu,https://www.rankedxi.com/crests/naia-pacific-union-college-pioneers.png
oklahoma-panhandle-state-university-aggies,Oklahoma Panhandle State University Aggies,naia,NAIA,college,M,Goodwell,OK,36.593,-101.637,verified,1362,results_model,http://www.opsu.edu,https://www.rankedxi.com/crests/naia-oklahoma-panhandle-state-university-aggies.png
park-university-pirates,Park University Pirates,naia,NAIA,college,M,Parkville,MO,39.19,-94.68,verified,1410,results_model,https://gilbert.parkathletics.com/,https://www.rankedxi.com/crests/naia-park-university-pirates.png
park-university-gilbert-buccaneers,Park University Gilbert Buccaneers,naia,NAIA,college,M,Gilbert,AZ,39.19,-94.68,verified,1370,results_model,http://www.park.edu,https://www.rankedxi.com/crests/naia-park-university-gilbert-buccaneers.png
paul-quinn-college-tigers,Paul Quinn College Tigers,naia,NAIA,college,M,Dallas,TX,32.677,-96.755,verified,1321,results_model,,https://www.rankedxi.com/crests/naia-paul-quinn-college-tigers.png
university-of-pikeville-bears,University of Pikeville Bears,naia,NAIA,college,M,Pikeville,KY,37.479,-82.521,verified,1368,results_model,,https://www.rankedxi.com/crests/naia-university-of-pikeville-bears.png
point-university-skyhawks,Point University Skyhawks,naia,NAIA,college,M,West Point,GA,32.879,-85.187,verified,1362,results_model,https://skyhawkathletics.com/landing/index,https://www.rankedxi.com/crests/naia-point-university-skyhawks.png
university-of-providence-argonauts,University of Providence Argonauts,naia,NAIA,college,M,Great Falls,MT,47.492,-111.271,verified,1350,results_model,,https://www.rankedxi.com/crests/naia-university-of-providence-argonauts.png
reinhardt-university-eagles,Reinhardt University Eagles,naia,NAIA,college,M,Waleska,GA,34.319,-84.553,verified,1358,results_model,http://www.reinhardteagles.com/,https://www.rankedxi.com/crests/naia-reinhardt-university-eagles.png
university-of-rio-grande-redstorm,University of Rio Grande RedStorm,naia,NAIA,college,M,Rio Grande,OH,38.88,-82.377,verified,1402,results_model,https://ufrj.br/,https://www.rankedxi.com/crests/naia-university-of-rio-grande-redstorm.png
rochester-christian-university-warriors,Rochester Christian University Warriors,naia,NAIA,college,M,Rochester,MI,42.667,-83.145,verified,1317,results_model,https://rcu.edu/,https://www.rankedxi.com/crests/naia-rochester-christian-university-warriors.png
rocky-mountain-college-battlin-bears,Rocky Mountain College Battlin' Bears,naia,NAIA,college,M,Billings,MT,45.796,-108.555,verified,1381,results_model,http://www.rmcad.edu,https://www.rankedxi.com/crests/naia-rocky-mountain-college-battlin-bears.png
southwestern-christian-university-eagles,Southwestern Christian University Eagles,naia,NAIA,college,M,Bethany,OK,35.513,-97.641,verified,1372,results_model,http://www.swcu.edu,https://www.rankedxi.com/crests/naia-southwestern-christian-university-eagles.png
savannah-college-of-art-and-design-bees,Savannah College of Art and Design Bees,naia,NAIA,college,M,Savannah,GA,32.073,-81.096,verified,1395,results_model,https://savannah.scadathletics.com/index.aspx,https://www.rankedxi.com/crests/naia-savannah-college-of-art-and-design-bees.png
simpson-university-red-hawks,Simpson University Red Hawks,naia,NAIA,college,M,Redding,CA,40.613,-122.333,verified,1335,results_model,https://www.simpsonu.edu,https://www.rankedxi.com/crests/naia-simpson-university-red-hawks.png
soka-university-of-america-lions,Soka University of America Lions,naia,NAIA,college,M,Aliso Viejo,CA,33.555,-117.735,verified,1358,results_model,http://www.soka.edu,https://www.rankedxi.com/crests/naia-soka-university-of-america-lions.png
southeastern-university-fire,Southeastern University Fire,naia,NAIA,college,M,Lakeland,FL,28.029,-81.917,verified,1386,results_model,https://fire.seu.edu/,https://www.rankedxi.com/crests/naia-southeastern-university-fire.png
southern-oregon-university-raiders,Southern Oregon University Raiders,naia,NAIA,college,M,Ashland,OR,42.186,-122.694,verified,1384,results_model,https://souraiders.com/,https://www.rankedxi.com/crests/naia-southern-oregon-university-raiders.png
southwestern-college-moundbuilders,Southwestern College Moundbuilders,naia,NAIA,college,M,Winfield,KS,37.249,-96.977,verified,1363,results_model,https://buildersports.com/,https://www.rankedxi.com/crests/naia-southwestern-college-moundbuilders.png
spartanburg-methodist-college-pioneers,Spartanburg Methodist College Pioneers,naia,NAIA,college,M,Saxon,SC,34.954,-81.971,verified,1351,results_model,http://www.smcsc.edu/,https://www.rankedxi.com/crests/naia-spartanburg-methodist-college-pioneers.png
spring-arbor-university-cougars,Spring Arbor University Cougars,naia,NAIA,college,M,Spring Arbor,MI,42.206,-84.555,verified,1396,results_model,http://www.arbor.edu,https://www.rankedxi.com/crests/naia-spring-arbor-university-cougars.png
st-ambrose-university-fighting-bees-queen-bees,St. Ambrose University Fighting Bees & Queen Bees,naia,NAIA,college,M,Davenport,IA,41.522,-90.576,verified,1369,results_model,,https://www.rankedxi.com/crests/naia-st-ambrose-university-fighting-bees-queen-bees.png
university-of-st-francis-fighting-saints,University of St. Francis Fighting Saints,naia,NAIA,college,M,Joliet,IL,41.533,-88.096,verified,1328,results_model,http://www.stfrancis.edu,https://www.rankedxi.com/crests/naia-university-of-st-francis-fighting-saints.png
university-of-saint-francis-cougars,University of Saint Francis Cougars,naia,NAIA,college,M,Fort Wayne,IN,41.087,-85.176,verified,1379,results_model,,https://www.rankedxi.com/crests/naia-university-of-saint-francis-cougars.png
university-of-saint-mary-spires,University of Saint Mary Spires,naia,NAIA,college,M,Leavenworth,KS,39.277,-94.907,verified,1355,results_model,https://gospires.com/,https://www.rankedxi.com/crests/naia-university-of-saint-mary-spires.png
saint-mary-of-the-woods-college-pomeroys,Saint Mary-of-the-Woods College Pomeroys,naia,NAIA,college,M,Saint Mary's,IN,39.509,-87.466,verified,1352,results_model,http://www.smwc.edu,https://www.rankedxi.com/crests/naia-saint-mary-of-the-woods-college-pomeroys.png
st-thomas-university-bobcats,St. Thomas University Bobcats,naia,NAIA,college,M,Miami Gardens,FL,25.92,-80.256,verified,1413,results_model,https://stubobcats.com/,https://www.rankedxi.com/crests/naia-st-thomas-university-bobcats.png
saint-xavier-university-cougars,Saint Xavier University Cougars,naia,NAIA,college,M,Chicago,IL,41.709,-87.715,verified,1385,results_model,http://www.sxu.edu,https://www.rankedxi.com/crests/naia-saint-xavier-university-cougars.png
stanton-university-elks,Stanton University Elks,naia,NAIA,college,M,Anaheim,CA,33.835,-117.912,verified,1386,results_model,,https://www.rankedxi.com/crests/naia-stanton-university-elks.png
sterling-college-warriors,Sterling College Warriors,naia,NAIA,college,M,Sterling,KS,38.22,-98.208,verified,1329,results_model,,https://www.rankedxi.com/crests/naia-sterling-college-warriors.png
university-of-tennessee-southern-firehawks,University of Tennessee Southern FireHawks,naia,NAIA,college,M,Pulaski,TN,35.2,-87.036,verified,1399,results_model,https://www.utk.edu/,https://www.rankedxi.com/crests/naia-university-of-tennessee-southern-firehawks.png
tennessee-wesleyan-university-bulldogs,Tennessee Wesleyan University Bulldogs,naia,NAIA,college,M,Athens,TN,35.445,-84.594,verified,1373,results_model,http://www.twcnet.edu,https://www.rankedxi.com/crests/naia-tennessee-wesleyan-university-bulldogs.png
tabor-college-bluejays,Tabor College Bluejays,naia,NAIA,college,M,Hillsboro,KS,38.349,-97.2,verified,1362,results_model,,https://www.rankedxi.com/crests/naia-tabor-college-bluejays.png
talladega-college-tornadoes,Talladega College Tornadoes,naia,NAIA,college,M,Talladega,AL,33.432,-86.113,verified,1303,results_model,,https://www.rankedxi.com/crests/naia-talladega-college-tornadoes.png
taylor-university-trojans,Taylor University Trojans,naia,NAIA,college,M,Upland,IN,40.458,-85.497,verified,1376,results_model,,https://www.rankedxi.com/crests/naia-taylor-university-trojans.png
texas-a-m-universitysan-antonio-jaguars,Texas A&M University–San Antonio Jaguars,naia,NAIA,college,M,San Antonio,TX,29.304,-98.525,verified,1378,results_model,http://www.tamusa.tamus.edu/,https://www.rankedxi.com/crests/naia-texas-a-m-universitysan-antonio-jaguars.png
texas-college-steers,Texas College Steers,naia,NAIA,college,M,Tyler,TX,32.376,-95.312,verified,1288,results_model,,https://www.rankedxi.com/crests/naia-texas-college-steers.png
the-master-s-university-mustangs,The Master's University Mustangs,naia,NAIA,college,M,Santa Clarita,CA,34.381,-118.52,verified,1364,results_model,https://www.masters.edu/,https://www.rankedxi.com/crests/naia-the-master-s-university-mustangs.png
thomas-university-night-hawks,Thomas University Night Hawks,naia,NAIA,college,M,Thomasville,GA,30.816,-83.969,verified,1386,results_model,http://tunighthawks.com/,https://www.rankedxi.com/crests/naia-thomas-university-night-hawks.png
tougaloo-college-bulldogs,Tougaloo College Bulldogs,naia,NAIA,college,M,Tougaloo,MS,32.403,-90.161,verified,1225,results_model,,
truett-mcconnell-university-bears,Truett McConnell University Bears,naia,NAIA,college,M,Cleveland,GA,34.596,-83.748,verified,1375,results_model,http://www.truett.edu,https://www.rankedxi.com/crests/naia-truett-mcconnell-university-bears.png
union-commonwealth-university-bulldogs,Union Commonwealth University Bulldogs,naia,NAIA,college,M,Barbourville,KY,36.87,-83.888,verified,1399,results_model,http://www.unionky.edu,https://www.rankedxi.com/crests/naia-union-commonwealth-university-bulldogs.png
university-of-the-southwest-mustangs,University of the Southwest Mustangs,naia,NAIA,college,M,Hobbs,NM,32.774,-103.188,verified,1349,results_model,https://uswathletics.com/,https://www.rankedxi.com/crests/naia-university-of-the-southwest-mustangs.png
viterbo-university-v-hawks,Viterbo University V-Hawks,naia,NAIA,college,M,La Crosse,WI,43.803,-91.245,verified,1390,results_model,,https://www.rankedxi.com/crests/naia-viterbo-university-v-hawks.png
william-woods-university-owls,William Woods University Owls,naia,NAIA,college,M,Fulton,MO,38.861,-91.948,verified,1396,results_model,https://wwuowls.com/,https://www.rankedxi.com/crests/naia-william-woods-university-owls.png
west-virginia-university-institute-of-technology-golden-bears,West Virginia University Institute of Technology Golden Bears,naia,NAIA,college,M,Beckley,WV,37.776,-81.184,verified,1423,results_model,http://www.wvutech.edu,https://www.rankedxi.com/crests/naia-west-virginia-university-institute-of-technology-golden-bears.png
waldorf-university-warriors,Waldorf University Warriors,naia,NAIA,college,M,Forest City,IA,43.263,-93.64,verified,1297,results_model,https://waldorfwarriors.com/landing/index,https://www.rankedxi.com/crests/naia-waldorf-university-warriors.png
walla-walla-university-wolves,Walla Walla University Wolves,naia,NAIA,college,M,College Place,WA,46.047,-118.391,verified,1340,results_model,https://uwolves.com/,https://www.rankedxi.com/crests/naia-walla-walla-university-wolves.png
warner-university-royals,Warner University Royals,naia,NAIA,college,M,Lake Wales,FL,27.826,-81.602,verified,1334,results_model,http://www.warnerroyals.com/,https://www.rankedxi.com/crests/naia-warner-university-royals.png
warner-pacific-university-knights,Warner Pacific University Knights,naia,NAIA,college,M,Portland,OR,45.506,-122.593,verified,1401,results_model,http://www.warnerpacific.edu/,https://www.rankedxi.com/crests/naia-warner-pacific-university-knights.png
washington-adventist-university-shock,Washington Adventist University Shock,naia,NAIA,college,M,Takoma Park,MD,38.986,-77,verified,1308,results_model,https://www.wau.edu/,https://www.rankedxi.com/crests/naia-washington-adventist-university-shock.png
wayland-baptist-university-pioneers-flying-queens,Wayland Baptist University Pioneers & Flying Queens,naia,NAIA,college,M,Plainview,TX,34.187,-101.726,verified,1372,results_model,https://wbuathletics.com/,https://www.rankedxi.com/crests/naia-wayland-baptist-university-pioneers-flying-queens.png
webber-international-university-warriors,Webber International University Warriors,naia,NAIA,college,M,Babson Park,FL,27.84,-81.536,verified,1366,results_model,https://webberathletics.com/,https://www.rankedxi.com/crests/naia-webber-international-university-warriors.png
westcliff-university-warriors,Westcliff University Warriors,naia,NAIA,college,M,Irvine,CA,33.685,-117.848,verified,1388,results_model,,https://www.rankedxi.com/crests/naia-westcliff-university-warriors.png
wiley-university-wildcats,Wiley University Wildcats,naia,NAIA,college,M,Marshall,TX,32.537,-94.379,verified,1343,results_model,,https://www.rankedxi.com/crests/naia-wiley-university-wildcats.png
william-penn-university-statesmen,William Penn University Statesmen,naia,NAIA,college,M,Oskaloosa,IA,41.309,-92.648,verified,1413,results_model,http://www.wmpenn.edu,https://www.rankedxi.com/crests/naia-william-penn-university-statesmen.png
williams-baptist-university-eagles,Williams Baptist University Eagles,naia,NAIA,college,M,Walnut Ridge,AR,36.125,-90.94,verified,1375,results_model,http://williamsbu.edu/,https://www.rankedxi.com/crests/naia-williams-baptist-university-eagles.png
william-carey-university-crusaders,William Carey University Crusaders,naia,NAIA,college,M,Hattiesburg,MS,31.306,-89.291,verified,1406,results_model,https://gowcucrusaders.com/,https://www.rankedxi.com/crests/naia-william-carey-university-crusaders.png
xavier-university-of-louisiana-gold-rush-gold-nuggets,Xavier University of Louisiana Gold Rush & Gold Nuggets,naia,NAIA,college,M,New Orleans,LA,29.965,-90.107,verified,1399,results_model,,https://www.rankedxi.com/crests/naia-xavier-university-of-louisiana-gold-rush-gold-nuggets.png
york-university-panthers,York University Panthers,naia,NAIA,college,M,York,NE,40.87,-97.58,verified,1378,results_model,,https://www.rankedxi.com/crests/naia-york-university-panthers.png
athletic-club-boise,Athletic Club Boise,usl1,USL League One,pro,M,Garden City,ID,43.622,-116.238,verified,1626,real_results,,https://www.rankedxi.com/crests/usl1-athletic-club-boise.png
corpus-christi-fc,Corpus Christi FC,usl1,USL League One,pro,M,Corpus Christi,TX,27.764,-97.403,verified,1595,real_results,,https://www.rankedxi.com/crests/usl1-corpus-christi-fc.png
fort-wayne-fc,Fort Wayne FC,usl1,USL League One,pro,M,Fort Wayne,IN,41.08,-85.139,verified,1613,real_results,,https://www.rankedxi.com/crests/usl1-fort-wayne-fc.png
new-york-cosmos,New York Cosmos,usl1,USL League One,pro,M,Paterson,NJ,40.917,-74.172,verified,1520,real_results,,
new-york-city-fc-ii,New York City FC II,mnp,MLS Next Pro,pro,M,Queens,NY,40.714,-73.828,verified,1562,real_results,,https://www.rankedxi.com/crests/mnp-new-york-city-fc-ii.png
st-louis-city-2,St. Louis City 2,mnp,MLS Next Pro,pro,M,St. Louis,MO,38.625,-90.19,verified,1525,real_results,,https://www.rankedxi.com/crests/mnp-st-louis-city-2.png
sarasota-paradise-usl1,Sarasota Paradise,usl1,USL League One,pro,M,Lakewood Ranch,FL,27.409,-82.393,verified,1553,real_results,,https://www.rankedxi.com/crests/upsl-sarasota-paradise.png
be-pro-fc,Be Pro FC,swpl,Southwest Premier League,amateur,M,Las Vegas,NV,36.167,-115.148,approximate,,,,https://www.rankedxi.com/crests/swpl-be-pro-fc.png
club-atletico-vegas,Club Atlético Vegas,swpl,Southwest Premier League,amateur,M,Vegas,NV,36.167,-115.148,verified,,,,https://www.rankedxi.com/crests/swpl-club-atletico-vegas.png
e-player-development,E. Player Development,swpl,Southwest Premier League,amateur,M,Las Vegas,NV,36.167,-115.148,approximate,,,,https://www.rankedxi.com/crests/swpl-e-player-development.png
los-toyz-lv,Los Toyz LV,swpl,Southwest Premier League,amateur,M,Las Vegas,NV,36.167,-115.148,approximate,,,,https://www.rankedxi.com/crests/swpl-los-toyz-lv.png
nevada-rush-academy,Nevada Rush Academy,swpl,Southwest Premier League,amateur,M,Nevada,NV,39.263,-121.019,verified,,,,https://www.rankedxi.com/crests/swpl-nevada-rush-academy.png
sin-city-fc-mafia,Sin City FC Mafia,swpl,Southwest Premier League,amateur,M,Las Vegas,NV,36.167,-115.148,approximate,,,,https://www.rankedxi.com/crests/swpl-sin-city-fc-mafia.png
soccer-academy-nevada,Soccer Academy Nevada,swpl,Southwest Premier League,amateur,M,Nevada,NV,39.263,-121.019,verified,,,,https://www.rankedxi.com/crests/swpl-soccer-academy-nevada.png
stg-premier-pro,STG Premier Pro,swpl,Southwest Premier League,amateur,M,Las Vegas,NV,36.167,-115.148,approximate,,,,https://www.rankedxi.com/crests/swpl-stg-premier-pro.png
villarreal-lv-united-fc,Villarreal LV United FC,swpl,Southwest Premier League,amateur,M,Las Vegas,NV,36.167,-115.148,approximate,,,,https://www.rankedxi.com/crests/swpl-villarreal-lv-united-fc.png
las-vegas-united-fc,Las Vegas United FC,swpl,Southwest Premier League,amateur,M,Las Vegas,NV,36.167,-115.148,verified,,,,https://www.rankedxi.com/crests/swpl-las-vegas-united-fc.png
nellis-fc,Nellis FC,swpl,Southwest Premier League,amateur,M,Nellis,NV,36.242,-115.043,verified,,,,https://www.rankedxi.com/crests/swpl-nellis-fc.png
sin-city-fc-mob,Sin City FC Mob,swpl,Southwest Premier League,amateur,M,Las Vegas,NV,36.167,-115.148,approximate,,,,https://www.rankedxi.com/crests/swpl-sin-city-fc-mob.png
stg-premier,STG Premier,swpl,Southwest Premier League,amateur,M,Las Vegas,NV,36.167,-115.148,approximate,,,,https://www.rankedxi.com/crests/swpl-stg-premier.png
dublin-celtic-fc,Dublin Celtic FC,swpl,Southwest Premier League,amateur,M,Dublin,CA,37.702,-121.936,verified,,,,https://www.rankedxi.com/crests/swpl-dublin-celtic-fc.png
in-motion-fc,In Motion FC,swpl,Southwest Premier League,amateur,M,San Jose,CA,37.336,-121.891,approximate,,,,https://www.rankedxi.com/crests/swpl-in-motion-fc.png
santa-clara-sporting-club,Santa Clara Sporting Club,swpl,Southwest Premier League,amateur,M,Santa Clara,CA,37.233,-121.685,verified,,,,https://www.rankedxi.com/crests/swpl-santa-clara-sporting-club.png
silicon-valley-fc,Silicon Valley FC,swpl,Southwest Premier League,amateur,M,San Jose,CA,37.336,-121.891,approximate,,,,https://www.rankedxi.com/crests/swpl-silicon-valley-fc.png
south-san-francisco-ac,South San Francisco AC,swpl,Southwest Premier League,amateur,M,South San Francisco,CA,37.654,-122.417,verified,,,,https://www.rankedxi.com/crests/swpl-south-san-francisco-ac.png
f3-fc,F3 FC,swpl,Southwest Premier League,amateur,M,San Jose,CA,37.336,-121.891,approximate,,,,https://www.rankedxi.com/crests/swpl-f3-fc.png
jsc-jasa,JSC JASA,swpl,Southwest Premier League,amateur,M,San Jose,CA,37.336,-121.891,approximate,,,,https://www.rankedxi.com/crests/swpl-jsc-jasa.png
chula-vista-fc,Chula Vista FC,swpl,Southwest Premier League,amateur,M,Chula Vista,CA,32.64,-117.084,verified,,,,https://www.rankedxi.com/crests/swpl-chula-vista-fc.png
intra-f-c,Intra F.C.,swpl,Southwest Premier League,amateur,M,San Diego,CA,32.717,-117.163,approximate,,,,https://www.rankedxi.com/crests/swpl-intra-f-c.png
marte-fc,Marte FC,swpl,Southwest Premier League,amateur,M,San Diego,CA,32.717,-117.163,approximate,,,,https://www.rankedxi.com/crests/swpl-marte-fc.png
mcfc-socal,MCFC SoCal,swpl,Southwest Premier League,amateur,M,San Diego,CA,32.717,-117.163,approximate,,,,https://www.rankedxi.com/crests/swpl-mcfc-socal.png
academia-gullit,Academia Gullit,swpl,Southwest Premier League,amateur,M,Los Angeles,CA,34.054,-118.243,approximate,,,,https://www.rankedxi.com/crests/swpl-academia-gullit.png
academia-gullit-dos,Academia Gullit Dos,swpl,Southwest Premier League,amateur,M,Los Angeles,CA,34.054,-118.243,approximate,,,,https://www.rankedxi.com/crests/swpl-academia-gullit-dos.png
atlas-fc-south-bay,Atlas FC South Bay,swpl,Southwest Premier League,amateur,M,Atlas,CA,38.429,-122.248,verified,,,,https://www.rankedxi.com/crests/swpl-atlas-fc-south-bay.png
escuelas-river-los-angeles,Escuelas River Los Angeles,swpl,Southwest Premier League,amateur,M,Los Angeles,CA,34.054,-118.243,approximate,,,,https://www.rankedxi.com/crests/swpl-escuelas-river-los-angeles.png
inland-empire-fc,Inland Empire FC,swpl,Southwest Premier League,amateur,M,Los Angeles,CA,34.054,-118.243,approximate,,,,https://www.rankedxi.com/crests/swpl-inland-empire-fc.png
racing-la-dfc,Racing LA DFC,swpl,Southwest Premier League,amateur,M,Los Angeles,CA,34.054,-118.243,approximate,,,,https://www.rankedxi.com/crests/swpl-racing-la-dfc.png
artesia-des-fc,Artesia DES FC,swpl,Southwest Premier League,amateur,M,Artesia,CA,33.869,-118.08,verified,,,,https://www.rankedxi.com/crests/swpl-artesia-des-fc.png
lions-soccer-club,Lions Soccer Club,swpl,Southwest Premier League,amateur,M,Los Angeles,CA,34.054,-118.243,approximate,,,,https://www.rankedxi.com/crests/swpl-lions-soccer-club.png
amsg-elite,AMSG Elite,swpl,Southwest Premier League,amateur,M,Los Angeles,CA,34.054,-118.243,approximate,,,,https://www.rankedxi.com/crests/swpl-amsg-elite.png
buena-park-fc,Buena Park FC,swpl,Southwest Premier League,amateur,M,Buena Park,CA,33.87,-117.996,verified,,,,https://www.rankedxi.com/crests/swpl-buena-park-fc.png
fcuk,FCUK,swpl,Southwest Premier League,amateur,M,Los Angeles,CA,34.054,-118.243,approximate,,,,https://www.rankedxi.com/crests/swpl-fcuk.png
forza-sc,Forza SC,swpl,Southwest Premier League,amateur,M,Los Angeles,CA,34.054,-118.243,approximate,,,,https://www.rankedxi.com/crests/swpl-forza-sc.png
zapa-fc,Zapa FC,swpl,Southwest Premier League,amateur,M,Los Angeles,CA,34.054,-118.243,approximate,,,,https://www.rankedxi.com/crests/swpl-zapa-fc.png
fas-usa,FAS USA,swpl,Southwest Premier League,amateur,M,Los Angeles,CA,34.054,-118.243,approximate,,,,https://www.rankedxi.com/crests/swpl-fas-usa.png
fontana-legacy-fc,Fontana Legacy FC,swpl,Southwest Premier League,amateur,M,Fontana,CA,34.092,-117.434,verified,,,,https://www.rankedxi.com/crests/swpl-fontana-legacy-fc.png
fc-cypress,FC Cypress,swpl,Southwest Premier League,amateur,M,Cypress,CA,33.825,-118.04,verified,,,,https://www.rankedxi.com/crests/swpl-fc-cypress.png
temecula-football-club,Temecula Football Club,swpl,Southwest Premier League,amateur,M,Temecula,CA,33.495,-117.147,verified,,,,https://www.rankedxi.com/crests/swpl-temecula-football-club.png
dc-monsters,DC Monsters,swpl,Southwest Premier League,amateur,M,Los Angeles,CA,34.054,-118.243,approximate,,,,https://www.rankedxi.com/crests/swpl-dc-monsters.png
gam-united,GAM United,mpl,Mountain Premier League,amateur,M,Denver,CO,39.739,-104.985,approximate,,,,https://www.rankedxi.com/crests/mpl-gam-united.png
timbers-sc-men,Timbers SC Men,mpl,Mountain Premier League,amateur,M,Denver,CO,39.739,-104.985,approximate,,,,https://www.rankedxi.com/crests/mpl-timbers-sc-men.png
co-switchbacks-2,CO Switchbacks 2,mpl,Mountain Premier League,amateur,M,Denver,CO,39.739,-104.985,approximate,,,,https://www.rankedxi.com/crests/mpl-co-switchbacks-2.png
boulder-united-fc-pumas,Boulder United FC Pumas,mpl,Mountain Premier League,amateur,M,Boulder,CO,40.015,-105.271,verified,,,,https://www.rankedxi.com/crests/mpl-boulder-united-fc-pumas.png
colorado-babondo-fc-2,Colorado Babondo FC 2,mpl,Mountain Premier League,amateur,M,Colorado,CO,38.834,-104.825,verified,,,,https://www.rankedxi.com/crests/mpl-colorado-babondo-fc-2.png
indios-denver-fc,Indios Denver FC,mpl,Mountain Premier League,amateur,M,Denver,CO,39.739,-104.985,approximate,,,,https://www.rankedxi.com/crests/mpl-indios-denver-fc.png
young-gunz-fc,Young Gunz FC,mpl,Mountain Premier League,amateur,M,Young,NM,35.269,-105.762,verified,,,,https://www.rankedxi.com/crests/mpl-young-gunz-fc.png
boulder-rollin-goats,Boulder Rollin Goats,mpl,Mountain Premier League,amateur,M,Boulder,CO,40.015,-105.271,verified,,,,https://www.rankedxi.com/crests/mpl-boulder-rollin-goats.png
carson-fc,Carson FC,mpl,Mountain Premier League,amateur,M,Carson,CO,39.308,-102.621,verified,,,,https://www.rankedxi.com/crests/mpl-carson-fc.png
rush-hour-fc,Rush Hour FC,mpl,Mountain Premier League,amateur,M,Rush,CO,38.84,-104.092,verified,,,,https://www.rankedxi.com/crests/mpl-rush-hour-fc.png
303-chivas-fc,303 Chivas FC,mpl,Mountain Premier League,amateur,M,Denver,CO,39.739,-104.985,approximate,,,,https://www.rankedxi.com/crests/mpl-303-chivas-fc.png
bohfs-st-louis,BOHFS St. Louis,mwpl,Midwest Premier League,amateur,M,St. Louis,MO,38.625,-90.19,verified,,,,https://www.rankedxi.com/crests/mwpl-bohfs-st-louis.png
ehtar-belleville,Ehtar Belleville,mwpl,Midwest Premier League,amateur,M,Belleville,IL,38.514,-89.984,verified,,,,https://www.rankedxi.com/crests/mwpl-ehtar-belleville.png
fc-kirkwood,FC Kirkwood,mwpl,Midwest Premier League,amateur,M,Kirkwood,MO,38.58,-90.407,verified,,,,https://www.rankedxi.com/crests/mwpl-fc-kirkwood.png
stl-development-academy,STL Development Academy,mwpl,Midwest Premier League,amateur,M,Maryland Heights,MO,38.715,-90.436,verified,,,,https://www.rankedxi.com/crests/mwpl-stl-development-academy.png
st-louis-stars-sc,St. Louis Stars SC,mwpl,Midwest Premier League,amateur,M,St. Louis,MO,38.625,-90.19,verified,,,,https://www.rankedxi.com/crests/mwpl-st-louis-stars-sc.png
pearl-city-sc,Pearl City SC,mwpl,Midwest Premier League,amateur,M,Muscatine,IA,41.478,-91.121,verified,,,,https://www.rankedxi.com/crests/mwpl-pearl-city-sc.png
st-louis-fusion-fc,St. Louis Fusion FC,mwpl,Midwest Premier League,amateur,M,St. Louis,MO,38.625,-90.19,verified,,,,https://www.rankedxi.com/crests/mwpl-st-louis-fusion-fc.png
southeast-soccer-academy,Southeast Soccer Academy,mwpl,Midwest Premier League,amateur,M,Burlington,IA,40.813,-91.102,verified,,,,https://www.rankedxi.com/crests/mwpl-southeast-soccer-academy.png
st-louis-scott-gallagher,St. Louis Scott Gallagher,mwpl,Midwest Premier League,amateur,M,St. Louis,MO,38.625,-90.19,verified,,,,https://www.rankedxi.com/crests/mwpl-st-louis-scott-gallagher.png
afc-columbia,AFC Columbia,mwpl,Midwest Premier League,amateur,M,Columbia,MO,38.952,-92.334,verified,,,,https://www.rankedxi.com/crests/mwpl-afc-columbia.png
southside-fc,Southside FC,mwpl,Midwest Premier League,amateur,M,Grandview,MO,38.89,-94.531,verified,,,,https://www.rankedxi.com/crests/mwpl-southside-fc.png
first-city-fc,First City FC,mwpl,Midwest Premier League,amateur,M,Leavenworth,KS,39.311,-94.923,verified,,,,https://www.rankedxi.com/crests/mwpl-first-city-fc.png
great-plains-fc,Great Plains FC,mwpl,Midwest Premier League,amateur,M,Shawnee,KS,39.027,-95.763,verified,,,,https://www.rankedxi.com/crests/mwpl-great-plains-fc.png
woodland-fc,Woodland FC,mwpl,Midwest Premier League,amateur,M,Shawnee,KS,39.027,-95.763,verified,,,,https://www.rankedxi.com/crests/mwpl-woodland-fc.png
cedars-fc,Cedars FC,mwpl,Midwest Premier League,amateur,M,Dearborn,MI,42.322,-83.176,verified,,,,https://www.rankedxi.com/crests/mwpl-cedars-fc.png
fc-pontiac-mwpl,FC Pontiac,mwpl,Midwest Premier League,amateur,M,Pontiac,MI,42.639,-83.291,verified,,,,https://www.rankedxi.com/crests/mwpl-fc-pontiac-mwpl.png
futsal-factory-academy,Futsal Factory Academy,mwpl,Midwest Premier League,amateur,M,Dexter,MI,42.337,-83.884,verified,,,,https://www.rankedxi.com/crests/mwpl-futsal-factory-academy.png
michigan-development-academy,Michigan Development Academy,mwpl,Midwest Premier League,amateur,M,Pontiac,MI,42.639,-83.291,verified,,,,https://www.rankedxi.com/crests/mwpl-michigan-development-academy.png
michigan-jaguars,Michigan Jaguars,mwpl,Midwest Premier League,amateur,M,Novi,MI,42.481,-83.475,verified,,,,https://www.rankedxi.com/crests/mwpl-michigan-jaguars.png
holland-struikrovers,Holland Struikrovers,mwpl,Midwest Premier League,amateur,M,Holland,MI,42.788,-86.109,verified,,,,https://www.rankedxi.com/crests/mwpl-holland-struikrovers.png
tulip-city-united-sc,Tulip City United SC,mwpl,Midwest Premier League,amateur,M,Holland,MI,42.788,-86.109,verified,,,,https://www.rankedxi.com/crests/mwpl-tulip-city-united-sc.png
goshen-city-fc,Goshen City FC,mwpl,Midwest Premier League,amateur,M,Goshen,IN,41.585,-85.834,verified,,,,https://www.rankedxi.com/crests/mwpl-goshen-city-fc.png
lansing-common-fc,Lansing Common FC,mwpl,Midwest Premier League,amateur,M,Lansing,MI,42.734,-84.555,verified,,,,https://www.rankedxi.com/crests/mwpl-lansing-common-fc.png
afc-roscoe,AFC Roscoe,mwpl,Midwest Premier League,amateur,M,Chicago,IL,41.876,-87.624,verified,,,,https://www.rankedxi.com/crests/mwpl-afc-roscoe.png
chicago-house-ac-mwpl,Chicago House AC,mwpl,Midwest Premier League,amateur,M,Chicago,IL,41.876,-87.624,verified,,,https://www.chicagohouseac.com/,https://www.rankedxi.com/crests/mwpl-chicago-house-ac-mwpl.png
bavarian-united,Bavarian United,mwpl,Midwest Premier League,amateur,M,Milwaukee,WI,43.039,-87.909,verified,,,,https://www.rankedxi.com/crests/mwpl-bavarian-united.png
cedar-rapids-inferno,Cedar Rapids Inferno,mwpl,Midwest Premier League,amateur,M,Cedar Rapids,IA,41.976,-91.67,verified,,,,https://www.rankedxi.com/crests/mwpl-cedar-rapids-inferno.png
green-bay-glory-mwpl,Green Bay Glory,mwpl,Midwest Premier League,amateur,M,Green Bay,WI,44.513,-88.013,verified,,,http://greenbayglory.com,https://www.rankedxi.com/crests/mwpl-green-bay-glory-mwpl.png
aac-eagles,AAC Eagles,mwpl,Midwest Premier League,amateur,M,Chicago,IL,41.876,-87.624,verified,,,,https://www.rankedxi.com/crests/mwpl-aac-eagles.png
czarni-jaslo,Czarni Jaslo,mwpl,Midwest Premier League,amateur,M,Chicago,IL,41.876,-87.624,verified,,,,https://www.rankedxi.com/crests/mwpl-czarni-jaslo.png
fc-select,FC Select,mwpl,Midwest Premier League,amateur,M,Chicago,IL,41.876,-87.624,verified,,,,https://www.rankedxi.com/crests/mwpl-fc-select.png
chicago-city-sc,Chicago City SC,mwpl,Midwest Premier League,amateur,M,Chicago,IL,41.876,-87.624,verified,,,,https://www.rankedxi.com/crests/mwpl-chicago-city-sc.png
jahbat-fc,JaHbat FC,mwpl,Midwest Premier League,amateur,M,Evanston,IL,42.047,-87.685,verified,,,,https://www.rankedxi.com/crests/mwpl-jahbat-fc.png
chicago-ghost-fc,Chicago Ghost FC,mwpl,Midwest Premier League,amateur,M,Chicago,IL,41.876,-87.624,verified,,,,https://www.rankedxi.com/crests/mwpl-chicago-ghost-fc.png
dekalb-county-united-mwpl,DeKalb County United,mwpl,Midwest Premier League,amateur,M,Dekalb,IL,41.89,-88.771,verified,,,,https://www.rankedxi.com/crests/mwpl-dekalb-county-united-mwpl.png
madison-fire,Madison Fire,mwpl,Midwest Premier League,amateur,M,Madison,WI,43.075,-89.384,verified,,,,https://www.rankedxi.com/crests/mwpl-madison-fire.png
3rsc-men,3RSC Men,cpl,Cascadia Premier League,amateur,M,Seattle,WA,47.604,-122.33,approximate,,,,https://www.rankedxi.com/crests/cpl-3rsc-men.png
3rsc-women,3RSC Women,cplw,Cascadia Premier League,amateur,W,Seattle,WA,47.604,-122.33,approximate,,,,https://www.rankedxi.com/crests/cpl-3rsc-women.png
bellevue-valkyries,Bellevue Valkyries,cplw,Cascadia Premier League,amateur,W,Bellevue,WA,47.614,-122.192,verified,,,,https://www.rankedxi.com/crests/cpl-bellevue-valkyries.png
bellingham-united-fc,Bellingham United FC,cpl,Cascadia Premier League,amateur,M,Bellingham,WA,48.754,-122.479,verified,,,,https://www.rankedxi.com/crests/cpl-bellingham-united-fc.png
crossfire,Crossfire,cpl,Cascadia Premier League,amateur,M,Seattle,WA,47.604,-122.33,approximate,,,,https://www.rankedxi.com/crests/cpl-crossfire.png
eastside-fc,Eastside FC,cpl,Cascadia Premier League,amateur,M,Eastside,WA,47.215,-122.414,verified,,,,https://www.rankedxi.com/crests/cpl-eastside-fc.png
gillen-fc,Gillen FC,cpl,Cascadia Premier League,amateur,M,Seattle,WA,47.604,-122.33,approximate,,,,https://www.rankedxi.com/crests/cpl-gillen-fc.png
harbor-trident,Harbor Trident,cpl,Cascadia Premier League,amateur,M,Harbor,WA,47.174,-123.866,verified,,,,https://www.rankedxi.com/crests/cpl-harbor-trident.png
harbor-trident-women,Harbor Trident Women,cplw,Cascadia Premier League,amateur,W,Harbor,WA,47.174,-123.866,verified,,,,https://www.rankedxi.com/crests/cpl-harbor-trident-women.png
mt-rainier-fc,Mt. Rainier FC,cpl,Cascadia Premier League,amateur,M,Mt.,WA,39.685,-74.606,verified,,,,https://www.rankedxi.com/crests/cpl-mt-rainier-fc.png
pacific-northwest-sc,Pacific Northwest SC,cpl,Cascadia Premier League,amateur,M,Pacific,WA,46.533,-123.768,verified,,,,https://www.rankedxi.com/crests/cpl-pacific-northwest-sc.png
sparta-tacoma,Sparta Tacoma,cpl,Cascadia Premier League,amateur,M,Sparta,WA,40.029,-80.319,verified,,,,https://www.rankedxi.com/crests/cpl-sparta-tacoma.png
spirit-spokane,Spirit Spokane,cpl,Cascadia Premier League,amateur,M,Spirit,WA,48.83,-117.651,verified,,,,https://www.rankedxi.com/crests/cpl-spirit-spokane.png
spokane-lions,Spokane Lions,cpl,Cascadia Premier League,amateur,M,Spokane,WA,47.657,-117.424,verified,,,,https://www.rankedxi.com/crests/cpl-spokane-lions.png
spokane-shadow,Spokane Shadow,cpl,Cascadia Premier League,amateur,M,Spokane,WA,47.657,-117.424,verified,,,,https://www.rankedxi.com/crests/cpl-spokane-shadow.png
spokane-shadow-women,Spokane Shadow Women,cplw,Cascadia Premier League,amateur,W,Spokane,WA,47.657,-117.424,verified,,,,https://www.rankedxi.com/crests/cpl-spokane-shadow-women.png
tacoma-galaxy-ii,Tacoma Galaxy II,cpl,Cascadia Premier League,amateur,M,Tacoma,WA,47.246,-122.438,verified,,,,https://www.rankedxi.com/crests/cpl-tacoma-galaxy-ii.png
washington-east-surf-sc,Washington East Surf SC,cpl,Cascadia Premier League,amateur,M,Washington East,WA,40.174,-80.238,verified,,,,https://www.rankedxi.com/crests/cpl-washington-east-surf-sc.png
washington-east-surf-sc-women,Washington East Surf SC Women,cplw,Cascadia Premier League,amateur,W,Washington East,WA,40.174,-80.238,verified,,,,https://www.rankedxi.com/crests/cpl-washington-east-surf-sc-women.png
washington-premier-fc,Washington Premier FC,cpl,Cascadia Premier League,amateur,M,Washington,WA,40.171,-80.245,verified,,,,https://www.rankedxi.com/crests/cpl-washington-premier-fc.png
washington-premier-fc-m,Washington Premier FC (M),cpl,Cascadia Premier League,amateur,M,Washington,WA,40.171,-80.245,verified,,,,https://www.rankedxi.com/crests/cpl-washington-premier-fc-m.png
wenatchee-all-stars-women,Wenatchee All-Stars Women,cplw,Cascadia Premier League,amateur,W,Wenatchee,WA,47.423,-120.31,verified,,,,https://www.rankedxi.com/crests/cpl-wenatchee-all-stars-women.png
abilene-christian-university-wildcats-w,Abilene Christian University Wildcats,ncaa1w,NCAA Division I Women's,college,W,Abilene,TX,32.469,-99.708,verified,1601,results_model,https://acusports.com/index.aspx?path=mbball,https://www.rankedxi.com/crests/ncaa1w-abilene-christian-university-wildcats.png
united-states-air-force-academy-falcons-w,United States Air Force Academy Falcons,ncaa1w,NCAA Division I Women's,college,W,El Paso,CO,38.979,-104.864,verified,1627,results_model,https://www.airforce.com/,https://www.rankedxi.com/crests/ncaa1w-united-states-air-force-academy-falcons.png
the-university-of-akron-zips-w,The University of Akron Zips,ncaa1w,NCAA Division I Women's,college,W,Akron,OH,41.075,-81.511,verified,1581,results_model,https://gozips.com/,https://www.rankedxi.com/crests/ncaa1w-the-university-of-akron-zips.png
the-university-of-alabama-crimson-tide-w,The University of Alabama Crimson Tide,ncaa1w,NCAA Division I Women's,college,W,Tuscaloosa,AL,33.211,-87.546,verified,1682,results_model,,https://www.rankedxi.com/crests/ncaa1w-the-university-of-alabama-crimson-tide.png
alabama-agricultural-and-mechanical-university-bulldogs-w,Alabama Agricultural and Mechanical University Bulldogs,ncaa1w,NCAA Division I Women's,college,W,Normal,AL,34.783,-86.569,verified,1525,results_model,https://aamusports.com/,https://www.rankedxi.com/crests/ncaa1w-alabama-agricultural-and-mechanical-university-bulldogs.png
alabama-state-university-hornets-w,Alabama State University Hornets,ncaa1w,NCAA Division I Women's,college,W,Montgomery,AL,32.364,-86.295,verified,1500,results_model,http://www.alasu.edu,https://www.rankedxi.com/crests/ncaa1w-alabama-state-university-hornets.png
alcorn-state-university-braves-w,Alcorn State University Braves,ncaa1w,NCAA Division I Women's,college,W,Lorman,MS,31.877,-91.141,verified,1517,results_model,,https://www.rankedxi.com/crests/ncaa1w-alcorn-state-university-braves.png
american-university-eagles-w,American University Eagles,ncaa1w,NCAA Division I Women's,college,W,Washington,DC,38.937,-77.087,verified,1570,results_model,http://www.aueagles.com/,https://www.rankedxi.com/crests/ncaa1w-american-university-eagles.png
appalachian-state-university-mountaineers-w,Appalachian State University Mountaineers,ncaa1w,NCAA Division I Women's,college,W,Boone,NC,36.214,-81.679,verified,1621,results_model,http://www.appstate.edu/,https://www.rankedxi.com/crests/ncaa1w-appalachian-state-university-mountaineers.png
university-of-arizona-wildcats-w,University of Arizona Wildcats,ncaa1w,NCAA Division I Women's,college,W,Tucson,AZ,32.232,-110.953,verified,1657,results_model,http://www.arizonawildcats.com/,https://www.rankedxi.com/crests/ncaa1w-university-of-arizona-wildcats.png
arizona-state-university-sun-devils-w,Arizona State University Sun Devils,ncaa1w,NCAA Division I Women's,college,W,Tempe,AZ,33.421,-111.934,verified,1670,results_model,https://sundevils.com/sports/mens/basketball,https://www.rankedxi.com/crests/ncaa1w-arizona-state-university-sun-devils.png
university-of-arkansas-at-little-rock-trojans-w,University of Arkansas at Little Rock Trojans,ncaa1w,NCAA Division I Women's,college,W,Little Rock,AR,34.722,-92.341,verified,1570,results_model,https://ualr.edu/,https://www.rankedxi.com/crests/ncaa1w-university-of-arkansas-at-little-rock-trojans.png
university-of-arkansas-at-pine-bluff-golden-lions-w,University of Arkansas at Pine Bluff Golden Lions,ncaa1w,NCAA Division I Women's,college,W,Pine Bluff,AR,34.242,-92.02,verified,1500,results_model,http://www.uapb.edu,https://www.rankedxi.com/crests/ncaa1w-university-of-arkansas-at-pine-bluff-golden-lions.png
university-of-arkansas-razorbacks-w,University of Arkansas Razorbacks,ncaa1w,NCAA Division I Women's,college,W,Fayetteville,AR,36.069,-94.176,verified,1691,results_model,http://www.arkansasrazorbacks.com/sport/m-basebl/,https://www.rankedxi.com/crests/ncaa1w-university-of-arkansas-razorbacks.png
arkansas-state-university-red-wolves-w,Arkansas State University Red Wolves,ncaa1w,NCAA Division I Women's,college,W,Jonesboro,AR,35.841,-90.68,verified,1594,results_model,https://www.astate.edu/,https://www.rankedxi.com/crests/ncaa1w-arkansas-state-university-red-wolves.png
united-states-military-academy-black-knights-w,United States Military Academy Black Knights,ncaa1w,NCAA Division I Women's,college,W,Highlands,NY,41.391,-73.966,verified,1636,results_model,https://www.westpoint.edu,https://www.rankedxi.com/crests/ncaa1w-united-states-military-academy-black-knights.png
auburn-university-tigers-w,Auburn University Tigers,ncaa1w,NCAA Division I Women's,college,W,Auburn,AL,32.603,-85.486,verified,1658,results_model,https://auburntigers.com/sports/mens-basketball,https://www.rankedxi.com/crests/ncaa1w-auburn-university-tigers.png
austin-peay-state-university-governors-w,Austin Peay State University Governors,ncaa1w,NCAA Division I Women's,college,W,Clarksville,TN,36.532,-87.355,verified,1552,results_model,http://www.apsu.edu,https://www.rankedxi.com/crests/ncaa1w-austin-peay-state-university-governors.png
brigham-young-university-cougars-w,Brigham Young University Cougars,ncaa1w,NCAA Division I Women's,college,W,Provo,UT,40.25,-111.649,verified,1700,results_model,https://www.byu.edu/,https://www.rankedxi.com/crests/ncaa1w-brigham-young-university-cougars.png
ball-state-university-cardinals-w,Ball State University Cardinals,ncaa1w,NCAA Division I Women's,college,W,Muncie,IN,40.198,-85.409,verified,1628,results_model,http://www.bsu.edu,https://www.rankedxi.com/crests/ncaa1w-ball-state-university-cardinals.png
baylor-university-bears-w,Baylor University Bears,ncaa1w,NCAA Division I Women's,college,W,Waco,TX,31.548,-97.116,verified,1700,results_model,,https://www.rankedxi.com/crests/ncaa1w-baylor-university-bears.png
bellarmine-university-knights-w,Bellarmine University Knights,ncaa1w,NCAA Division I Women's,college,W,Louisville,KY,38.254,-85.759,verified,1600,results_model,,https://www.rankedxi.com/crests/ncaa1w-bellarmine-university-knights.png
belmont-university-bruins-w,Belmont University Bruins,ncaa1w,NCAA Division I Women's,college,W,Nashville,TN,36.162,-86.774,verified,1586,results_model,https://belmontbruins.com/sports/mens-basketball,https://www.rankedxi.com/crests/ncaa1w-belmont-university-bruins.png
state-university-of-new-york-at-binghamton-bearcats-w,State University of New York at Binghamton Bearcats,ncaa1w,NCAA Division I Women's,college,W,Binghamton,NY,42.089,-75.967,verified,1620,results_model,,https://www.rankedxi.com/crests/ncaa1w-state-university-of-new-york-at-binghamton-bearcats.png
boise-state-university-broncos-w,Boise State University Broncos,ncaa1w,NCAA Division I Women's,college,W,Boise,ID,43.604,-116.204,verified,1637,results_model,http://www.boisestate.edu,https://www.rankedxi.com/crests/ncaa1w-boise-state-university-broncos.png
boston-college-eagles-w,Boston College Eagles,ncaa1w,NCAA Division I Women's,college,W,Newton,MA,42.33,-71.195,verified,1641,results_model,http://bceagles.com/index.aspx?path=mbball,https://www.rankedxi.com/crests/ncaa1w-boston-college-eagles.png
boston-university-terriers-w,Boston University Terriers,ncaa1w,NCAA Division I Women's,college,W,Boston,MA,42.359,-71.058,verified,1625,results_model,http://www.goterriers.com/index.aspx?path=mbball,https://www.rankedxi.com/crests/ncaa1w-boston-university-terriers.png
bowling-green-state-university-falcons-w,Bowling Green State University Falcons,ncaa1w,NCAA Division I Women's,college,W,Bowling Green,OH,41.375,-83.651,verified,1623,results_model,https://bgsu.edu,https://www.rankedxi.com/crests/ncaa1w-bowling-green-state-university-falcons.png
brown-university-bears-w,Brown University Bears,ncaa1w,NCAA Division I Women's,college,W,Providence,RI,41.824,-71.413,verified,1647,results_model,http://www.brownbears.com,https://www.rankedxi.com/crests/ncaa1w-brown-university-bears.png
bryant-university-bulldogs-w,Bryant University Bulldogs,ncaa1w,NCAA Division I Women's,college,W,Smithfield,RI,41.922,-71.55,verified,1598,results_model,,https://www.rankedxi.com/crests/ncaa1w-bryant-university-bulldogs.png
bucknell-university-bison-w,Bucknell University Bison,ncaa1w,NCAA Division I Women's,college,W,Lewisburg,PA,40.965,-76.885,verified,1583,results_model,http://www.bucknellbison.com/SportSelect.dbml?SPID=137628&SPSID=810391&DB_OEM_ID=32100,https://www.rankedxi.com/crests/ncaa1w-bucknell-university-bison.png
state-university-of-new-york-at-buffalo-bulls-w,State University of New York at Buffalo Bulls,ncaa1w,NCAA Division I Women's,college,W,Buffalo,NY,43,-78.789,verified,1635,results_model,,https://www.rankedxi.com/crests/ncaa1w-state-university-of-new-york-at-buffalo-bulls.png
butler-university-bulldogs-w,Butler University Bulldogs,ncaa1w,NCAA Division I Women's,college,W,Indianapolis,IN,39.768,-86.158,verified,1639,results_model,https://butlersports.com/sports/mens-basketball,https://www.rankedxi.com/crests/ncaa1w-butler-university-bulldogs.png
central-michigan-university-chippewas-w,Central Michigan University Chippewas,ncaa1w,NCAA Division I Women's,college,W,Mount Pleasant,MI,43.59,-84.778,verified,1565,results_model,https://www.cmich.edu/,https://www.rankedxi.com/crests/ncaa1w-central-michigan-university-chippewas.png
california-state-university-bakersfield-roadrunners-w,"California State University, Bakersfield Roadrunners",ncaa1w,NCAA Division I Women's,college,W,Bakersfield,CA,35.374,-119.019,verified,1629,results_model,https://gorunners.com/,https://www.rankedxi.com/crests/ncaa1w-california-state-university-bakersfield-roadrunners.png
california-state-university-fullerton-titans-w,"California State University, Fullerton Titans",ncaa1w,NCAA Division I Women's,college,W,Fullerton,CA,33.871,-117.929,verified,1660,results_model,http://www.fullertontitans.com/sports/m-baskbl/index,https://www.rankedxi.com/crests/ncaa1w-california-state-university-fullerton-titans.png
california-state-university-northridge-matadors-w,"California State University, Northridge Matadors",ncaa1w,NCAA Division I Women's,college,W,Los Angeles,CA,34.235,-118.537,verified,1631,results_model,http://www.gomatadors.com/,https://www.rankedxi.com/crests/ncaa1w-california-state-university-northridge-matadors.png
california-state-university-sacramento-hornets-w,"California State University, Sacramento Hornets",ncaa1w,NCAA Division I Women's,college,W,Sacramento,CA,38.581,-121.494,verified,1601,results_model,https://hornetsports.com/,https://www.rankedxi.com/crests/ncaa1w-california-state-university-sacramento-hornets.png
california-baptist-university-lancers-w,California Baptist University Lancers,ncaa1w,NCAA Division I Women's,college,W,Riverside,CA,33.982,-117.374,verified,1633,results_model,http://www.cbulancers.com/,https://www.rankedxi.com/crests/ncaa1w-california-baptist-university-lancers.png
california-polytechnic-state-university-mustangs-w,California Polytechnic State University Mustangs,ncaa1w,NCAA Division I Women's,college,W,San Luis Obispo,CA,35.304,-120.663,verified,1643,results_model,,https://www.rankedxi.com/crests/ncaa1w-california-polytechnic-state-university-mustangs.png
university-of-california-berkeley-golden-bears-w,"University of California, Berkeley Golden Bears",ncaa1w,NCAA Division I Women's,college,W,Berkeley,CA,37.871,-122.273,verified,1683,results_model,https://calbears.com/,https://www.rankedxi.com/crests/ncaa1w-university-of-california-berkeley-golden-bears.png
campbell-university-fighting-camels-w,Campbell University Fighting Camels,ncaa1w,NCAA Division I Women's,college,W,Harnett,NC,35.412,-78.737,verified,1583,results_model,https://www.campbell.edu,https://www.rankedxi.com/crests/ncaa1w-campbell-university-fighting-camels.png
canisius-university-golden-griffins-w,Canisius University Golden Griffins,ncaa1w,NCAA Division I Women's,college,W,Buffalo,NY,42.886,-78.878,verified,1585,results_model,http://www.canisius.edu,https://www.rankedxi.com/crests/ncaa1w-canisius-university-golden-griffins.png
university-of-central-arkansas-bears-w,University of Central Arkansas Bears,ncaa1w,NCAA Division I Women's,college,W,Conway,AR,35.089,-92.44,verified,1588,results_model,,https://www.rankedxi.com/crests/ncaa1w-university-of-central-arkansas-bears.png
central-connecticut-state-university-blue-devils-w,Central Connecticut State University Blue Devils,ncaa1w,NCAA Division I Women's,college,W,New Britain,CT,41.661,-72.78,verified,1565,results_model,http://www.ccsu.edu,https://www.rankedxi.com/crests/ncaa1w-central-connecticut-state-university-blue-devils.png
charleston-southern-university-buccaneers-w,Charleston Southern University Buccaneers,ncaa1w,NCAA Division I Women's,college,W,North Charleston,SC,32.981,-80.071,verified,1548,results_model,http://www.csusports.com,https://www.rankedxi.com/crests/ncaa1w-charleston-southern-university-buccaneers.png
university-of-north-carolina-at-charlotte-49ers-w,University of North Carolina at Charlotte 49ers,ncaa1w,NCAA Division I Women's,college,W,Charlotte,NC,35.227,-80.843,verified,1643,results_model,,https://www.rankedxi.com/crests/ncaa1w-university-of-north-carolina-at-charlotte-49ers.png
the-university-of-tennessee-at-chattanooga-mocs-w,The University of Tennessee at Chattanooga Mocs,ncaa1w,NCAA Division I Women's,college,W,Chattanooga,TN,35.046,-85.3,verified,1611,results_model,https://gomocs.com/,https://www.rankedxi.com/crests/ncaa1w-the-university-of-tennessee-at-chattanooga-mocs.png
chicago-state-university-cougars-w,Chicago State University Cougars,ncaa1w,NCAA Division I Women's,college,W,Chicago,IL,41.876,-87.624,verified,1528,results_model,http://www.gocsucougars.com/,https://www.rankedxi.com/crests/ncaa1w-chicago-state-university-cougars.png
university-of-cincinnati-bearcats-w,University of Cincinnati Bearcats,ncaa1w,NCAA Division I Women's,college,W,Cincinnati,OH,39.133,-84.515,verified,1650,results_model,,https://www.rankedxi.com/crests/ncaa1w-university-of-cincinnati-bearcats.png
the-citadel-the-military-college-of-south-carolina-bulldogs-w,"The Citadel, The Military College of South Carolina Bulldogs",ncaa1w,NCAA Division I Women's,college,W,Charleston,SC,32.797,-79.961,verified,1545,results_model,http://www.citadel.edu,https://www.rankedxi.com/crests/ncaa1w-the-citadel-the-military-college-of-south-carolina-bulldogs.png
clemson-university-tigers-w,Clemson University Tigers,ncaa1w,NCAA Division I Women's,college,W,Clemson,SC,34.685,-82.836,verified,1681,results_model,https://clemsontigers.com/,https://www.rankedxi.com/crests/ncaa1w-clemson-university-tigers.png
cleveland-state-university-vikings-w,Cleveland State University Vikings,ncaa1w,NCAA Division I Women's,college,W,Cleveland,OH,41.5,-81.694,verified,1567,results_model,http://www.csuvikings.com,https://www.rankedxi.com/crests/ncaa1w-cleveland-state-university-vikings.png
coastal-carolina-university-chanticleers-w,Coastal Carolina University Chanticleers,ncaa1w,NCAA Division I Women's,college,W,Conway,SC,33.836,-79.048,verified,1594,results_model,http://www.coastal.edu,https://www.rankedxi.com/crests/ncaa1w-coastal-carolina-university-chanticleers.png
college-of-charleston-cougars-w,College of Charleston Cougars,ncaa1w,NCAA Division I Women's,college,W,Charleston,SC,32.788,-79.94,verified,1621,results_model,http://www.cofcsports.com/,https://www.rankedxi.com/crests/ncaa1w-college-of-charleston-cougars.png
colgate-university-raiders-w,Colgate University Raiders,ncaa1w,NCAA Division I Women's,college,W,Lake Pleasant,NY,43.631,-74.466,verified,1611,results_model,https://gocolgateraiders.com/index.aspx?path=mbball,https://www.rankedxi.com/crests/ncaa1w-colgate-university-raiders.png
university-of-colorado-boulder-buffaloes-w,University of Colorado Boulder Buffaloes,ncaa1w,NCAA Division I Women's,college,W,Boulder,CO,40.007,-105.268,verified,1708,results_model,https://www.colorado.edu/,https://www.rankedxi.com/crests/ncaa1w-university-of-colorado-boulder-buffaloes.png
colorado-college-tigers-w,Colorado College Tigers,ncaa1w,NCAA Division I Women's,college,W,Colorado Springs,CO,38.848,-104.823,verified,1625,results_model,https://cctigers.com/,https://www.rankedxi.com/crests/ncaa1w-colorado-college-tigers.png
colorado-state-university-rams-w,Colorado State University Rams,ncaa1w,NCAA Division I Women's,college,W,Fort Collins,CO,40.576,-105.081,verified,1639,results_model,http://www.csurams.com/,https://www.rankedxi.com/crests/ncaa1w-colorado-state-university-rams.png
columbia-university-in-the-city-of-new-york-lions-w,Columbia University in the City of New York Lions,ncaa1w,NCAA Division I Women's,college,W,New York,NY,40.807,-73.962,verified,1627,results_model,https://columbia.edu,https://www.rankedxi.com/crests/ncaa1w-columbia-university-in-the-city-of-new-york-lions.png
university-of-connecticut-huskies-w,University of Connecticut Huskies,ncaa1w,NCAA Division I Women's,college,W,Mansfield,CT,41.809,-72.251,verified,1666,results_model,,https://www.rankedxi.com/crests/ncaa1w-university-of-connecticut-huskies.png
cornell-university-big-red-w,Cornell University Big Red,ncaa1w,NCAA Division I Women's,college,W,Ithaca,NY,42.437,-76.548,verified,1620,results_model,http://www.cornellbigred.com/,https://www.rankedxi.com/crests/ncaa1w-cornell-university-big-red.png
creighton-university-bluejays-w,Creighton University Bluejays,ncaa1w,NCAA Division I Women's,college,W,Omaha,NE,41.259,-95.938,verified,1642,results_model,,https://www.rankedxi.com/crests/ncaa1w-creighton-university-bluejays.png
dartmouth-college-big-green-w,Dartmouth College Big Green,ncaa1w,NCAA Division I Women's,college,W,Hanover,NH,43.702,-72.289,verified,1644,results_model,https://home.dartmouth.edu,https://www.rankedxi.com/crests/ncaa1w-dartmouth-college-big-green.png
davidson-college-wildcats-w,Davidson College Wildcats,ncaa1w,NCAA Division I Women's,college,W,Davidson,NC,35.79,-80.212,verified,1593,results_model,http://www.davidsonwildcats.com/index.aspx?path=mbball,https://www.rankedxi.com/crests/ncaa1w-davidson-college-wildcats.png
university-of-dayton-flyers-w,University of Dayton Flyers,ncaa1w,NCAA Division I Women's,college,W,Dayton,OH,39.759,-84.192,verified,1669,results_model,https://daytonflyers.com/,https://www.rankedxi.com/crests/ncaa1w-university-of-dayton-flyers.png
depaul-university-blue-demons-w,DePaul University Blue Demons,ncaa1w,NCAA Division I Women's,college,W,Chicago,IL,41.876,-87.624,verified,1603,results_model,http://www.depaul.edu,https://www.rankedxi.com/crests/ncaa1w-depaul-university-blue-demons.png
university-of-delaware-fightin-blue-hens-w,University of Delaware Fightin' Blue Hens,ncaa1w,NCAA Division I Women's,college,W,Newark,DE,39.683,-75.752,verified,1613,results_model,,https://www.rankedxi.com/crests/ncaa1w-university-of-delaware-fightin-blue-hens.png
delaware-state-university-hornets-w,Delaware State University Hornets,ncaa1w,NCAA Division I Women's,college,W,Dover,DE,39.186,-75.543,verified,1501,results_model,http://www.desu.edu,https://www.rankedxi.com/crests/ncaa1w-delaware-state-university-hornets.png
university-of-denver-pioneers-w,University of Denver Pioneers,ncaa1w,NCAA Division I Women's,college,W,Denver,CO,39.739,-104.985,verified,1642,results_model,https://denverpioneers.com/,https://www.rankedxi.com/crests/ncaa1w-university-of-denver-pioneers.png
university-of-detroit-mercy-titans-w,University of Detroit Mercy Titans,ncaa1w,NCAA Division I Women's,college,W,Detroit,MI,42.332,-83.047,verified,1547,results_model,https://www.udmercy.edu/,https://www.rankedxi.com/crests/ncaa1w-university-of-detroit-mercy-titans.png
drake-university-bulldogs-w,Drake University Bulldogs,ncaa1w,NCAA Division I Women's,college,W,Des Moines,IA,41.587,-93.625,verified,1604,results_model,http://www.godrakebulldogs.com,https://www.rankedxi.com/crests/ncaa1w-drake-university-bulldogs.png
drexel-university-dragons-w,Drexel University Dragons,ncaa1w,NCAA Division I Women's,college,W,Philadelphia,PA,39.953,-75.164,verified,1571,results_model,,https://www.rankedxi.com/crests/ncaa1w-drexel-university-dragons.png
duke-university-blue-devils-w,Duke University Blue Devils,ncaa1w,NCAA Division I Women's,college,W,Durham,NC,35.997,-78.902,verified,1726,results_model,https://goduke.com,https://www.rankedxi.com/crests/ncaa1w-duke-university-blue-devils.png
duquesne-university-of-the-holy-spirit-dukes-w,Duquesne University of the Holy Spirit Dukes,ncaa1w,NCAA Division I Women's,college,W,Pittsburgh,PA,40.436,-79.993,verified,1629,results_model,http://www.duq.edu,https://www.rankedxi.com/crests/ncaa1w-duquesne-university-of-the-holy-spirit-dukes.png
eastern-illinois-university-panthers-w,Eastern Illinois University Panthers,ncaa1w,NCAA Division I Women's,college,W,Charleston,IL,39.496,-88.176,verified,1574,results_model,http://www.eiu.edu/,https://www.rankedxi.com/crests/ncaa1w-eastern-illinois-university-panthers.png
eastern-kentucky-university-colonels-w,Eastern Kentucky University Colonels,ncaa1w,NCAA Division I Women's,college,W,Richmond,KY,37.734,-84.301,verified,1612,results_model,http://www.eku.edu,https://www.rankedxi.com/crests/ncaa1w-eastern-kentucky-university-colonels.png
eastern-michigan-university-eagles-w,Eastern Michigan University Eagles,ncaa1w,NCAA Division I Women's,college,W,Ypsilanti,MI,42.25,-83.624,verified,1598,results_model,http://www.emich.edu,https://www.rankedxi.com/crests/ncaa1w-eastern-michigan-university-eagles.png
eastern-washington-university-eagles-w,Eastern Washington University Eagles,ncaa1w,NCAA Division I Women's,college,W,Cheney,WA,47.491,-117.583,verified,1608,results_model,http://www.goeags.com,https://www.rankedxi.com/crests/ncaa1w-eastern-washington-university-eagles.png
east-tennessee-state-university-buccaneers-w,East Tennessee State University Buccaneers,ncaa1w,NCAA Division I Women's,college,W,Johnson City,TN,36.317,-82.353,verified,1597,results_model,http://www.etsu.edu,https://www.rankedxi.com/crests/ncaa1w-east-tennessee-state-university-buccaneers.png
east-carolina-university-pirates-w,East Carolina University Pirates,ncaa1w,NCAA Division I Women's,college,W,Greenville,NC,35.608,-77.37,verified,1625,results_model,https://www.ecu.edu/,https://www.rankedxi.com/crests/ncaa1w-east-carolina-university-pirates.png
east-texas-a-m-university-lions-w,East Texas A&M University Lions,ncaa1w,NCAA Division I Women's,college,W,Commerce,TX,33.242,-95.908,verified,1573,results_model,http://www.tamuc.edu/,https://www.rankedxi.com/crests/ncaa1w-east-texas-a-m-university-lions.png
elon-university-phoenix-w,Elon University Phoenix,ncaa1w,NCAA Division I Women's,college,W,Elon,NC,36.103,-79.507,verified,1631,results_model,,https://www.rankedxi.com/crests/ncaa1w-elon-university-phoenix.png
university-of-evansville-purple-aces-w,University of Evansville Purple Aces,ncaa1w,NCAA Division I Women's,college,W,Evansville,IN,37.97,-87.572,verified,1583,results_model,http://www.evansville.edu/,https://www.rankedxi.com/crests/ncaa1w-university-of-evansville-purple-aces.png
fairleigh-dickinson-university-knights-w,Fairleigh Dickinson University Knights,ncaa1w,NCAA Division I Women's,college,W,Florham Park,NJ,40.766,-74.4,verified,1575,results_model,https://fduknights.com/sports/mens-basketball,https://www.rankedxi.com/crests/ncaa1w-fairleigh-dickinson-university-knights.png
florida-gulf-coast-university-eagles-w,Florida Gulf Coast University Eagles,ncaa1w,NCAA Division I Women's,college,W,Fort Myers,FL,26.641,-81.872,verified,1618,results_model,http://www.fgcu.edu,https://www.rankedxi.com/crests/ncaa1w-florida-gulf-coast-university-eagles.png
florida-atlantic-university-owls-w,Florida Atlantic University Owls,ncaa1w,NCAA Division I Women's,college,W,Boca Raton,FL,26.359,-80.083,verified,1598,results_model,http://www.fau.edu/,https://www.rankedxi.com/crests/ncaa1w-florida-atlantic-university-owls.png
fairfield-university-stags-w,Fairfield University Stags,ncaa1w,NCAA Division I Women's,college,W,Fairfield,CT,41.141,-73.264,verified,1642,results_model,https://fairfieldstags.com/,https://www.rankedxi.com/crests/ncaa1w-fairfield-university-stags.png
university-of-florida-gators-w,University of Florida Gators,ncaa1w,NCAA Division I Women's,college,W,Gainesville,FL,29.648,-82.345,verified,1655,results_model,https://floridagators.com/,https://www.rankedxi.com/crests/ncaa1w-university-of-florida-gators.png
florida-international-university-panthers-w,Florida International University Panthers,ncaa1w,NCAA Division I Women's,college,W,Miami,FL,25.774,-80.194,verified,1613,results_model,https://www.fiu.edu/,https://www.rankedxi.com/crests/ncaa1w-florida-international-university-panthers.png
florida-state-university-seminoles-w,Florida State University Seminoles,ncaa1w,NCAA Division I Women's,college,W,Tallahassee,FL,30.442,-84.298,verified,1733,results_model,,https://www.rankedxi.com/crests/ncaa1w-florida-state-university-seminoles.png
fordham-university-rams-w,Fordham University Rams,ncaa1w,NCAA Division I Women's,college,W,New York,NY,40.847,-73.879,verified,1621,results_model,https://fordhamsports.com/,https://www.rankedxi.com/crests/ncaa1w-fordham-university-rams.png
california-state-university-fresno-bulldogs-w,"California State University, Fresno Bulldogs",ncaa1w,NCAA Division I Women's,college,W,Fresno,CA,36.813,-119.75,verified,1625,results_model,https://gobulldogs.com/,https://www.rankedxi.com/crests/ncaa1w-california-state-university-fresno-bulldogs.png
furman-university-paladins-w,Furman University Paladins,ncaa1w,NCAA Division I Women's,college,W,Greenville,SC,34.851,-82.398,verified,1611,results_model,,https://www.rankedxi.com/crests/ncaa1w-furman-university-paladins.png
the-george-washington-university-revolutionaries-w,The George Washington University Revolutionaries,ncaa1w,NCAA Division I Women's,college,W,Washington,DC,38.895,-77.036,verified,1569,results_model,https://www.gwu.edu,https://www.rankedxi.com/crests/ncaa1w-the-george-washington-university-revolutionaries.png
georgia-southern-university-eagles-w,Georgia Southern University Eagles,ncaa1w,NCAA Division I Women's,college,W,Statesboro,GA,32.449,-81.783,verified,1600,results_model,http://gseagles.com/,https://www.rankedxi.com/crests/ncaa1w-georgia-southern-university-eagles.png
gardnerwebb-university-runnin-bulldogs-w,Gardner–Webb University Runnin' Bulldogs,ncaa1w,NCAA Division I Women's,college,W,Boiling Springs,NC,35.254,-81.667,verified,1533,results_model,https://gwusports.com/index.aspx?path=mbball,https://www.rankedxi.com/crests/ncaa1w-gardnerwebb-university-runnin-bulldogs.png
george-mason-university-patriots-w,George Mason University Patriots,ncaa1w,NCAA Division I Women's,college,W,Fairfax,VA,38.846,-77.306,verified,1586,results_model,https://www.gmu.edu/,https://www.rankedxi.com/crests/ncaa1w-george-mason-university-patriots.png
georgetown-university-hoyas-w,Georgetown University Hoyas,ncaa1w,NCAA Division I Women's,college,W,Washington,DC,38.907,-77.073,verified,1702,results_model,http://www.guhoyas.com/index.aspx,https://www.rankedxi.com/crests/ncaa1w-georgetown-university-hoyas.png
university-of-georgia-bulldogs-w,University of Georgia Bulldogs,ncaa1w,NCAA Division I Women's,college,W,Athens,GA,33.956,-83.374,verified,1685,results_model,,https://www.rankedxi.com/crests/ncaa1w-university-of-georgia-bulldogs.png
georgia-state-university-panthers-w,Georgia State University Panthers,ncaa1w,NCAA Division I Women's,college,W,Atlanta,GA,33.754,-84.39,verified,1616,results_model,http://www.georgiastatesports.com/SportSelect.dbml?DB_OEM_ID=12700&SPID=5655&SPSID=53527&DB_OEM_ID=12700,https://www.rankedxi.com/crests/ncaa1w-georgia-state-university-panthers.png
gonzaga-university-bulldogs-w,Gonzaga University Bulldogs,ncaa1w,NCAA Division I Women's,college,W,Spokane,WA,47.657,-117.424,verified,1651,results_model,http://www.gozags.com/sports/m-baskbl/gonz-m-baskbl-body.html,https://www.rankedxi.com/crests/ncaa1w-gonzaga-university-bulldogs.png
grambling-state-university-tigers-w,Grambling State University Tigers,ncaa1w,NCAA Division I Women's,college,W,Grambling,LA,32.525,-92.715,verified,1548,results_model,http://www.gram.edu,https://www.rankedxi.com/crests/ncaa1w-grambling-state-university-tigers.png
grand-canyon-university-antelopes-w,Grand Canyon University Antelopes,ncaa1w,NCAA Division I Women's,college,W,Phoenix,AZ,33.448,-112.074,verified,1630,results_model,https://www.gcu.edu/,https://www.rankedxi.com/crests/ncaa1w-grand-canyon-university-antelopes.png
hampton-university-pirates-w,Hampton University Pirates,ncaa1w,NCAA Division I Women's,college,W,Hampton,VA,37.023,-76.335,verified,1501,results_model,,https://www.rankedxi.com/crests/ncaa1w-hampton-university-pirates.png
harvard-university-crimson-w,Harvard University Crimson,ncaa1w,NCAA Division I Women's,college,W,Boston,MA,42.359,-71.058,verified,1629,results_model,https://gocrimson.com/,https://www.rankedxi.com/crests/ncaa1w-harvard-university-crimson.png
university-of-hawaii-at-manoa-rainbow-warriors-w,University of Hawaiʻi at Mānoa Rainbow Warriors,ncaa1w,NCAA Division I Women's,college,W,Honolulu,HI,21.297,-157.817,verified,1620,results_model,https://hawaiiathletics.com/,https://www.rankedxi.com/crests/ncaa1w-university-of-hawaii-at-manoa-rainbow-warriors.png
high-point-university-panthers-w,High Point University Panthers,ncaa1w,NCAA Division I Women's,college,W,High Point,NC,35.956,-80.005,verified,1575,results_model,https://www.highpoint.edu,https://www.rankedxi.com/crests/ncaa1w-high-point-university-panthers.png
hofstra-university-pride-w,Hofstra University Pride,ncaa1w,NCAA Division I Women's,college,W,Hempstead,NY,40.674,-73.619,verified,1612,results_model,https://gohofstra.com/,https://www.rankedxi.com/crests/ncaa1w-hofstra-university-pride.png
college-of-the-holy-cross-crusaders-w,College of the Holy Cross Crusaders,ncaa1w,NCAA Division I Women's,college,W,Worcester,MA,42.263,-71.802,verified,1595,results_model,https://goholycross.com/,https://www.rankedxi.com/crests/ncaa1w-college-of-the-holy-cross-crusaders.png
university-of-houston-cougars-w,University of Houston Cougars,ncaa1w,NCAA Division I Women's,college,W,Houston,TX,29.719,-95.339,verified,1652,results_model,http://www.uhcougars.com/sports/m-baskbl/hou-m-baskbl-body.html,https://www.rankedxi.com/crests/ncaa1w-university-of-houston-cougars.png
houston-christian-university-huskies-w,Houston Christian University Huskies,ncaa1w,NCAA Division I Women's,college,W,Houston,TX,29.759,-95.368,verified,1592,results_model,http://www.hbu.edu,https://www.rankedxi.com/crests/ncaa1w-houston-christian-university-huskies.png
howard-university-bison-w,Howard University Bison,ncaa1w,NCAA Division I Women's,college,W,Washington,DC,38.922,-77.019,verified,1560,results_model,https://hubison.com/index.aspx,https://www.rankedxi.com/crests/ncaa1w-howard-university-bison.png
university-of-illinois-chicago-flames-w,University of Illinois Chicago Flames,ncaa1w,NCAA Division I Women's,college,W,Chicago,IL,41.876,-87.624,verified,1606,results_model,,https://www.rankedxi.com/crests/ncaa1w-university-of-illinois-chicago-flames.png
indiana-university-indianapolis-jaguars-w,Indiana University Indianapolis Jaguars,ncaa1w,NCAA Division I Women's,college,W,Indianapolis,IN,39.774,-86.176,verified,1562,results_model,,https://www.rankedxi.com/crests/ncaa1w-indiana-university-indianapolis-jaguars.png
university-of-idaho-vandals-w,University of Idaho Vandals,ncaa1w,NCAA Division I Women's,college,W,Moscow,ID,46.726,-117.011,verified,1606,results_model,https://govandals.com/,https://www.rankedxi.com/crests/ncaa1w-university-of-idaho-vandals.png
idaho-state-university-bengals-w,Idaho State University Bengals,ncaa1w,NCAA Division I Women's,college,W,Pocatello,ID,42.861,-112.434,verified,1608,results_model,http://www.isu.edu/,https://www.rankedxi.com/crests/ncaa1w-idaho-state-university-bengals.png
university-of-illinois-urbana-champaign-fighting-illini-w,University of Illinois Urbana-Champaign Fighting Illini,ncaa1w,NCAA Division I Women's,college,W,Urbana,IL,40.111,-88.228,verified,1682,results_model,,https://www.rankedxi.com/crests/ncaa1w-university-of-illinois-urbana-champaign-fighting-illini.png
illinois-state-university-redbirds-w,Illinois State University Redbirds,ncaa1w,NCAA Division I Women's,college,W,Normal,IL,40.511,-88.993,verified,1588,results_model,https://illinoisstate.edu/,https://www.rankedxi.com/crests/ncaa1w-illinois-state-university-redbirds.png
university-of-the-incarnate-word-cardinals-w,University of the Incarnate Word Cardinals,ncaa1w,NCAA Division I Women's,college,W,San Antonio,TX,29.471,-98.471,verified,1563,results_model,https://www.uiw.edu/,https://www.rankedxi.com/crests/ncaa1w-university-of-the-incarnate-word-cardinals.png
indiana-university-bloomington-hoosiers-w,Indiana University Bloomington Hoosiers,ncaa1w,NCAA Division I Women's,college,W,Bloomington,IN,39.167,-86.534,verified,1646,results_model,https://iuhoosiers.com/,https://www.rankedxi.com/crests/ncaa1w-indiana-university-bloomington-hoosiers.png
indiana-state-university-sycamores-w,Indiana State University Sycamores,ncaa1w,NCAA Division I Women's,college,W,Terre Haute,IN,39.47,-87.41,verified,1584,results_model,http://www.indstate.edu,https://www.rankedxi.com/crests/ncaa1w-indiana-state-university-sycamores.png
iona-university-gaels-w,Iona University Gaels,ncaa1w,NCAA Division I Women's,college,W,New Rochelle,NY,40.912,-73.783,verified,1553,results_model,https://icgaels.com/,https://www.rankedxi.com/crests/ncaa1w-iona-university-gaels.png
state-university-of-iowa-hawkeyes-w,State University of Iowa Hawkeyes,ncaa1w,NCAA Division I Women's,college,W,Iowa City,IA,41.662,-91.536,verified,1688,results_model,,https://www.rankedxi.com/crests/ncaa1w-state-university-of-iowa-hawkeyes.png
iowa-state-university-of-science-and-technology-cyclones-w,Iowa State University of Science and Technology Cyclones,ncaa1w,NCAA Division I Women's,college,W,Ames,IA,42.026,-93.648,verified,1639,results_model,https://www.iastate.edu,https://www.rankedxi.com/crests/ncaa1w-iowa-state-university-of-science-and-technology-cyclones.png
jackson-state-university-tigers-w,Jackson State University Tigers,ncaa1w,NCAA Division I Women's,college,W,Jackson,MS,32.296,-90.208,verified,1539,results_model,http://www.jsums.edu,https://www.rankedxi.com/crests/ncaa1w-jackson-state-university-tigers.png
jacksonville-university-dolphins-w,Jacksonville University Dolphins,ncaa1w,NCAA Division I Women's,college,W,Jacksonville,FL,30.326,-81.658,verified,1598,results_model,https://judolphins.com/,https://www.rankedxi.com/crests/ncaa1w-jacksonville-university-dolphins.png
jacksonville-state-university-gamecocks-w,Jacksonville State University Gamecocks,ncaa1w,NCAA Division I Women's,college,W,Jacksonville,AL,33.822,-85.766,verified,1571,results_model,http://www.jsu.edu/,https://www.rankedxi.com/crests/ncaa1w-jacksonville-state-university-gamecocks.png
james-madison-university-dukes-w,James Madison University Dukes,ncaa1w,NCAA Division I Women's,college,W,Harrisonburg,VA,38.449,-78.869,verified,1645,results_model,http://www.jmu.edu/,https://www.rankedxi.com/crests/ncaa1w-james-madison-university-dukes.png
university-of-kansas-jayhawks-w,University of Kansas Jayhawks,ncaa1w,NCAA Division I Women's,college,W,Lawrence,KS,38.958,-95.248,verified,1698,results_model,https://kuathletics.com/sports/mens-basketball,https://www.rankedxi.com/crests/ncaa1w-university-of-kansas-jayhawks.png
kansas-state-university-wildcats-w,Kansas State University Wildcats,ncaa1w,NCAA Division I Women's,college,W,Manhattan,KS,39.191,-96.581,verified,1652,results_model,http://www.k-state.edu,https://www.rankedxi.com/crests/ncaa1w-kansas-state-university-wildcats.png
kennesaw-state-university-owls-w,Kennesaw State University Owls,ncaa1w,NCAA Division I Women's,college,W,Kennesaw,GA,34.038,-84.583,verified,1562,results_model,https://www.kennesaw.edu/,https://www.rankedxi.com/crests/ncaa1w-kennesaw-state-university-owls.png
kent-state-university-golden-flashes-w,Kent State University Golden Flashes,ncaa1w,NCAA Division I Women's,college,W,Kent,OH,41.147,-81.343,verified,1609,results_model,https://www.kent.edu,https://www.rankedxi.com/crests/ncaa1w-kent-state-university-golden-flashes.png
university-of-kentucky-wildcats-w,University of Kentucky Wildcats,ncaa1w,NCAA Division I Women's,college,W,Lexington,KY,38.046,-84.497,verified,1669,results_model,,https://www.rankedxi.com/crests/ncaa1w-university-of-kentucky-wildcats.png
long-island-university-brooklyn-blackbirds-w,Long Island University Brooklyn Blackbirds,ncaa1w,NCAA Division I Women's,college,W,Brooklyn,NY,40.691,-73.981,verified,1543,results_model,http://www.liu.edu,https://www.rankedxi.com/crests/ncaa1w-long-island-university-brooklyn-blackbirds.png
louisiana-state-university-and-agricultural-and-mechanical-college-tigers-w,Louisiana State University and Agricultural and Mechanical College Tigers,ncaa1w,NCAA Division I Women's,college,W,Baton Rouge,LA,30.415,-91.178,verified,1693,results_model,https://www.lsu.edu/,https://www.rankedxi.com/crests/ncaa1w-louisiana-state-university-and-agricultural-and-mechanical-college-tigers.png
la-salle-university-explorers-w,La Salle University Explorers,ncaa1w,NCAA Division I Women's,college,W,Philadelphia,PA,39.953,-75.164,verified,1606,results_model,http://www.lasalle.edu,https://www.rankedxi.com/crests/ncaa1w-la-salle-university-explorers.png
lafayette-college-leopards-w,Lafayette College Leopards,ncaa1w,NCAA Division I Women's,college,W,Easton,PA,40.692,-75.21,verified,1584,results_model,https://goleopards.com/,https://www.rankedxi.com/crests/ncaa1w-lafayette-college-leopards.png
lamar-university-cardinals-w,Lamar University Cardinals,ncaa1w,NCAA Division I Women's,college,W,Beaumont,TX,30.042,-94.075,verified,1578,results_model,,https://www.rankedxi.com/crests/ncaa1w-lamar-university-cardinals.png
le-moyne-college-dolphins-w,Le Moyne College Dolphins,ncaa1w,NCAA Division I Women's,college,W,Syracuse,NY,43.048,-76.147,verified,1504,results_model,https://lemoynedolphins.com/,
lehigh-university-mountain-hawks-w,Lehigh University Mountain Hawks,ncaa1w,NCAA Division I Women's,college,W,Bethlehem,PA,40.618,-75.379,verified,1572,results_model,https://www2.lehigh.edu/,https://www.rankedxi.com/crests/ncaa1w-lehigh-university-mountain-hawks.png
liberty-university-flames-w,Liberty University Flames,ncaa1w,NCAA Division I Women's,college,W,Lynchburg,VA,37.414,-79.142,verified,1654,results_model,,https://www.rankedxi.com/crests/ncaa1w-liberty-university-flames.png
lindenwood-university-lions-and-lady-lions-w,Lindenwood University Lions and Lady Lions,ncaa1w,NCAA Division I Women's,college,W,Saint Charles,MO,38.787,-90.503,verified,1591,results_model,,https://www.rankedxi.com/crests/ncaa1w-lindenwood-university-lions-and-lady-lions.png
lipscomb-university-bisons-w,Lipscomb University Bisons,ncaa1w,NCAA Division I Women's,college,W,Nashville,TN,36.162,-86.774,verified,1637,results_model,http://www.lipscombsports.com/mbasketball/,https://www.rankedxi.com/crests/ncaa1w-lipscomb-university-bisons.png
california-state-university-long-beach-beach-w,"California State University, Long Beach Beach",ncaa1w,NCAA Division I Women's,college,W,Long Beach,CA,33.783,-118.113,verified,1621,results_model,https://www.csulb.edu/,https://www.rankedxi.com/crests/ncaa1w-california-state-university-long-beach-beach.png
longwood-university-lancers-w,Longwood University Lancers,ncaa1w,NCAA Division I Women's,college,W,Farmville,VA,37.302,-78.392,verified,1574,results_model,https://longwoodlancers.com/,https://www.rankedxi.com/crests/ncaa1w-longwood-university-lancers.png
university-of-louisiana-at-lafayette-ragin-cajuns-w,University of Louisiana at Lafayette Ragin' Cajuns,ncaa1w,NCAA Division I Women's,college,W,Lafayette,LA,30.212,-92.02,verified,1606,results_model,,https://www.rankedxi.com/crests/ncaa1w-university-of-louisiana-at-lafayette-ragin-cajuns.png
louisiana-tech-university-bulldogs-w,Louisiana Tech University Bulldogs,ncaa1w,NCAA Division I Women's,college,W,Ruston,LA,32.528,-92.647,verified,1580,results_model,https://www.latech.edu/,https://www.rankedxi.com/crests/ncaa1w-louisiana-tech-university-bulldogs.png
university-of-louisville-cardinals-w,University of Louisville Cardinals,ncaa1w,NCAA Division I Women's,college,W,Louisville,KY,38.254,-85.759,verified,1698,results_model,https://gocards.com/,https://www.rankedxi.com/crests/ncaa1w-university-of-louisville-cardinals.png
loyola-marymount-university-lions-w,Loyola Marymount University Lions,ncaa1w,NCAA Division I Women's,college,W,Los Angeles,CA,34.054,-118.243,verified,1635,results_model,http://www.lmu.edu,https://www.rankedxi.com/crests/ncaa1w-loyola-marymount-university-lions.png
loyola-university-maryland-greyhounds-w,Loyola University Maryland Greyhounds,ncaa1w,NCAA Division I Women's,college,W,Baltimore,MD,39.291,-76.611,verified,1604,results_model,http://www.loyolagreyhounds.com/,https://www.rankedxi.com/crests/ncaa1w-loyola-university-maryland-greyhounds.png
loyola-university-chicago-ramblers-w,Loyola University Chicago Ramblers,ncaa1w,NCAA Division I Women's,college,W,Chicago,IL,41.876,-87.624,verified,1640,results_model,http://www.loyolaramblers.com/,https://www.rankedxi.com/crests/ncaa1w-loyola-university-chicago-ramblers.png
university-of-massachusetts-lowell-river-hawks-w,University of Massachusetts Lowell River Hawks,ncaa1w,NCAA Division I Women's,college,W,Lowell,MA,42.641,-71.309,verified,1593,results_model,https://www.uml.edu,https://www.rankedxi.com/crests/ncaa1w-university-of-massachusetts-lowell-river-hawks.png
mississippi-valley-state-university-delta-devils-w,Mississippi Valley State University Delta Devils,ncaa1w,NCAA Division I Women's,college,W,Itta Bena,MS,33.513,-90.342,verified,1500,results_model,https://www.mvsu.edu/,https://www.rankedxi.com/crests/ncaa1w-mississippi-valley-state-university-delta-devils.png
middle-tennessee-state-university-blue-raiders-w,Middle Tennessee State University Blue Raiders,ncaa1w,NCAA Division I Women's,college,W,Murfreesboro,TN,35.849,-86.365,verified,1615,results_model,https://www.mtsu.edu/,https://www.rankedxi.com/crests/ncaa1w-middle-tennessee-state-university-blue-raiders.png
university-of-maine-black-bears-w,University of Maine Black Bears,ncaa1w,NCAA Division I Women's,college,W,Orono,ME,44.902,-68.668,verified,1598,results_model,https://goblackbears.com/,https://www.rankedxi.com/crests/ncaa1w-university-of-maine-black-bears.png
manhattan-university-jaspers-w,Manhattan University Jaspers,ncaa1w,NCAA Division I Women's,college,W,New York,NY,40.847,-73.879,verified,1569,results_model,https://gojaspers.com/,https://www.rankedxi.com/crests/ncaa1w-manhattan-university-jaspers.png
marist-university-red-foxes-w,Marist University Red Foxes,ncaa1w,NCAA Division I Women's,college,W,Poughkeepsie,NY,41.707,-73.928,verified,1567,results_model,http://www.marist.edu,https://www.rankedxi.com/crests/ncaa1w-marist-university-red-foxes.png
marquette-university-golden-eagles-w,Marquette University Golden Eagles,ncaa1w,NCAA Division I Women's,college,W,Milwaukee,WI,43.039,-87.909,verified,1622,results_model,https://www.marquette.edu/,https://www.rankedxi.com/crests/ncaa1w-marquette-university-golden-eagles.png
marshall-university-thundering-herd-w,Marshall University Thundering Herd,ncaa1w,NCAA Division I Women's,college,W,Huntington,WV,38.419,-82.445,verified,1618,results_model,http://www.marshall.edu/,https://www.rankedxi.com/crests/ncaa1w-marshall-university-thundering-herd.png
university-of-maryland-college-park-terrapins-w,"University of Maryland, College Park Terrapins",ncaa1w,NCAA Division I Women's,college,W,College Park,MD,38.981,-76.937,verified,1629,results_model,https://umd.edu,https://www.rankedxi.com/crests/ncaa1w-university-of-maryland-college-park-terrapins.png
university-of-massachusetts-amherst-minutemen-w,University of Massachusetts Amherst Minutemen,ncaa1w,NCAA Division I Women's,college,W,Amherst,MA,42.373,-72.52,verified,1603,results_model,https://umassathletics.com/,https://www.rankedxi.com/crests/ncaa1w-university-of-massachusetts-amherst-minutemen.png
mcneese-state-university-cowboys-w,McNeese State University Cowboys,ncaa1w,NCAA Division I Women's,college,W,Lake Charles,LA,30.181,-93.217,verified,1551,results_model,http://www.mcneese.edu,https://www.rankedxi.com/crests/ncaa1w-mcneese-state-university-cowboys.png
university-of-memphis-tigers-w,University of Memphis Tigers,ncaa1w,NCAA Division I Women's,college,W,Memphis,TN,35.146,-90.052,verified,1688,results_model,,https://www.rankedxi.com/crests/ncaa1w-university-of-memphis-tigers.png
mercer-university-bears-w,Mercer University Bears,ncaa1w,NCAA Division I Women's,college,W,Macon,GA,32.841,-83.632,verified,1594,results_model,,https://www.rankedxi.com/crests/ncaa1w-mercer-university-bears.png
mercyhurst-university-lakers-w,Mercyhurst University Lakers,ncaa1w,NCAA Division I Women's,college,W,Erie,PA,42.105,-80.054,verified,1518,results_model,https://hurstathletics.com/,https://www.rankedxi.com/crests/ncaa1w-mercyhurst-university-lakers.png
merrimack-college-warriors-w,Merrimack College Warriors,ncaa1w,NCAA Division I Women's,college,W,Essex,MA,42.703,-71.131,verified,1552,results_model,https://merrimackathletics.com/,https://www.rankedxi.com/crests/ncaa1w-merrimack-college-warriors.png
university-of-miami-hurricanes-w,University of Miami Hurricanes,ncaa1w,NCAA Division I Women's,college,W,Coral Gables,FL,25.722,-80.279,verified,1649,results_model,,https://www.rankedxi.com/crests/ncaa1w-university-of-miami-hurricanes.png
miami-university-redhawks-w,Miami University RedHawks,ncaa1w,NCAA Division I Women's,college,W,Oxford,OH,39.512,-84.735,verified,1626,results_model,,https://www.rankedxi.com/crests/ncaa1w-miami-university-redhawks.png
university-of-michigan-wolverines-w,University of Michigan Wolverines,ncaa1w,NCAA Division I Women's,college,W,Ann Arbor,MI,42.281,-83.748,verified,1653,results_model,https://mgoblue.com/,https://www.rankedxi.com/crests/ncaa1w-university-of-michigan-wolverines.png
michigan-state-university-spartans-w,Michigan State University Spartans,ncaa1w,NCAA Division I Women's,college,W,East Lansing,MI,42.732,-84.472,verified,1704,results_model,http://www.msuspartans.com/sports/m-baskbl/msu-m-baskbl-body.html,https://www.rankedxi.com/crests/ncaa1w-michigan-state-university-spartans.png
university-of-minnesota-golden-gophers-w,University of Minnesota Golden Gophers,ncaa1w,NCAA Division I Women's,college,W,Minneapolis,MN,44.975,-93.235,verified,1654,results_model,https://www.gophersports.com/,https://www.rankedxi.com/crests/ncaa1w-university-of-minnesota-golden-gophers.png
the-university-of-mississippi-rebels-w,The University of Mississippi Rebels,ncaa1w,NCAA Division I Women's,college,W,University,MS,34.365,-89.535,verified,1632,results_model,,https://www.rankedxi.com/crests/ncaa1w-the-university-of-mississippi-rebels.png
mississippi-state-university-bulldogs-w,Mississippi State University Bulldogs,ncaa1w,NCAA Division I Women's,college,W,Mississippi State,MS,33.454,-88.789,verified,1685,results_model,http://www.msstate.edu,https://www.rankedxi.com/crests/ncaa1w-mississippi-state-university-bulldogs.png
university-of-missouricolumbia-tigers-w,University of Missouri–Columbia Tigers,ncaa1w,NCAA Division I Women's,college,W,Columbia,MO,38.945,-92.329,verified,1646,results_model,,https://www.rankedxi.com/crests/ncaa1w-university-of-missouricolumbia-tigers.png
university-of-missourikansas-city-roos-w,University of Missouri–Kansas City Roos,ncaa1w,NCAA Division I Women's,college,W,Kansas City,MO,39.1,-94.578,verified,1613,results_model,https://www.umkc.edu/,https://www.rankedxi.com/crests/ncaa1w-university-of-missourikansas-city-roos.png
missouri-state-university-bears-w,Missouri State University Bears,ncaa1w,NCAA Division I Women's,college,W,Springfield,MO,37.208,-93.292,verified,1615,results_model,http://www.missouristate.edu,https://www.rankedxi.com/crests/ncaa1w-missouri-state-university-bears.png
monmouth-university-hawks-w,Monmouth University Hawks,ncaa1w,NCAA Division I Women's,college,W,West Long Branch,NJ,40.29,-74.017,verified,1627,results_model,https://monmouthhawks.com/,https://www.rankedxi.com/crests/ncaa1w-monmouth-university-hawks.png
university-of-montana-grizzlies-w,University of Montana Grizzlies,ncaa1w,NCAA Division I Women's,college,W,Missoula,MT,46.86,-113.985,verified,1650,results_model,http://gogriz.com/index.aspx?path=mbball,https://www.rankedxi.com/crests/ncaa1w-university-of-montana-grizzlies.png
morehead-state-university-eagles-w,Morehead State University Eagles,ncaa1w,NCAA Division I Women's,college,W,Morehead,KY,38.189,-83.431,verified,1544,results_model,http://www.moreheadstate.edu,https://www.rankedxi.com/crests/ncaa1w-morehead-state-university-eagles.png
mount-saint-mary-s-university-mountaineers-w,Mount Saint Mary's University Mountaineers,ncaa1w,NCAA Division I Women's,college,W,Emmitsburg,MD,39.682,-77.353,verified,1530,results_model,https://mountathletics.com/,https://www.rankedxi.com/crests/ncaa1w-mount-saint-mary-s-university-mountaineers.png
murray-state-university-racers-w,Murray State University Racers,ncaa1w,NCAA Division I Women's,college,W,Murray,KY,36.616,-88.321,verified,1601,results_model,http://www.murraystate.edu,https://www.rankedxi.com/crests/ncaa1w-murray-state-university-racers.png
university-of-northern-colorado-bears-w,University of Northern Colorado Bears,ncaa1w,NCAA Division I Women's,college,W,Greeley,CO,40.405,-104.697,verified,1596,results_model,https://uncbears.com/,https://www.rankedxi.com/crests/ncaa1w-university-of-northern-colorado-bears.png
north-dakota-state-university-of-agriculture-and-applied-sciences-bison-w,North Dakota State University of Agriculture and Applied Sciences Bison,ncaa1w,NCAA Division I Women's,college,W,Fargo,ND,46.892,-96.8,verified,1582,results_model,https://www.ndsu.edu/,https://www.rankedxi.com/crests/ncaa1w-north-dakota-state-university-of-agriculture-and-applied-sciences-bison.png
northern-illinois-university-huskies-w,Northern Illinois University Huskies,ncaa1w,NCAA Division I Women's,college,W,Afton,IL,41.89,-88.771,verified,1588,results_model,https://www.niu.edu/,https://www.rankedxi.com/crests/ncaa1w-northern-illinois-university-huskies.png
northern-kentucky-university-norse-w,Northern Kentucky University Norse,ncaa1w,NCAA Division I Women's,college,W,Highland Heights,KY,39.033,-84.452,verified,1591,results_model,http://www.nku.edu,https://www.rankedxi.com/crests/ncaa1w-northern-kentucky-university-norse.png
north-carolina-state-university-wolfpack-w,North Carolina State University Wolfpack,ncaa1w,NCAA Division I Women's,college,W,Raleigh,NC,35.78,-78.639,verified,1646,results_model,https://gopack.com,https://www.rankedxi.com/crests/ncaa1w-north-carolina-state-university-wolfpack.png
university-of-nebraska-omaha-mavericks-w,University of Nebraska Omaha Mavericks,ncaa1w,NCAA Division I Women's,college,W,Omaha,NE,41.259,-95.938,verified,1605,results_model,http://www.nebraska.edu,https://www.rankedxi.com/crests/ncaa1w-university-of-nebraska-omaha-mavericks.png
new-jersey-institute-of-technology-highlanders-w,New Jersey Institute of Technology Highlanders,ncaa1w,NCAA Division I Women's,college,W,Newark,NJ,40.736,-74.172,verified,1585,results_model,https://www.njit.edu/,https://www.rankedxi.com/crests/ncaa1w-new-jersey-institute-of-technology-highlanders.png
united-states-naval-academy-midshipmen-w,United States Naval Academy Midshipmen,ncaa1w,NCAA Division I Women's,college,W,Annapolis,MD,38.979,-76.493,verified,1602,results_model,https://www.nrl.navy.mil/,https://www.rankedxi.com/crests/ncaa1w-united-states-naval-academy-midshipmen.png
university-of-nebraskalincoln-cornhuskers-w,University of Nebraska–Lincoln Cornhuskers,ncaa1w,NCAA Division I Women's,college,W,Lincoln,NE,40.818,-96.701,verified,1660,results_model,,https://www.rankedxi.com/crests/ncaa1w-university-of-nebraskalincoln-cornhuskers.png
university-of-nevada-reno-wolf-pack-w,"University of Nevada, Reno Wolf Pack",ncaa1w,NCAA Division I Women's,college,W,Reno,NV,39.538,-119.814,verified,1583,results_model,https://nevadawolfpack.com/,https://www.rankedxi.com/crests/ncaa1w-university-of-nevada-reno-wolf-pack.png
university-of-new-hampshire-wildcats-w,University of New Hampshire Wildcats,ncaa1w,NCAA Division I Women's,college,W,Durham,NH,43.121,-70.918,verified,1579,results_model,,https://www.rankedxi.com/crests/ncaa1w-university-of-new-hampshire-wildcats.png
university-of-new-haven-chargers-w,University of New Haven Chargers,ncaa1w,NCAA Division I Women's,college,W,West Haven,CT,41.292,-72.962,verified,1500,results_model,https://newhavenchargers.com/,https://www.rankedxi.com/crests/ncaa1w-university-of-new-haven-chargers.png
the-university-of-new-mexico-lobos-w,The University of New Mexico Lobos,ncaa1w,NCAA Division I Women's,college,W,Albuquerque,NM,35.084,-106.619,verified,1621,results_model,https://www.unsw.edu.au/,https://www.rankedxi.com/crests/ncaa1w-the-university-of-new-mexico-lobos.png
new-mexico-state-university-aggies-w,New Mexico State University Aggies,ncaa1w,NCAA Division I Women's,college,W,Las Cruces,NM,32.283,-106.748,verified,1596,results_model,https://www.nmsu.edu/,https://www.rankedxi.com/crests/ncaa1w-new-mexico-state-university-aggies.png
niagara-university-purple-eagles-w,Niagara University Purple Eagles,ncaa1w,NCAA Division I Women's,college,W,Lewiston,NY,43.137,-79.035,verified,1558,results_model,http://www.niagara.edu,https://www.rankedxi.com/crests/ncaa1w-niagara-university-purple-eagles.png
nicholls-state-university-colonels-w,Nicholls State University Colonels,ncaa1w,NCAA Division I Women's,college,W,Thibodaux,LA,29.79,-90.803,verified,1525,results_model,http://www.nicholls.edu,https://www.rankedxi.com/crests/ncaa1w-nicholls-state-university-colonels.png
university-of-north-alabama-lions-w,University of North Alabama Lions,ncaa1w,NCAA Division I Women's,college,W,Florence,AL,34.81,-87.68,verified,1587,results_model,https://roarlions.com/,https://www.rankedxi.com/crests/ncaa1w-university-of-north-alabama-lions.png
university-of-north-carolina-at-chapel-hill-tar-heels-w,University of North Carolina at Chapel Hill Tar Heels,ncaa1w,NCAA Division I Women's,college,W,Chapel Hill,NC,35.913,-79.056,verified,1711,results_model,http://www.goheels.com,https://www.rankedxi.com/crests/ncaa1w-university-of-north-carolina-at-chapel-hill-tar-heels.png
university-of-north-dakota-fighting-hawks-w,University of North Dakota Fighting Hawks,ncaa1w,NCAA Division I Women's,college,W,Grand Forks,ND,47.922,-97.073,verified,1603,results_model,http://und.edu,https://www.rankedxi.com/crests/ncaa1w-university-of-north-dakota-fighting-hawks.png
university-of-north-florida-ospreys-w,University of North Florida Ospreys,ncaa1w,NCAA Division I Women's,college,W,Jacksonville,FL,30.326,-81.658,verified,1594,results_model,https://unfospreys.com/,https://www.rankedxi.com/crests/ncaa1w-university-of-north-florida-ospreys.png
university-of-north-texas-mean-green-w,University of North Texas Mean Green,ncaa1w,NCAA Division I Women's,college,W,Denton,TX,33.21,-97.15,verified,1603,results_model,,https://www.rankedxi.com/crests/ncaa1w-university-of-north-texas-mean-green.png
northeastern-university-huskies-w,Northeastern University Huskies,ncaa1w,NCAA Division I Women's,college,W,Boston,MA,42.359,-71.058,verified,1590,results_model,http://nuhuskies.com/index.aspx?path=mbball,https://www.rankedxi.com/crests/ncaa1w-northeastern-university-huskies.png
northern-arizona-university-lumberjacks-w,Northern Arizona University Lumberjacks,ncaa1w,NCAA Division I Women's,college,W,Flagstaff,AZ,35.188,-111.655,verified,1606,results_model,,https://www.rankedxi.com/crests/ncaa1w-northern-arizona-university-lumberjacks.png
university-of-northern-iowa-panthers-w,University of Northern Iowa Panthers,ncaa1w,NCAA Division I Women's,college,W,Cedar Falls,IA,42.515,-92.461,verified,1559,results_model,,https://www.rankedxi.com/crests/ncaa1w-university-of-northern-iowa-panthers.png
northwestern-university-wildcats-w,Northwestern University Wildcats,ncaa1w,NCAA Division I Women's,college,W,Evanston,IL,42.047,-87.685,verified,1672,results_model,http://www.nusports.com/,https://www.rankedxi.com/crests/ncaa1w-northwestern-university-wildcats.png
northwestern-state-university-of-louisiana-demons-w,Northwestern State University of Louisiana Demons,ncaa1w,NCAA Division I Women's,college,W,Natchitoches,LA,31.75,-93.097,verified,1603,results_model,http://www.nsula.edu/,https://www.rankedxi.com/crests/ncaa1w-northwestern-state-university-of-louisiana-demons.png
university-of-notre-dame-du-lac-fighting-irish-w,University of Notre Dame du Lac Fighting Irish,ncaa1w,NCAA Division I Women's,college,W,Notre Dame,IN,41.7,-86.239,verified,1727,results_model,https://www.nd.edu/,https://www.rankedxi.com/crests/ncaa1w-university-of-notre-dame-du-lac-fighting-irish.png
oakland-university-golden-grizzlies-w,Oakland University Golden Grizzlies,ncaa1w,NCAA Division I Women's,college,W,Rochester,MI,42.681,-83.134,verified,1556,results_model,http://www.oakland.edu,https://www.rankedxi.com/crests/ncaa1w-oakland-university-golden-grizzlies.png
the-ohio-university-bobcats-w,The Ohio University Bobcats,ncaa1w,NCAA Division I Women's,college,W,Athens,OH,39.324,-82.102,verified,1612,results_model,https://ohiobobcats.com/,https://www.rankedxi.com/crests/ncaa1w-the-ohio-university-bobcats.png
the-ohio-state-university-buckeyes-w,The Ohio State University Buckeyes,ncaa1w,NCAA Division I Women's,college,W,Columbus,OH,40.006,-83.028,verified,1696,results_model,https://ohiostatebuckeyes.com/,https://www.rankedxi.com/crests/ncaa1w-the-ohio-state-university-buckeyes.png
university-of-oklahoma-sooners-w,University of Oklahoma Sooners,ncaa1w,NCAA Division I Women's,college,W,Norman,OK,35.209,-97.446,verified,1671,results_model,https://soonersports.com/sports/mens-basketball,https://www.rankedxi.com/crests/ncaa1w-university-of-oklahoma-sooners.png
oklahoma-state-universitystillwater-cowboys-w,Oklahoma State University–Stillwater Cowboys,ncaa1w,NCAA Division I Women's,college,W,Stillwater,OK,36.122,-97.07,verified,1635,results_model,https://go.okstate.edu,https://www.rankedxi.com/crests/ncaa1w-oklahoma-state-universitystillwater-cowboys.png
old-dominion-university-monarchs-w,Old Dominion University Monarchs,ncaa1w,NCAA Division I Women's,college,W,Norfolk,VA,36.849,-76.29,verified,1641,results_model,https://www.odu.edu/,https://www.rankedxi.com/crests/ncaa1w-old-dominion-university-monarchs.png
oral-roberts-university-golden-eagles-w,Oral Roberts University Golden Eagles,ncaa1w,NCAA Division I Women's,college,W,Tulsa,OK,36.156,-95.993,verified,1630,results_model,http://oru.edu,https://www.rankedxi.com/crests/ncaa1w-oral-roberts-university-golden-eagles.png
university-of-oregon-ducks-w,University of Oregon Ducks,ncaa1w,NCAA Division I Women's,college,W,Eugene,OR,44.044,-123.076,verified,1629,results_model,http://www.goducks.com/,https://www.rankedxi.com/crests/ncaa1w-university-of-oregon-ducks.png
oregon-state-university-beavers-w,Oregon State University Beavers,ncaa1w,NCAA Division I Women's,college,W,Corvallis,OR,44.565,-123.262,verified,1598,results_model,http://oregonstate.edu,https://www.rankedxi.com/crests/ncaa1w-oregon-state-university-beavers.png
purdue-university-fort-wayne-mastodons-w,Purdue University Fort Wayne Mastodons,ncaa1w,NCAA Division I Women's,college,W,Fort Wayne,IN,41.08,-85.139,verified,1524,results_model,http://www.ipfw.edu,https://www.rankedxi.com/crests/ncaa1w-purdue-university-fort-wayne-mastodons.png
university-of-the-pacific-tigers-w,University of the Pacific Tigers,ncaa1w,NCAA Division I Women's,college,W,Stockton,CA,37.958,-121.291,verified,1615,results_model,https://pacifictigers.com/,https://www.rankedxi.com/crests/ncaa1w-university-of-the-pacific-tigers.png
university-of-pennsylvania-quakers-w,University of Pennsylvania Quakers,ncaa1w,NCAA Division I Women's,college,W,Philadelphia,PA,39.953,-75.164,verified,1613,results_model,https://pennathletics.com/,https://www.rankedxi.com/crests/ncaa1w-university-of-pennsylvania-quakers.png
the-pennsylvania-state-university-nittany-lions-w,The Pennsylvania State University Nittany Lions,ncaa1w,NCAA Division I Women's,college,W,University Park,PA,40.798,-77.86,verified,1689,results_model,,https://www.rankedxi.com/crests/ncaa1w-the-pennsylvania-state-university-nittany-lions.png
pepperdine-university-waves-w,Pepperdine University Waves,ncaa1w,NCAA Division I Women's,college,W,Malibu,CA,34.039,-118.708,verified,1670,results_model,https://pepperdinesports.com/,https://www.rankedxi.com/crests/ncaa1w-pepperdine-university-waves.png
university-of-pittsburgh-panthers-w,University of Pittsburgh Panthers,ncaa1w,NCAA Division I Women's,college,W,Pittsburgh,PA,40.441,-80.003,verified,1658,results_model,,https://www.rankedxi.com/crests/ncaa1w-university-of-pittsburgh-panthers.png
university-of-portland-pilots-w,University of Portland Pilots,ncaa1w,NCAA Division I Women's,college,W,Portland,OR,45.52,-122.674,verified,1672,results_model,http://www.portlandpilots.com/,https://www.rankedxi.com/crests/ncaa1w-university-of-portland-pilots.png
portland-state-university-vikings-w,Portland State University Vikings,ncaa1w,NCAA Division I Women's,college,W,Portland,OR,45.513,-122.685,verified,1596,results_model,https://www.pdx.edu/,https://www.rankedxi.com/crests/ncaa1w-portland-state-university-vikings.png
prairie-view-a-m-university-panthers-w,Prairie View A&M University Panthers,ncaa1w,NCAA Division I Women's,college,W,Prairie View,TX,30.092,-95.989,verified,1500,results_model,http://www.pvamu.edu,https://www.rankedxi.com/crests/ncaa1w-prairie-view-a-m-university-panthers.png
presbyterian-college-blue-hose-w,Presbyterian College Blue Hose,ncaa1w,NCAA Division I Women's,college,W,Clinton,SC,34.473,-81.881,verified,1523,results_model,http://www.presby.edu,https://www.rankedxi.com/crests/ncaa1w-presbyterian-college-blue-hose.png
princeton-university-tigers-w,Princeton University Tigers,ncaa1w,NCAA Division I Women's,college,W,Princeton,NJ,40.35,-74.66,verified,1646,results_model,,https://www.rankedxi.com/crests/ncaa1w-princeton-university-tigers.png
providence-college-friars-w,Providence College Friars,ncaa1w,NCAA Division I Women's,college,W,Providence,RI,41.824,-71.413,verified,1623,results_model,https://friars.com/sports/womens-basketball,https://www.rankedxi.com/crests/ncaa1w-providence-college-friars.png
purdue-university-boilermakers-w,Purdue University Boilermakers,ncaa1w,NCAA Division I Women's,college,W,West Lafayette,IN,40.425,-86.923,verified,1637,results_model,,https://www.rankedxi.com/crests/ncaa1w-purdue-university-boilermakers.png
queens-university-of-charlotte-royals-w,Queens University of Charlotte Royals,ncaa1w,NCAA Division I Women's,college,W,Charlotte,NC,35.189,-80.832,verified,1559,results_model,https://queensathletics.com/,https://www.rankedxi.com/crests/ncaa1w-queens-university-of-charlotte-royals.png
quinnipiac-university-bobcats-w,Quinnipiac University Bobcats,ncaa1w,NCAA Division I Women's,college,W,Hamden,CT,41.384,-72.902,verified,1592,results_model,https://gobobcats.com/,https://www.rankedxi.com/crests/ncaa1w-quinnipiac-university-bobcats.png
radford-university-highlanders-w,Radford University Highlanders,ncaa1w,NCAA Division I Women's,college,W,Radford,VA,37.134,-80.575,verified,1590,results_model,http://radfordathletics.com/index.aspx?path=mbball&tab=0,https://www.rankedxi.com/crests/ncaa1w-radford-university-highlanders.png
university-of-rhode-island-rams-w,University of Rhode Island Rams,ncaa1w,NCAA Division I Women's,college,W,South Kingstown,RI,41.473,-71.522,verified,1637,results_model,https://www.uri.edu/,https://www.rankedxi.com/crests/ncaa1w-university-of-rhode-island-rams.png
william-marsh-rice-university-owls-w,William Marsh Rice University Owls,ncaa1w,NCAA Division I Women's,college,W,Houston,TX,29.717,-95.403,verified,1634,results_model,http://library.rice.edu/collections/WRC/digital-archive-information/online-exhilbits/william-marsh-rice-founder-of-rice-university-exhibit,https://www.rankedxi.com/crests/ncaa1w-william-marsh-rice-university-owls.png
university-of-richmond-spiders-w,University of Richmond Spiders,ncaa1w,NCAA Division I Women's,college,W,Richmond,VA,37.578,-77.538,verified,1571,results_model,,https://www.rankedxi.com/crests/ncaa1w-university-of-richmond-spiders.png
rider-university-broncs-w,Rider University Broncs,ncaa1w,NCAA Division I Women's,college,W,Lawrence,NJ,40.301,-74.737,verified,1548,results_model,https://gobroncs.com/,https://www.rankedxi.com/crests/ncaa1w-rider-university-broncs.png
robert-morris-university-colonials-w,Robert Morris University Colonials,ncaa1w,NCAA Division I Women's,college,W,Moon,PA,40.506,-80.208,verified,1548,results_model,http://www.rmu.edu,https://www.rankedxi.com/crests/ncaa1w-robert-morris-university-colonials.png
rutgers-universitynew-brunswick-scarlet-knights-w,Rutgers University–New Brunswick Scarlet Knights,ncaa1w,NCAA Division I Women's,college,W,Piscataway,NJ,40.546,-74.466,verified,1650,results_model,https://scarletknights.com/,https://www.rankedxi.com/crests/ncaa1w-rutgers-universitynew-brunswick-scarlet-knights.png
south-carolina-state-university-bulldogs-w,South Carolina State University Bulldogs,ncaa1w,NCAA Division I Women's,college,W,Orangeburg,SC,33.497,-80.85,verified,1500,results_model,http://www.scsu.edu,https://www.rankedxi.com/crests/ncaa1w-south-carolina-state-university-bulldogs.png
south-dakota-state-university-jackrabbits-w,South Dakota State University Jackrabbits,ncaa1w,NCAA Division I Women's,college,W,Brookings,SD,44.318,-96.783,verified,1644,results_model,https://sdstate.edu,https://www.rankedxi.com/crests/ncaa1w-south-dakota-state-university-jackrabbits.png
southern-illinois-university-carbondale-salukis-w,Southern Illinois University Carbondale Salukis,ncaa1w,NCAA Division I Women's,college,W,Carbondale,IL,37.71,-89.219,verified,1590,results_model,http://www.siusystem.edu/,https://www.rankedxi.com/crests/ncaa1w-southern-illinois-university-carbondale-salukis.png
university-of-south-carolina-upstate-spartans-w,University of South Carolina Upstate Spartans,ncaa1w,NCAA Division I Women's,college,W,Spartanburg,SC,34.95,-81.932,verified,1584,results_model,,https://www.rankedxi.com/crests/ncaa1w-university-of-south-carolina-upstate-spartans.png
southeastern-louisiana-university-lions-w,Southeastern Louisiana University Lions,ncaa1w,NCAA Division I Women's,college,W,Hammond,LA,30.514,-90.468,verified,1571,results_model,http://www.southeastern.edu,https://www.rankedxi.com/crests/ncaa1w-southeastern-louisiana-university-lions.png
southeast-missouri-state-university-redhawks-w,Southeast Missouri State University Redhawks,ncaa1w,NCAA Division I Women's,college,W,Cape Girardeau,MO,37.315,-89.529,verified,1532,results_model,https://semo.edu/,https://www.rankedxi.com/crests/ncaa1w-southeast-missouri-state-university-redhawks.png
stephen-f-austin-state-university-lumberjacks-w,Stephen F. Austin State University Lumberjacks,ncaa1w,NCAA Division I Women's,college,W,Nacogdoches,TX,31.619,-94.648,verified,1596,results_model,http://www.sfasu.edu,https://www.rankedxi.com/crests/ncaa1w-stephen-f-austin-state-university-lumberjacks.png
southern-illinois-university-edwardsville-cougars-w,Southern Illinois University Edwardsville Cougars,ncaa1w,NCAA Division I Women's,college,W,Edwardsville,IL,38.811,-89.953,verified,1544,results_model,https://www.siuecougars.com/,https://www.rankedxi.com/crests/ncaa1w-southern-illinois-university-edwardsville-cougars.png
southern-methodist-university-mustangs-w,Southern Methodist University Mustangs,ncaa1w,NCAA Division I Women's,college,W,Dallas,TX,32.776,-96.797,verified,1651,results_model,https://www.smu.edu/,https://www.rankedxi.com/crests/ncaa1w-southern-methodist-university-mustangs.png
state-university-of-new-york-at-albany-great-danes-w,State University of New York at Albany Great Danes,ncaa1w,NCAA Division I Women's,college,W,Albany,NY,42.686,-73.824,verified,1540,results_model,https://ualbanysports.com/,https://www.rankedxi.com/crests/ncaa1w-state-university-of-new-york-at-albany-great-danes.png
sacred-heart-university-pioneers-w,Sacred Heart University Pioneers,ncaa1w,NCAA Division I Women's,college,W,Fairfield,CT,41.141,-73.264,verified,1599,results_model,http://www.sacredheart.edu,https://www.rankedxi.com/crests/ncaa1w-sacred-heart-university-pioneers.png
sam-houston-state-university-bearkats-w,Sam Houston State University Bearkats,ncaa1w,NCAA Division I Women's,college,W,Huntsville,TX,30.714,-95.547,verified,1614,results_model,https://www.shsu.edu/,https://www.rankedxi.com/crests/ncaa1w-sam-houston-state-university-bearkats.png
samford-university-bulldogs-w,Samford University Bulldogs,ncaa1w,NCAA Division I Women's,college,W,Homewood,AL,33.465,-86.794,verified,1638,results_model,https://samfordsports.com/,https://www.rankedxi.com/crests/ncaa1w-samford-university-bulldogs.png
university-of-san-diego-toreros-w,University of San Diego Toreros,ncaa1w,NCAA Division I Women's,college,W,San Diego,CA,32.717,-117.163,verified,1618,results_model,https://www.unmsm.edu.pe,https://www.rankedxi.com/crests/ncaa1w-university-of-san-diego-toreros.png
san-diego-state-university-aztecs-w,San Diego State University Aztecs,ncaa1w,NCAA Division I Women's,college,W,San Diego,CA,32.717,-117.163,verified,1635,results_model,http://www.goaztecs.com/sports/m-baskbl/sdsu-m-baskbl-body.html,https://www.rankedxi.com/crests/ncaa1w-san-diego-state-university-aztecs.png
university-of-san-francisco-dons-w,University of San Francisco Dons,ncaa1w,NCAA Division I Women's,college,W,San Francisco,CA,37.788,-122.408,verified,1618,results_model,https://usfdons.com/,https://www.rankedxi.com/crests/ncaa1w-university-of-san-francisco-dons.png
san-jose-state-university-spartans-w,San Jose State University Spartans,ncaa1w,NCAA Division I Women's,college,W,San Jose,CA,37.336,-121.891,verified,1575,results_model,https://sjsuspartans.com/,https://www.rankedxi.com/crests/ncaa1w-san-jose-state-university-spartans.png
santa-clara-university-broncos-w,Santa Clara University Broncos,ncaa1w,NCAA Division I Women's,college,W,Santa Clara,CA,37.233,-121.685,verified,1658,results_model,http://www.santaclaraca.gov/,https://www.rankedxi.com/crests/ncaa1w-santa-clara-university-broncos.png
seattle-university-redhawks-w,Seattle University Redhawks,ncaa1w,NCAA Division I Women's,college,W,Seattle,WA,47.604,-122.33,verified,1656,results_model,https://goseattleu.com/,https://www.rankedxi.com/crests/ncaa1w-seattle-university-redhawks.png
seton-hall-university-pirates-w,Seton Hall University Pirates,ncaa1w,NCAA Division I Women's,college,W,South Orange,NJ,40.747,-74.264,verified,1583,results_model,https://shupirates.com/sports/mens-basketball,https://www.rankedxi.com/crests/ncaa1w-seton-hall-university-pirates.png
siena-university-saints-w,Siena University Saints,ncaa1w,NCAA Division I Women's,college,W,Colonie,NY,42.703,-73.764,verified,1587,results_model,https://sienasaints.com/,https://www.rankedxi.com/crests/ncaa1w-siena-university-saints.png
university-of-south-alabama-jaguars-w,University of South Alabama Jaguars,ncaa1w,NCAA Division I Women's,college,W,Mobile,AL,30.697,-88.179,verified,1642,results_model,http://www.usajaguars.com/,https://www.rankedxi.com/crests/ncaa1w-university-of-south-alabama-jaguars.png
university-of-south-carolina-gamecocks-w,University of South Carolina Gamecocks,ncaa1w,NCAA Division I Women's,college,W,Columbia,SC,34.001,-81.035,verified,1679,results_model,,https://www.rankedxi.com/crests/ncaa1w-university-of-south-carolina-gamecocks.png
university-of-south-dakota-coyotes-w,University of South Dakota Coyotes,ncaa1w,NCAA Division I Women's,college,W,Vermillion,SD,42.786,-96.925,verified,1611,results_model,https://goyotes.com/,https://www.rankedxi.com/crests/ncaa1w-university-of-south-dakota-coyotes.png
university-of-south-florida-bulls-w,University of South Florida Bulls,ncaa1w,NCAA Division I Women's,college,W,Tampa,FL,27.945,-82.458,verified,1633,results_model,http://www.gousfbulls.com,https://www.rankedxi.com/crests/ncaa1w-university-of-south-florida-bulls.png
university-of-southern-indiana-screaming-eagles-w,University of Southern Indiana Screaming Eagles,ncaa1w,NCAA Division I Women's,college,W,Evansville,IN,37.97,-87.572,verified,1573,results_model,http://www.usi.edu,https://www.rankedxi.com/crests/ncaa1w-university-of-southern-indiana-screaming-eagles.png
university-of-southern-mississippi-golden-eagles-w,University of Southern Mississippi Golden Eagles,ncaa1w,NCAA Division I Women's,college,W,Hattiesburg,MS,31.33,-89.334,verified,1547,results_model,https://www.usm.edu/,https://www.rankedxi.com/crests/ncaa1w-university-of-southern-mississippi-golden-eagles.png
southern-university-and-a-m-college-jaguars-w,Southern University and A&M College Jaguars,ncaa1w,NCAA Division I Women's,college,W,Baton Rouge,LA,30.525,-91.19,verified,1500,results_model,http://www.subr.edu/,https://www.rankedxi.com/crests/ncaa1w-southern-university-and-a-m-college-jaguars.png
southern-utah-university-thunderbirds-w,Southern Utah University Thunderbirds,ncaa1w,NCAA Division I Women's,college,W,Cedar City,UT,37.675,-113.072,verified,1579,results_model,http://www.suu.edu/,https://www.rankedxi.com/crests/ncaa1w-southern-utah-university-thunderbirds.png
saint-bonaventure-university-bonnies-w,Saint Bonaventure University Bonnies,ncaa1w,NCAA Division I Women's,college,W,Saint Bonaventure,NY,42.078,-78.481,verified,1541,results_model,https://www.saint-bonaventure.ca,https://www.rankedxi.com/crests/ncaa1w-saint-bonaventure-university-bonnies.png
saint-francis-university-red-flash-w,Saint Francis University Red Flash,ncaa1w,NCAA Division I Women's,college,W,Loretto,PA,40.504,-78.638,verified,1500,results_model,http://francis.edu/,https://www.rankedxi.com/crests/ncaa1w-saint-francis-university-red-flash.png
saint-john-s-university-red-storm-w,Saint John's University Red Storm,ncaa1w,NCAA Division I Women's,college,W,Queens,NY,40.722,-73.796,verified,1603,results_model,https://www.csbsju.edu/,https://www.rankedxi.com/crests/ncaa1w-saint-john-s-university-red-storm.png
saint-joseph-s-university-hawks-w,Saint Joseph's University Hawks,ncaa1w,NCAA Division I Women's,college,W,Philadelphia,PA,39.995,-75.239,verified,1583,results_model,http://www.saintjoe.edu,https://www.rankedxi.com/crests/ncaa1w-saint-joseph-s-university-hawks.png
saint-louis-university-billikens-w,Saint Louis University Billikens,ncaa1w,NCAA Division I Women's,college,W,Saint Louis,MO,38.625,-90.19,verified,1663,results_model,https://slubillikens.com/sports/mens-basketball,https://www.rankedxi.com/crests/ncaa1w-saint-louis-university-billikens.png
saint-mary-s-college-of-california-gaels-w,Saint Mary's College of California Gaels,ncaa1w,NCAA Division I Women's,college,W,Moraga,CA,37.841,-122.109,verified,1673,results_model,http://www.stmarys-ca.edu,https://www.rankedxi.com/crests/ncaa1w-saint-mary-s-college-of-california-gaels.png
saint-peter-s-university-peacocks-w,Saint Peter's University Peacocks,ncaa1w,NCAA Division I Women's,college,W,Jersey City,NJ,40.727,-74.072,verified,1546,results_model,http://www.saintpeters.edu,https://www.rankedxi.com/crests/ncaa1w-saint-peter-s-university-peacocks.png
university-of-saint-thomas-tommies-w,University of Saint Thomas Tommies,ncaa1w,NCAA Division I Women's,college,W,Saint Paul,MN,44.943,-93.19,verified,1565,results_model,https://tommiesports.com/,https://www.rankedxi.com/crests/ncaa1w-university-of-saint-thomas-tommies.png
leland-stanford-junior-university-cardinal-w,Leland Stanford Junior University Cardinal,ncaa1w,NCAA Division I Women's,college,W,Stanford,CA,37.428,-122.17,verified,1755,results_model,,https://www.rankedxi.com/crests/ncaa1w-leland-stanford-junior-university-cardinal.png
stetson-university-hatters-w,Stetson University Hatters,ncaa1w,NCAA Division I Women's,college,W,DeLand,FL,29.028,-81.303,verified,1544,results_model,https://gohatters.com/,https://www.rankedxi.com/crests/ncaa1w-stetson-university-hatters.png
stonehill-college-skyhawks-w,Stonehill College Skyhawks,ncaa1w,NCAA Division I Women's,college,W,Easton,MA,42.025,-71.129,verified,1552,results_model,https://stonehillskyhawks.com/,https://www.rankedxi.com/crests/ncaa1w-stonehill-college-skyhawks.png
state-university-of-new-york-at-stony-brook-seawolves-w,State University of New York at Stony Brook Seawolves,ncaa1w,NCAA Division I Women's,college,W,Stony Brook,NY,40.917,-73.124,verified,1627,results_model,http://www.hsc.stonybrook.edu/dental/,https://www.rankedxi.com/crests/ncaa1w-state-university-of-new-york-at-stony-brook-seawolves.png
syracuse-university-orange-w,Syracuse University Orange,ncaa1w,NCAA Division I Women's,college,W,Syracuse,NY,43.048,-76.147,verified,1627,results_model,https://cuse.com,https://www.rankedxi.com/crests/ncaa1w-syracuse-university-orange.png
texas-a-m-universitycorpus-christi-islanders-w,Texas A&M University–Corpus Christi Islanders,ncaa1w,NCAA Division I Women's,college,W,Corpus Christi,TX,27.712,-97.325,verified,1559,results_model,http://www.tamucc.edu,https://www.rankedxi.com/crests/ncaa1w-texas-a-m-universitycorpus-christi-islanders.png
texas-christian-university-horned-frogs-w,Texas Christian University Horned Frogs,ncaa1w,NCAA Division I Women's,college,W,Fort Worth,TX,32.71,-97.364,verified,1724,results_model,https://gofrogs.com/index.aspx?path=mbball,https://www.rankedxi.com/crests/ncaa1w-texas-christian-university-horned-frogs.png
the-university-of-tennessee-at-martin-skyhawks-w,The University of Tennessee at Martin Skyhawks,ncaa1w,NCAA Division I Women's,college,W,Martin,TN,36.342,-88.867,verified,1549,results_model,,https://www.rankedxi.com/crests/ncaa1w-the-university-of-tennessee-at-martin-skyhawks.png
texas-southern-university-tigers-w,Texas Southern University Tigers,ncaa1w,NCAA Division I Women's,college,W,Houston,TX,29.722,-95.361,verified,1520,results_model,http://www.tsusports.com/index.aspx?path=mbball&,https://www.rankedxi.com/crests/ncaa1w-texas-southern-university-tigers.png
tarleton-state-university-texans-w,Tarleton State University Texans,ncaa1w,NCAA Division I Women's,college,W,Stephenville,TX,32.214,-98.215,verified,1585,results_model,https://www.tarleton.edu,https://www.rankedxi.com/crests/ncaa1w-tarleton-state-university-texans.png
temple-university-owls-w,Temple University Owls,ncaa1w,NCAA Division I Women's,college,W,Philadelphia,PA,39.953,-75.164,verified,1552,results_model,https://owlsports.com/index.aspx?path=mbball,https://www.rankedxi.com/crests/ncaa1w-temple-university-owls.png
the-university-of-tennessee-knoxville-volunteers-w,"The University of Tennessee, Knoxville Volunteers",ncaa1w,NCAA Division I Women's,college,W,Knoxville,TN,35.952,-83.93,verified,1691,results_model,,https://www.rankedxi.com/crests/ncaa1w-the-university-of-tennessee-knoxville-volunteers.png
tennessee-technological-university-golden-eagles-w,Tennessee Technological University Golden Eagles,ncaa1w,NCAA Division I Women's,college,W,Cookeville,TN,36.176,-85.51,verified,1587,results_model,http://www.tntech.edu,https://www.rankedxi.com/crests/ncaa1w-tennessee-technological-university-golden-eagles.png
the-university-of-texas-at-austin-longhorns-w,The University of Texas at Austin Longhorns,ncaa1w,NCAA Division I Women's,college,W,Austin,TX,30.285,-97.735,verified,1643,results_model,https://texaslonghorns.com/sports/mens-basketball,https://www.rankedxi.com/crests/ncaa1w-the-university-of-texas-at-austin-longhorns.png
texas-a-m-university-aggies-w,Texas A&M University Aggies,ncaa1w,NCAA Division I Women's,college,W,College Station,TX,30.61,-96.35,verified,1648,results_model,,https://www.rankedxi.com/crests/ncaa1w-texas-a-m-university-aggies.png
texas-state-university-bobcats-w,Texas State University Bobcats,ncaa1w,NCAA Division I Women's,college,W,San Marcos,TX,29.889,-97.939,verified,1644,results_model,https://txstatebobcats.com/index.aspx?tab=basketball&path=mbball,https://www.rankedxi.com/crests/ncaa1w-texas-state-university-bobcats.png
texas-tech-university-red-raiders-w,Texas Tech University Red Raiders,ncaa1w,NCAA Division I Women's,college,W,Lubbock,TX,33.584,-101.878,verified,1697,results_model,https://texastech.com/index.aspx?path=mbball,https://www.rankedxi.com/crests/ncaa1w-texas-tech-university-red-raiders.png
university-of-toledo-rockets-w,University of Toledo Rockets,ncaa1w,NCAA Division I Women's,college,W,Toledo,OH,41.658,-83.614,verified,1586,results_model,https://utrockets.com/,https://www.rankedxi.com/crests/ncaa1w-university-of-toledo-rockets.png
towson-university-tigers-w,Towson University Tigers,ncaa1w,NCAA Division I Women's,college,W,Towson,MD,39.394,-76.608,verified,1595,results_model,,https://www.rankedxi.com/crests/ncaa1w-towson-university-tigers.png
troy-university-trojans-w,Troy University Trojans,ncaa1w,NCAA Division I Women's,college,W,Troy,AL,31.798,-85.954,verified,1577,results_model,,https://www.rankedxi.com/crests/ncaa1w-troy-university-trojans.png
the-university-of-tulsa-golden-hurricane-w,The University of Tulsa Golden Hurricane,ncaa1w,NCAA Division I Women's,college,W,Tulsa,OK,36.152,-95.946,verified,1618,results_model,,https://www.rankedxi.com/crests/ncaa1w-the-university-of-tulsa-golden-hurricane.png
university-of-alabama-at-birmingham-blazers-w,University of Alabama at Birmingham Blazers,ncaa1w,NCAA Division I Women's,college,W,Birmingham,AL,33.521,-86.802,verified,1618,results_model,,https://www.rankedxi.com/crests/ncaa1w-university-of-alabama-at-birmingham-blazers.png
university-of-california-davis-aggies-w,"University of California, Davis Aggies",ncaa1w,NCAA Division I Women's,college,W,Davis,CA,38.544,-121.739,verified,1601,results_model,https://berkeley.edu,https://www.rankedxi.com/crests/ncaa1w-university-of-california-davis-aggies.png
university-of-california-irvine-anteaters-w,"University of California, Irvine Anteaters",ncaa1w,NCAA Division I Women's,college,W,Irvine,CA,33.686,-117.826,verified,1635,results_model,https://www.ucirvinesports.com/,https://www.rankedxi.com/crests/ncaa1w-university-of-california-irvine-anteaters.png
university-of-california-riverside-highlanders-w,"University of California, Riverside Highlanders",ncaa1w,NCAA Division I Women's,college,W,Riverside,CA,33.982,-117.374,verified,1557,results_model,http://www.gohighlanders.com/,https://www.rankedxi.com/crests/ncaa1w-university-of-california-riverside-highlanders.png
university-of-california-san-diego-tritons-w,"University of California, San Diego Tritons",ncaa1w,NCAA Division I Women's,college,W,San Diego,CA,32.846,-117.258,verified,1621,results_model,http://ucsdtritons.com,https://www.rankedxi.com/crests/ncaa1w-university-of-california-san-diego-tritons.png
university-of-california-santa-barbara-gauchos-w,"University of California, Santa Barbara Gauchos",ncaa1w,NCAA Division I Women's,college,W,Santa Barbara,CA,34.422,-119.703,verified,1642,results_model,http://www.ucsbgauchos.com/,https://www.rankedxi.com/crests/ncaa1w-university-of-california-santa-barbara-gauchos.png
university-of-central-florida-knights-w,University of Central Florida Knights,ncaa1w,NCAA Division I Women's,college,W,Orlando,FL,28.542,-81.379,verified,1679,results_model,,https://www.rankedxi.com/crests/ncaa1w-university-of-central-florida-knights.png
university-of-california-los-angeles-bruins-w,"University of California, Los Angeles Bruins",ncaa1w,NCAA Division I Women's,college,W,Los Angeles,CA,34.054,-118.243,verified,1698,results_model,https://ucla.edu,https://www.rankedxi.com/crests/ncaa1w-university-of-california-los-angeles-bruins.png
university-of-louisiana-at-monroe-warhawks-w,University of Louisiana at Monroe Warhawks,ncaa1w,NCAA Division I Women's,college,W,Monroe,LA,32.527,-92.074,verified,1633,results_model,,https://www.rankedxi.com/crests/ncaa1w-university-of-louisiana-at-monroe-warhawks.png
university-of-maryland-baltimore-county-retrievers-w,"University of Maryland, Baltimore County Retrievers",ncaa1w,NCAA Division I Women's,college,W,Baltimore,MD,39.261,-76.746,verified,1581,results_model,http://www.umaryland.edu,https://www.rankedxi.com/crests/ncaa1w-university-of-maryland-baltimore-county-retrievers.png
university-of-north-carolina-at-asheville-bulldogs-w,University of North Carolina at Asheville Bulldogs,ncaa1w,NCAA Division I Women's,college,W,Asheville,NC,35.595,-82.551,verified,1545,results_model,,https://www.rankedxi.com/crests/ncaa1w-university-of-north-carolina-at-asheville-bulldogs.png
university-of-north-carolina-at-greensboro-spartans-w,University of North Carolina at Greensboro Spartans,ncaa1w,NCAA Division I Women's,college,W,Greensboro,NC,36.073,-79.792,verified,1573,results_model,,https://www.rankedxi.com/crests/ncaa1w-university-of-north-carolina-at-greensboro-spartans.png
university-of-north-carolina-at-wilmington-seahawks-w,University of North Carolina at Wilmington Seahawks,ncaa1w,NCAA Division I Women's,college,W,Wilmington,NC,34.226,-77.873,verified,1628,results_model,,https://www.rankedxi.com/crests/ncaa1w-university-of-north-carolina-at-wilmington-seahawks.png
university-of-nevada-las-vegas-rebels-w,"University of Nevada, Las Vegas Rebels",ncaa1w,NCAA Division I Women's,college,W,Las Vegas,NV,36.167,-115.148,verified,1602,results_model,https://unlv.edu,https://www.rankedxi.com/crests/ncaa1w-university-of-nevada-las-vegas-rebels.png
university-of-southern-california-trojans-w,University of Southern California Trojans,ncaa1w,NCAA Division I Women's,college,W,Los Angeles,CA,34.021,-118.285,verified,1671,results_model,,https://www.rankedxi.com/crests/ncaa1w-university-of-southern-california-trojans.png
the-university-of-texas-at-san-antonio-roadrunners-w,The University of Texas at San Antonio Roadrunners,ncaa1w,NCAA Division I Women's,college,W,San Antonio,TX,29.583,-98.621,verified,1635,results_model,,https://www.rankedxi.com/crests/ncaa1w-the-university-of-texas-at-san-antonio-roadrunners.png
the-university-of-texas-at-el-paso-miners-w,The University of Texas at El Paso Miners,ncaa1w,NCAA Division I Women's,college,W,El Paso,TX,31.77,-106.505,verified,1577,results_model,https://www.utep.edu,https://www.rankedxi.com/crests/ncaa1w-the-university-of-texas-at-el-paso-miners.png
the-university-of-texas-rio-grande-valley-vaqueros-w,The University of Texas Rio Grande Valley Vaqueros,ncaa1w,NCAA Division I Women's,college,W,Edinburg,TX,26.305,-98.174,verified,1555,results_model,,https://www.rankedxi.com/crests/ncaa1w-the-university-of-texas-rio-grande-valley-vaqueros.png
university-of-utah-utes-w,University of Utah Utes,ncaa1w,NCAA Division I Women's,college,W,Salt Lake City,UT,40.764,-111.847,verified,1657,results_model,,https://www.rankedxi.com/crests/ncaa1w-university-of-utah-utes.png
utah-state-university-aggies-w,Utah State University Aggies,ncaa1w,NCAA Division I Women's,college,W,Logan,UT,41.742,-111.812,verified,1664,results_model,http://www.utahstateaggies.com,https://www.rankedxi.com/crests/ncaa1w-utah-state-university-aggies.png
utah-tech-university-trailblazers-w,Utah Tech University Trailblazers,ncaa1w,NCAA Division I Women's,college,W,St. George,UT,37.11,-113.583,verified,1620,results_model,http://www.dixie.edu/,https://www.rankedxi.com/crests/ncaa1w-utah-tech-university-trailblazers.png
utah-valley-university-wolverines-w,Utah Valley University Wolverines,ncaa1w,NCAA Division I Women's,college,W,Orem,UT,40.298,-111.694,verified,1673,results_model,https://www.uvu.edu,https://www.rankedxi.com/crests/ncaa1w-utah-valley-university-wolverines.png
virginia-commonwealth-university-rams-w,Virginia Commonwealth University Rams,ncaa1w,NCAA Division I Women's,college,W,Richmond,VA,37.539,-77.434,verified,1610,results_model,http://www.vcu.edu/,https://www.rankedxi.com/crests/ncaa1w-virginia-commonwealth-university-rams.png
virginia-military-institute-keydets-w,Virginia Military Institute Keydets,ncaa1w,NCAA Division I Women's,college,W,Lexington,VA,37.784,-79.443,verified,1514,results_model,https://www.vmi.edu/,https://www.rankedxi.com/crests/ncaa1w-virginia-military-institute-keydets.png
valparaiso-university-beacons-w,Valparaiso University Beacons,ncaa1w,NCAA Division I Women's,college,W,Valparaiso,IN,41.464,-87.044,verified,1565,results_model,,https://www.rankedxi.com/crests/ncaa1w-valparaiso-university-beacons.png
vanderbilt-university-commodores-w,Vanderbilt University Commodores,ncaa1w,NCAA Division I Women's,college,W,Nashville,TN,36.148,-86.802,verified,1716,results_model,http://www.vucommodores.com/sports/m-baskbl/vand-m-baskbl-body.html,https://www.rankedxi.com/crests/ncaa1w-vanderbilt-university-commodores.png
the-university-of-vermont-and-state-agricultural-college-catamounts-w,The University of Vermont and State Agricultural College Catamounts,ncaa1w,NCAA Division I Women's,college,W,Burlington,VT,44.476,-73.195,verified,1588,results_model,https://uvmathletics.com/,https://www.rankedxi.com/crests/ncaa1w-the-university-of-vermont-and-state-agricultural-college-catamounts.png
villanova-university-wildcats-w,Villanova University Wildcats,ncaa1w,NCAA Division I Women's,college,W,Lower Merion,PA,40.039,-75.329,verified,1636,results_model,https://villanova.com/sports/mens-basketball,https://www.rankedxi.com/crests/ncaa1w-villanova-university-wildcats.png
university-of-virginia-cavaliers-w,University of Virginia Cavaliers,ncaa1w,NCAA Division I Women's,college,W,Charlottesville,VA,38.029,-78.477,verified,1715,results_model,https://virginiasports.com/,https://www.rankedxi.com/crests/ncaa1w-university-of-virginia-cavaliers.png
virginia-polytechnic-institute-and-state-university-hokies-w,Virginia Polytechnic Institute and State University Hokies,ncaa1w,NCAA Division I Women's,college,W,Blacksburg,VA,37.225,-80.425,verified,1652,results_model,,https://www.rankedxi.com/crests/ncaa1w-virginia-polytechnic-institute-and-state-university-hokies.png
western-carolina-university-catamounts-w,Western Carolina University Catamounts,ncaa1w,NCAA Division I Women's,college,W,Cullowhee,NC,35.31,-83.183,verified,1616,results_model,https://www.wcu.edu,https://www.rankedxi.com/crests/ncaa1w-western-carolina-university-catamounts.png
western-illinois-university-leathernecks-w,Western Illinois University Leathernecks,ncaa1w,NCAA Division I Women's,college,W,Macomb,IL,40.459,-90.671,verified,1500,results_model,http://www.wiu.edu,https://www.rankedxi.com/crests/ncaa1w-western-illinois-university-leathernecks.png
western-michigan-university-broncos-w,Western Michigan University Broncos,ncaa1w,NCAA Division I Women's,college,W,Kalamazoo,MI,42.292,-85.587,verified,1670,results_model,http://www.wmubroncos.com,https://www.rankedxi.com/crests/ncaa1w-western-michigan-university-broncos.png
university-of-wisconsingreen-bay-phoenix-w,University of Wisconsin–Green Bay Phoenix,ncaa1w,NCAA Division I Women's,college,W,Green Bay,WI,44.513,-88.013,verified,1575,results_model,http://www.uwgb.edu,https://www.rankedxi.com/crests/ncaa1w-university-of-wisconsingreen-bay-phoenix.png
university-of-wisconsinmilwaukee-panthers-w,University of Wisconsin–Milwaukee Panthers,ncaa1w,NCAA Division I Women's,college,W,Milwaukee,WI,43.039,-87.909,verified,1640,results_model,https://mkepanthers.com/,https://www.rankedxi.com/crests/ncaa1w-university-of-wisconsinmilwaukee-panthers.png
western-kentucky-university-hilltoppers-w,Western Kentucky University Hilltoppers,ncaa1w,NCAA Division I Women's,college,W,Bowling Green,KY,36.984,-86.457,verified,1603,results_model,http://www.wku.edu,https://www.rankedxi.com/crests/ncaa1w-western-kentucky-university-hilltoppers.png
wagner-college-seahawks-w,Wagner College Seahawks,ncaa1w,NCAA Division I Women's,college,W,Staten Island,NY,40.615,-74.094,verified,1575,results_model,https://wagnerathletics.com/,https://www.rankedxi.com/crests/ncaa1w-wagner-college-seahawks.png
wake-forest-university-demon-deacons-w,Wake Forest University Demon Deacons,ncaa1w,NCAA Division I Women's,college,W,Winston-Salem,NC,36.1,-80.244,verified,1693,results_model,http://www.wakeforestsports.com/,https://www.rankedxi.com/crests/ncaa1w-wake-forest-university-demon-deacons.png
university-of-washington-huskies-w,University of Washington Huskies,ncaa1w,NCAA Division I Women's,college,W,Seattle,WA,47.604,-122.33,verified,1712,results_model,http://www.gohuskies.com,https://www.rankedxi.com/crests/ncaa1w-university-of-washington-huskies.png
washington-state-university-cougars-w,Washington State University Cougars,ncaa1w,NCAA Division I Women's,college,W,Pullman,WA,46.73,-117.16,verified,1648,results_model,https://wsu.edu,https://www.rankedxi.com/crests/ncaa1w-washington-state-university-cougars.png
weber-state-university-wildcats-w,Weber State University Wildcats,ncaa1w,NCAA Division I Women's,college,W,Ogden,UT,41.193,-111.944,verified,1642,results_model,https://weberstatesports.com/,https://www.rankedxi.com/crests/ncaa1w-weber-state-university-wildcats.png
university-of-west-georgia-wolves-w,University of West Georgia Wolves,ncaa1w,NCAA Division I Women's,college,W,Carrollton,GA,33.58,-85.077,verified,1528,results_model,https://uwgathletics.com/,https://www.rankedxi.com/crests/ncaa1w-university-of-west-georgia-wolves.png
west-virginia-university-mountaineers-w,West Virginia University Mountaineers,ncaa1w,NCAA Division I Women's,college,W,Morgantown,WV,39.63,-79.956,verified,1695,results_model,http://wvusports.com/index.aspx?path=mbball,https://www.rankedxi.com/crests/ncaa1w-west-virginia-university-mountaineers.png
the-college-of-william-and-mary-in-virginia-tribe-w,The College of William and Mary in Virginia Tribe,ncaa1w,NCAA Division I Women's,college,W,Williamsburg,VA,37.271,-76.708,verified,1611,results_model,https://tribeathletics.com/,https://www.rankedxi.com/crests/ncaa1w-the-college-of-william-and-mary-in-virginia-tribe.png
winthrop-university-eagles-w,Winthrop University Eagles,ncaa1w,NCAA Division I Women's,college,W,Rock Hill,SC,34.925,-81.025,verified,1532,results_model,,https://www.rankedxi.com/crests/ncaa1w-winthrop-university-eagles.png
university-of-wisconsinmadison-badgers-w,University of Wisconsin–Madison Badgers,ncaa1w,NCAA Division I Women's,college,W,Madison,WI,43.075,-89.384,verified,1695,results_model,https://uwbadgers.com/index.aspx?path=mbball,https://www.rankedxi.com/crests/ncaa1w-university-of-wisconsinmadison-badgers.png
wofford-college-terriers-w,Wofford College Terriers,ncaa1w,NCAA Division I Women's,college,W,Spartanburg,SC,34.95,-81.932,verified,1564,results_model,https://woffordterriers.com/index.aspx?path=mbball,https://www.rankedxi.com/crests/ncaa1w-wofford-college-terriers.png
wright-state-university-raiders-w,Wright State University Raiders,ncaa1w,NCAA Division I Women's,college,W,Dayton,OH,39.759,-84.192,verified,1573,results_model,http://www.wright.edu,https://www.rankedxi.com/crests/ncaa1w-wright-state-university-raiders.png
university-of-wyoming-cowboys-w,University of Wyoming Cowboys,ncaa1w,NCAA Division I Women's,college,W,Laramie,WY,41.313,-105.581,verified,1627,results_model,https://gowyo.com/,https://www.rankedxi.com/crests/ncaa1w-university-of-wyoming-cowboys.png
xavier-university-musketeers-w,Xavier University Musketeers,ncaa1w,NCAA Division I Women's,college,W,Cincinnati,OH,39.101,-84.513,verified,1691,results_model,,https://www.rankedxi.com/crests/ncaa1w-xavier-university-musketeers.png
yale-university-bulldogs-w,Yale University Bulldogs,ncaa1w,NCAA Division I Women's,college,W,New Haven,CT,41.308,-72.925,verified,1601,results_model,https://yalebulldogs.com/sports/mens-basketball,https://www.rankedxi.com/crests/ncaa1w-yale-university-bulldogs.png
youngstown-state-university-penguins-w,Youngstown State University Penguins,ncaa1w,NCAA Division I Women's,college,W,Youngstown,OH,41.107,-80.65,verified,1576,results_model,http://www.ysusports.com/,https://www.rankedxi.com/crests/ncaa1w-youngstown-state-university-penguins.png
university-of-alabama-in-huntsville-chargers-w,University of Alabama in Huntsville Chargers,ncaa2w,NCAA Division II Women's,college,W,Huntsville,AL,34.73,-86.586,verified,1551,results_model,http://www.uah.edu,https://www.rankedxi.com/crests/ncaa2w-university-of-alabama-in-huntsville-chargers.png
adams-state-university-grizzlies-w,Adams State University Grizzlies,ncaa2w,NCAA Division II Women's,college,W,Alamosa,CO,37.578,-105.789,verified,1557,results_model,https://www.adams.edu/,https://www.rankedxi.com/crests/ncaa2w-adams-state-university-grizzlies.png
adelphi-university-panthers-w,Adelphi University Panthers,ncaa2w,NCAA Division II Women's,college,W,Garden City,NY,40.727,-73.634,verified,1568,results_model,https://aupanthers.com/,https://www.rankedxi.com/crests/ncaa2w-adelphi-university-panthers.png
albany-state-university-golden-rams-w,Albany State University Golden Rams,ncaa2w,NCAA Division II Women's,college,W,Albany,GA,31.569,-84.142,verified,1441,results_model,https://asurams.edu/,https://www.rankedxi.com/crests/ncaa2w-albany-state-university-golden-rams.png
allen-university-yellow-jackets-w,Allen University Yellow Jackets,ncaa2w,NCAA Division II Women's,college,W,Columbia,SC,34.011,-81.021,verified,1430,results_model,https://www.allenuniversity.edu/,https://www.rankedxi.com/crests/ncaa2w-allen-university-yellow-jackets.png
american-international-college-yellow-jackets-w,American International College Yellow Jackets,ncaa2w,NCAA Division II Women's,college,W,Springfield,MA,42.102,-72.589,verified,1499,results_model,https://www.aicyellowjackets.com/sports/mice/index,https://www.rankedxi.com/crests/ncaa2w-american-international-college-yellow-jackets.png
anderson-university-trojans-w,Anderson University Trojans,ncaa2w,NCAA Division II Women's,college,W,Anderson,SC,34.526,-82.653,verified,1583,results_model,https://autrojans.com/,https://www.rankedxi.com/crests/ncaa2w-anderson-university-trojans.png
angelo-state-university-rams-w,Angelo State University Rams,ncaa2w,NCAA Division II Women's,college,W,San Angelo,TX,31.438,-100.461,verified,1586,results_model,http://www.angelo.edu,https://www.rankedxi.com/crests/ncaa2w-angelo-state-university-rams.png
ashland-university-eagles-w,Ashland University Eagles,ncaa2w,NCAA Division II Women's,college,W,Vermillion,OH,40.789,-82.236,verified,1601,results_model,,https://www.rankedxi.com/crests/ncaa2w-ashland-university-eagles.png
assumption-university-greyhounds-w,Assumption University Greyhounds,ncaa2w,NCAA Division II Women's,college,W,Worcester,MA,42.263,-71.802,verified,1537,results_model,https://assumptiongreyhounds.com/,https://www.rankedxi.com/crests/ncaa2w-assumption-university-greyhounds.png
auburn-university-at-montgomery-warhawks-w,Auburn University at Montgomery Warhawks,ncaa2w,NCAA Division II Women's,college,W,Montgomery,AL,32.378,-86.309,verified,1488,results_model,https://www.aum.edu/,https://www.rankedxi.com/crests/ncaa2w-auburn-university-at-montgomery-warhawks.png
augustana-university-vikings-w,Augustana University Vikings,ncaa2w,NCAA Division II Women's,college,W,Sioux Falls,SD,43.527,-96.737,verified,1589,results_model,http://www.goaugie.com/,https://www.rankedxi.com/crests/ncaa2w-augustana-university-vikings.png
azusa-pacific-university-cougars-w,Azusa Pacific University Cougars,ncaa2w,NCAA Division II Women's,college,W,Azusa,CA,34.13,-117.889,verified,1624,results_model,https://www.apu.edu/,https://www.rankedxi.com/crests/ncaa2w-azusa-pacific-university-cougars.png
barry-university-buccaneers-w,Barry University Buccaneers,ncaa2w,NCAA Division II Women's,college,W,Miami Shores,FL,25.863,-80.193,verified,1548,results_model,https://gobarrybucs.com/,https://www.rankedxi.com/crests/ncaa2w-barry-university-buccaneers.png
barton-college-bulldogs-w,Barton College Bulldogs,ncaa2w,NCAA Division II Women's,college,W,Wilson,NC,35.706,-77.918,verified,1496,results_model,https://bartonbulldogs.com/,https://www.rankedxi.com/crests/ncaa2w-barton-college-bulldogs.png
belmont-abbey-college-crusaders-w,Belmont Abbey College Crusaders,ncaa2w,NCAA Division II Women's,college,W,Belmont,NC,35.244,-81.038,verified,1578,results_model,https://belmontabbeycollege.edu/,https://www.rankedxi.com/crests/ncaa2w-belmont-abbey-college-crusaders.png
bemidji-state-university-beavers-w,Bemidji State University Beavers,ncaa2w,NCAA Division II Women's,college,W,Bemidji,MN,47.482,-94.876,verified,1594,results_model,https://www.bemidjistate.edu/,https://www.rankedxi.com/crests/ncaa2w-bemidji-state-university-beavers.png
bentley-university-falcons-w,Bentley University Falcons,ncaa2w,NCAA Division II Women's,college,W,Waltham,MA,42.376,-71.236,verified,1543,results_model,https://bentleyfalcons.com/,https://www.rankedxi.com/crests/ncaa2w-bentley-university-falcons.png
biola-university-eagles-w,Biola University Eagles,ncaa2w,NCAA Division II Women's,college,W,La Mirada,CA,33.906,-118.011,verified,1584,results_model,http://athletics.biola.edu,https://www.rankedxi.com/crests/ncaa2w-biola-university-eagles.png
black-hills-state-university-yellow-jackets-w,Black Hills State University Yellow Jackets,ncaa2w,NCAA Division II Women's,college,W,Spearfish,SD,44.497,-103.873,verified,1525,results_model,https://www.bhsu.edu/,https://www.rankedxi.com/crests/ncaa2w-black-hills-state-university-yellow-jackets.png
commonwealth-university-bloomsburg-huskies-w,Commonwealth University-Bloomsburg Huskies,ncaa2w,NCAA Division II Women's,college,W,Bloomsburg,PA,41.004,-76.454,verified,1576,results_model,,https://www.rankedxi.com/crests/ncaa2w-commonwealth-university-bloomsburg-huskies.png
bluefield-state-university-big-blues-lady-blues-w,Bluefield State University Big Blues & Lady Blues,ncaa2w,NCAA Division II Women's,college,W,Bluefield,WV,37.265,-81.24,verified,1430,results_model,https://gobstate.com/,https://www.rankedxi.com/crests/ncaa2w-bluefield-state-university-big-blues-lady-blues.png
university-of-bridgeport-purple-knights-w,University of Bridgeport Purple Knights,ncaa2w,NCAA Division II Women's,college,W,Bridgeport,CT,41.179,-73.189,verified,1513,results_model,https://www.bridgeport.edu/,https://www.rankedxi.com/crests/ncaa2w-university-of-bridgeport-purple-knights.png
university-of-central-missouri-mules-jennies-w,University of Central Missouri Mules & Jennies,ncaa2w,NCAA Division II Women's,college,W,Warrensburg,MO,38.757,-93.741,verified,1604,results_model,https://ucmathletics.com/,https://www.rankedxi.com/crests/ncaa2w-university-of-central-missouri-mules-jennies.png
university-of-central-oklahoma-bronchos-w,University of Central Oklahoma Bronchos,ncaa2w,NCAA Division II Women's,college,W,Edmond,OK,35.658,-97.472,verified,1592,results_model,https://bronchosports.com/,https://www.rankedxi.com/crests/ncaa2w-university-of-central-oklahoma-bronchos.png
central-washington-university-wildcats-w,Central Washington University Wildcats,ncaa2w,NCAA Division II Women's,college,W,Ellensburg,WA,47.002,-120.54,verified,1584,results_model,https://wildcatsports.com/,https://www.rankedxi.com/crests/ncaa2w-central-washington-university-wildcats.png
colorado-mesa-university-mavericks-w,Colorado Mesa University Mavericks,ncaa2w,NCAA Division II Women's,college,W,Grand Junction,CO,39.067,-108.564,verified,1615,results_model,https://www.coloradomesa.edu/,https://www.rankedxi.com/crests/ncaa2w-colorado-mesa-university-mavericks.png
california-state-university-chico-wildcats-w,"California State University, Chico Wildcats",ncaa2w,NCAA Division II Women's,college,W,Chico,CA,39.728,-121.837,verified,1611,results_model,,https://www.rankedxi.com/crests/ncaa2w-california-state-university-chico-wildcats.png
california-state-university-dominguez-hills-toros-w,"California State University, Dominguez Hills Toros",ncaa2w,NCAA Division II Women's,college,W,Carson,CA,33.832,-118.252,verified,1586,results_model,https://www.csudh.edu/,https://www.rankedxi.com/crests/ncaa2w-california-state-university-dominguez-hills-toros.png
california-state-university-monterey-bay-otters-w,"California State University, Monterey Bay Otters",ncaa2w,NCAA Division II Women's,college,W,Seaside,CA,36.626,-121.817,verified,1590,results_model,https://otterathletics.com/,https://www.rankedxi.com/crests/ncaa2w-california-state-university-monterey-bay-otters.png
california-state-polytechnic-university-pomona-broncos-w,"California State Polytechnic University, Pomona Broncos",ncaa2w,NCAA Division II Women's,college,W,Pomona,CA,34.055,-117.752,verified,1644,results_model,https://broncoathletics.com/,https://www.rankedxi.com/crests/ncaa2w-california-state-polytechnic-university-pomona-broncos.png
california-state-university-san-bernardino-coyotes-w,"California State University, San Bernardino Coyotes",ncaa2w,NCAA Division II Women's,college,W,San Bernardino,CA,34.825,-116.083,verified,1600,results_model,https://csusbathletics.com/,https://www.rankedxi.com/crests/ncaa2w-california-state-university-san-bernardino-coyotes.png
california-state-university-san-marcos-cougars-w,California State University San Marcos Cougars,ncaa2w,NCAA Division II Women's,college,W,San Marcos,CA,33.135,-117.174,verified,1610,results_model,,https://www.rankedxi.com/crests/ncaa2w-california-state-university-san-marcos-cougars.png
california-state-university-stanislaus-warriors-w,"California State University, Stanislaus Warriors",ncaa2w,NCAA Division II Women's,college,W,Turlock,CA,37.495,-120.847,verified,1622,results_model,https://warriorathletics.com/,https://www.rankedxi.com/crests/ncaa2w-california-state-university-stanislaus-warriors.png
california-state-university-east-bay-pioneers-w,"California State University, East Bay Pioneers",ncaa2w,NCAA Division II Women's,college,W,Hayward,CA,37.669,-122.081,verified,1600,results_model,http://www.csueastbay.edu,https://www.rankedxi.com/crests/ncaa2w-california-state-university-east-bay-pioneers.png
colorado-state-universitypueblo-thunderwolves-w,Colorado State University–Pueblo ThunderWolves,ncaa2w,NCAA Division II Women's,college,W,Pueblo,CO,38.264,-104.614,verified,1548,results_model,https://www.colostate.edu/,https://www.rankedxi.com/crests/ncaa2w-colorado-state-universitypueblo-thunderwolves.png
california-state-university-los-angeles-golden-eagles-w,"California State University, Los Angeles Golden Eagles",ncaa2w,NCAA Division II Women's,college,W,Los Angeles,CA,34.054,-118.243,verified,1615,results_model,,https://www.rankedxi.com/crests/ncaa2w-california-state-university-los-angeles-golden-eagles.png
caldwell-university-cougars-w,Caldwell University Cougars,ncaa2w,NCAA Division II Women's,college,W,Caldwell,NJ,40.84,-74.277,verified,1542,results_model,https://caldwellathletics.com/,https://www.rankedxi.com/crests/ncaa2w-caldwell-university-cougars.png
pennwest-california-vulcans-w,PennWest California Vulcans,ncaa2w,NCAA Division II Women's,college,W,California,PA,40.067,-79.885,verified,1494,results_model,https://calvulcans.com/,https://www.rankedxi.com/crests/ncaa2w-pennwest-california-vulcans.png
carsonnewman-university-eagles-w,Carson–Newman University Eagles,ncaa2w,NCAA Division II Women's,college,W,Jefferson City,TN,36.122,-83.492,verified,1572,results_model,,https://www.rankedxi.com/crests/ncaa2w-carsonnewman-university-eagles.png
catawba-college-indians-w,Catawba College Indians,ncaa2w,NCAA Division II Women's,college,W,Salisbury,NC,35.671,-80.474,verified,1623,results_model,http://gocatawbaindians.com/,https://www.rankedxi.com/crests/ncaa2w-catawba-college-indians.png
cedarville-university-yellow-jackets-w,Cedarville University Yellow Jackets,ncaa2w,NCAA Division II Women's,college,W,Cedarville,OH,39.744,-83.809,verified,1593,results_model,https://yellowjackets.cedarville.edu/index.aspx,https://www.rankedxi.com/crests/ncaa2w-cedarville-university-yellow-jackets.png
chaminade-university-of-honolulu-silverswords-w,Chaminade University of Honolulu Silverswords,ncaa2w,NCAA Division II Women's,college,W,Honolulu,HI,21.29,-157.807,verified,1582,results_model,https://chaminade.edu/,https://www.rankedxi.com/crests/ncaa2w-chaminade-university-of-honolulu-silverswords.png
university-of-charleston-golden-eagles-w,University of Charleston Golden Eagles,ncaa2w,NCAA Division II Women's,college,W,Charleston,WV,38.351,-81.633,verified,1526,results_model,http://www.ucwv.edu,https://www.rankedxi.com/crests/ncaa2w-university-of-charleston-golden-eagles.png
chestnut-hill-college-griffins-w,Chestnut Hill College Griffins,ncaa2w,NCAA Division II Women's,college,W,Philadelphia,PA,39.953,-75.164,verified,1520,results_model,https://griffinathletics.com/,https://www.rankedxi.com/crests/ncaa2w-chestnut-hill-college-griffins.png
chowan-university-hawks-w,Chowan University Hawks,ncaa2w,NCAA Division II Women's,college,W,Murfreesboro,NC,36.442,-77.099,verified,1521,results_model,https://gocuhawks.com/,https://www.rankedxi.com/crests/ncaa2w-chowan-university-hawks.png
christian-brothers-university-buccaneers-lady-buccaneers-w,Christian Brothers University Buccaneers & Lady Buccaneers,ncaa2w,NCAA Division II Women's,college,W,Memphis,TN,35.127,-89.982,verified,1497,results_model,https://gobucsgo.com/,https://www.rankedxi.com/crests/ncaa2w-christian-brothers-university-buccaneers-lady-buccaneers.png
pennwest-clarion-golden-eagles-w,PennWest Clarion Golden Eagles,ncaa2w,NCAA Division II Women's,college,W,Clarion,PA,41.209,-79.378,verified,1500,results_model,http://www.clarion.edu,https://www.rankedxi.com/crests/ncaa2w-pennwest-clarion-golden-eagles.png
clayton-state-university-lakers-w,Clayton State University Lakers,ncaa2w,NCAA Division II Women's,college,W,Morrow,GA,33.583,-84.339,verified,1547,results_model,https://clayton.edu/,https://www.rankedxi.com/crests/ncaa2w-clayton-state-university-lakers.png
coker-university-cobras-w,Coker University Cobras,ncaa2w,NCAA Division II Women's,college,W,Hartsville,SC,34.374,-80.073,verified,1564,results_model,,https://www.rankedxi.com/crests/ncaa2w-coker-university-cobras.png
university-of-colorado-colorado-springs-mountain-lions-w,University of Colorado Colorado Springs Mountain Lions,ncaa2w,NCAA Division II Women's,college,W,Colorado Springs,CO,38.834,-104.825,verified,1629,results_model,http://www.uccs.edu,https://www.rankedxi.com/crests/ncaa2w-university-of-colorado-colorado-springs-mountain-lions.png
colorado-christian-university-cougars-w,Colorado Christian University Cougars,ncaa2w,NCAA Division II Women's,college,W,Lakewood,CO,39.709,-105.085,verified,1556,results_model,https://www.ccu.edu/,https://www.rankedxi.com/crests/ncaa2w-colorado-christian-university-cougars.png
colorado-school-of-mines-orediggers-w,Colorado School of Mines Orediggers,ncaa2w,NCAA Division II Women's,college,W,Golden,CO,39.755,-105.221,verified,1632,results_model,https://minesathletics.com/,https://www.rankedxi.com/crests/ncaa2w-colorado-school-of-mines-orediggers.png
columbus-state-university-cougars-w,Columbus State University Cougars,ncaa2w,NCAA Division II Women's,college,W,Columbus,GA,32.501,-84.942,verified,1626,results_model,https://csucougars.com/,https://www.rankedxi.com/crests/ncaa2w-columbus-state-university-cougars.png
concord-university-mountain-lions-w,Concord University Mountain Lions,ncaa2w,NCAA Division II Women's,college,W,Athens,WV,37.422,-81.016,verified,1532,results_model,https://www.concord.edu/,https://www.rankedxi.com/crests/ncaa2w-concord-university-mountain-lions.png
concordia-universityirvine-golden-eagles-w,Concordia University–Irvine Golden Eagles,ncaa2w,NCAA Division II Women's,college,W,Irvine,CA,33.654,-117.811,verified,1621,results_model,https://cuieagles.com/,https://www.rankedxi.com/crests/ncaa2w-concordia-universityirvine-golden-eagles.png
concordia-universityst-paul-golden-bears-w,Concordia University–St. Paul Golden Bears,ncaa2w,NCAA Division II Women's,college,W,St. Paul,MN,44.95,-93.155,verified,1594,results_model,,https://www.rankedxi.com/crests/ncaa2w-concordia-universityst-paul-golden-bears.png
converse-university-valkyries-w,Converse University Valkyries,ncaa2w,NCAA Division II Women's,college,W,Spartanburg,SC,34.95,-81.932,verified,1517,results_model,https://govalkyries.com/,https://www.rankedxi.com/crests/ncaa2w-converse-university-valkyries.png
d-youville-university-saints-w,D'Youville University Saints,ncaa2w,NCAA Division II Women's,college,W,Buffalo,NY,42.903,-78.891,verified,1471,results_model,,https://www.rankedxi.com/crests/ncaa2w-d-youville-university-saints.png
daemen-university-wildcats-w,Daemen University Wildcats,ncaa2w,NCAA Division II Women's,college,W,Amherst,NY,42.978,-78.8,verified,1544,results_model,,https://www.rankedxi.com/crests/ncaa2w-daemen-university-wildcats.png
dallas-baptist-university-patriots-w,Dallas Baptist University Patriots,ncaa2w,NCAA Division II Women's,college,W,Dallas,TX,32.776,-96.797,verified,1650,results_model,https://dbupatriots.com/,https://www.rankedxi.com/crests/ncaa2w-dallas-baptist-university-patriots.png
davenport-university-panthers-w,Davenport University Panthers,ncaa2w,NCAA Division II Women's,college,W,Grand Rapids,MI,42.963,-85.668,verified,1546,results_model,https://davenportnvsports.com/,https://www.rankedxi.com/crests/ncaa2w-davenport-university-panthers.png
davis-elkins-college-senators-w,Davis & Elkins College Senators,ncaa2w,NCAA Division II Women's,college,W,Elkins,WV,38.926,-79.847,verified,1469,results_model,https://www.dewv.edu/,https://www.rankedxi.com/crests/ncaa2w-davis-elkins-college-senators.png
delta-state-university-statesmen-lady-statesmen-w,Delta State University Statesmen & Lady Statesmen,ncaa2w,NCAA Division II Women's,college,W,Cleveland,MS,33.742,-90.727,verified,1569,results_model,https://gostatesmen.com/,https://www.rankedxi.com/crests/ncaa2w-delta-state-university-statesmen-lady-statesmen.png
dominican-university-of-california-penguins-w,Dominican University of California Penguins,ncaa2w,NCAA Division II Women's,college,W,San Rafael,CA,37.975,-122.532,verified,1617,results_model,http://www.dominican.edu,https://www.rankedxi.com/crests/ncaa2w-dominican-university-of-california-penguins.png
dominican-university-new-york-chargers-w,Dominican University New York Chargers,ncaa2w,NCAA Division II Women's,college,W,Orangetown,NY,41.051,-73.934,verified,1466,results_model,https://www.duny.edu/,https://www.rankedxi.com/crests/ncaa2w-dominican-university-new-york-chargers.png
drury-university-panthers-w,Drury University Panthers,ncaa2w,NCAA Division II Women's,college,W,Springfield,MO,37.208,-93.292,verified,1591,results_model,,https://www.rankedxi.com/crests/ncaa2w-drury-university-panthers.png
eastern-new-mexico-university-greyhounds-w,Eastern New Mexico University Greyhounds,ncaa2w,NCAA Division II Women's,college,W,Portales,NM,34.177,-103.349,verified,1442,results_model,https://www.enmu.edu/,https://www.rankedxi.com/crests/ncaa2w-eastern-new-mexico-university-greyhounds.png
east-stroudsburg-university-warriors-w,East Stroudsburg University Warriors,ncaa2w,NCAA Division II Women's,college,W,East Stroudsburg,PA,40.995,-75.172,verified,1549,results_model,,https://www.rankedxi.com/crests/ncaa2w-east-stroudsburg-university-warriors.png
east-central-university-tigers-w,East Central University Tigers,ncaa2w,NCAA Division II Women's,college,W,Ada,OK,34.774,-96.665,verified,1501,results_model,https://www.ecok.edu,https://www.rankedxi.com/crests/ncaa2w-east-central-university-tigers.png
eckerd-college-tritons-w,Eckerd College Tritons,ncaa2w,NCAA Division II Women's,college,W,Saint Petersburg,FL,27.771,-82.634,verified,1578,results_model,https://eckerdtritons.com/,https://www.rankedxi.com/crests/ncaa2w-eckerd-college-tritons.png
pennwest-edinboro-fighting-scots-w,PennWest Edinboro Fighting Scots,ncaa2w,NCAA Division II Women's,college,W,Edinboro,PA,41.87,-80.122,verified,1519,results_model,https://www.pennwest.edu/campuses/edinboro/index.php,https://www.rankedxi.com/crests/ncaa2w-pennwest-edinboro-fighting-scots.png
edward-waters-university-tigers-w,Edward Waters University Tigers,ncaa2w,NCAA Division II Women's,college,W,Jacksonville,FL,30.345,-81.685,verified,1475,results_model,https://www.ew.edu/,https://www.rankedxi.com/crests/ncaa2w-edward-waters-university-tigers.png
embryriddle-aeronautical-university-eagles-w,Embry–Riddle Aeronautical University Eagles,ncaa2w,NCAA Division II Women's,college,W,Daytona Beach,FL,29.211,-81.023,verified,1592,results_model,https://erau.edu/,https://www.rankedxi.com/crests/ncaa2w-embryriddle-aeronautical-university-eagles.png
emmanuel-university-lions-w,Emmanuel University Lions,ncaa2w,NCAA Division II Women's,college,W,Franklin Springs,GA,34.285,-83.144,verified,1504,results_model,https://goeclions.com/,https://www.rankedxi.com/crests/ncaa2w-emmanuel-university-lions.png
emory-henry-university-wasps-w,Emory & Henry University Wasps,ncaa2w,NCAA Division II Women's,college,W,Emory,VA,36.773,-81.832,verified,1519,results_model,https://www.emoryhenry.edu/,https://www.rankedxi.com/crests/ncaa2w-emory-henry-university-wasps.png
emporia-state-university-hornets-w,Emporia State University Hornets,ncaa2w,NCAA Division II Women's,college,W,Emporia,KS,38.416,-96.18,verified,1590,results_model,http://www.emporia.edu,https://www.rankedxi.com/crests/ncaa2w-emporia-state-university-hornets.png
erskine-college-flying-fleet-w,Erskine College Flying Fleet,ncaa2w,NCAA Division II Women's,college,W,Due West,SC,34.333,-82.388,verified,1430,results_model,https://www.erskine.edu/,https://www.rankedxi.com/crests/ncaa2w-erskine-college-flying-fleet.png
florida-southern-college-moccasins-w,Florida Southern College Moccasins,ncaa2w,NCAA Division II Women's,college,W,Lakeland,FL,28.039,-81.95,verified,1588,results_model,http://www.flsouthern.edu,https://www.rankedxi.com/crests/ncaa2w-florida-southern-college-moccasins.png
fairmont-state-university-fighting-falcons-w,Fairmont State University Fighting Falcons,ncaa2w,NCAA Division II Women's,college,W,Fairmont,WV,39.486,-80.163,verified,1558,results_model,http://www.fairmontstate.edu/,https://www.rankedxi.com/crests/ncaa2w-fairmont-state-university-fighting-falcons.png
felician-university-golden-falcons-w,Felician University Golden Falcons,ncaa2w,NCAA Division II Women's,college,W,Rutherford,NJ,40.826,-74.107,verified,1476,results_model,https://www.felician.edu/,https://www.rankedxi.com/crests/ncaa2w-felician-university-golden-falcons.png
ferris-state-university-bulldogs-w,Ferris State University Bulldogs,ncaa2w,NCAA Division II Women's,college,W,Big Rapids,MI,43.697,-85.484,verified,1564,results_model,https://www.ferris.edu/,https://www.rankedxi.com/crests/ncaa2w-ferris-state-university-bulldogs.png
ferrum-college-panthers-w,Ferrum College Panthers,ncaa2w,NCAA Division II Women's,college,W,Ferrum,VA,36.927,-80.024,verified,1499,results_model,https://ferrumpanthers.com/,https://www.rankedxi.com/crests/ncaa2w-ferrum-college-panthers.png
university-of-findlay-oilers-w,University of Findlay Oilers,ncaa2w,NCAA Division II Women's,college,W,Findlay,OH,41.041,-83.65,verified,1576,results_model,,https://www.rankedxi.com/crests/ncaa2w-university-of-findlay-oilers.png
flagler-college-saints-w,Flagler College Saints,ncaa2w,NCAA Division II Women's,college,W,Saint Augustine,FL,29.895,-81.315,verified,1600,results_model,https://flaglerathletics.com/,https://www.rankedxi.com/crests/ncaa2w-flagler-college-saints.png
florida-institute-of-technology-panthers-w,Florida Institute of Technology Panthers,ncaa2w,NCAA Division II Women's,college,W,Melbourne,FL,28.079,-80.608,verified,1633,results_model,https://www.fit.edu/,https://www.rankedxi.com/crests/ncaa2w-florida-institute-of-technology-panthers.png
fort-hays-state-university-tigers-w,Fort Hays State University Tigers,ncaa2w,NCAA Division II Women's,college,W,Hays,KS,38.871,-99.331,verified,1539,results_model,https://www.fhsu.edu/,https://www.rankedxi.com/crests/ncaa2w-fort-hays-state-university-tigers.png
francis-marion-university-patriots-w,Francis Marion University Patriots,ncaa2w,NCAA Division II Women's,college,W,Florence,SC,34.198,-79.767,verified,1586,results_model,https://fmupatriots.com/,https://www.rankedxi.com/crests/ncaa2w-francis-marion-university-patriots.png
franklin-pierce-university-ravens-w,Franklin Pierce University Ravens,ncaa2w,NCAA Division II Women's,college,W,Rindge,NH,42.751,-72.01,verified,1600,results_model,https://fpuravens.com/,https://www.rankedxi.com/crests/ncaa2w-franklin-pierce-university-ravens.png
fresno-pacific-university-sunbirds-w,Fresno Pacific University Sunbirds,ncaa2w,NCAA Division II Women's,college,W,Fresno,CA,36.739,-119.785,verified,1567,results_model,https://www.fresno.edu/,https://www.rankedxi.com/crests/ncaa2w-fresno-pacific-university-sunbirds.png
frostburg-state-university-bobcats-w,Frostburg State University Bobcats,ncaa2w,NCAA Division II Women's,college,W,Frostburg,MD,39.658,-78.928,verified,1527,results_model,https://www.frostburg.edu/,https://www.rankedxi.com/crests/ncaa2w-frostburg-state-university-bobcats.png
fort-lewis-college-skyhawks-w,Fort Lewis College Skyhawks,ncaa2w,NCAA Division II Women's,college,W,Durango,CO,37.277,-107.877,verified,1598,results_model,https://www.fortlewis.edu/,https://www.rankedxi.com/crests/ncaa2w-fort-lewis-college-skyhawks.png
gannon-university-golden-knights-w,Gannon University Golden Knights,ncaa2w,NCAA Division II Women's,college,W,Erie,PA,42.129,-80.085,verified,1594,results_model,https://www.gannon.edu/,https://www.rankedxi.com/crests/ncaa2w-gannon-university-golden-knights.png
georgia-college-state-university-bobcats-w,Georgia College & State University Bobcats,ncaa2w,NCAA Division II Women's,college,W,Milledgeville,GA,33.081,-83.231,verified,1567,results_model,https://www.gcsu.edu/,https://www.rankedxi.com/crests/ncaa2w-georgia-college-state-university-bobcats.png
georgia-southwestern-state-university-hurricanes-w,Georgia Southwestern State University Hurricanes,ncaa2w,NCAA Division II Women's,college,W,Americus,GA,32.072,-84.233,verified,1533,results_model,https://gsw.edu/,https://www.rankedxi.com/crests/ncaa2w-georgia-southwestern-state-university-hurricanes.png
georgian-court-university-lions-w,Georgian Court University Lions,ncaa2w,NCAA Division II Women's,college,W,Lakewood,NJ,40.094,-74.215,verified,1504,results_model,http://gculions.com/,https://www.rankedxi.com/crests/ncaa2w-georgian-court-university-lions.png
glenville-state-university-pioneers-w,Glenville State University Pioneers,ncaa2w,NCAA Division II Women's,college,W,Glenville,WV,38.936,-80.834,verified,1478,results_model,http://www.glenville.edu,https://www.rankedxi.com/crests/ncaa2w-glenville-state-university-pioneers.png
goldeybeacom-college-lightning-w,Goldey–Beacom College Lightning,ncaa2w,NCAA Division II Women's,college,W,New Castle,DE,39.728,-75.697,verified,1494,results_model,https://gbcathletics.com/,https://www.rankedxi.com/crests/ncaa2w-goldeybeacom-college-lightning.png
grand-valley-state-university-lakers-w,Grand Valley State University Lakers,ncaa2w,NCAA Division II Women's,college,W,Allendale,MI,42.964,-85.889,verified,1624,results_model,http://www.gvsu.edu/,https://www.rankedxi.com/crests/ncaa2w-grand-valley-state-university-lakers.png
harding-university-bisons-lady-bisons-w,Harding University Bisons & Lady Bisons,ncaa2w,NCAA Division II Women's,college,W,Searcy,AR,35.248,-91.727,verified,1560,results_model,https://hardingsports.com/,https://www.rankedxi.com/crests/ncaa2w-harding-university-bisons-lady-bisons.png
university-of-hawai-i-at-hilo-vulcans-w,University of Hawai'i at Hilo Vulcans,ncaa2w,NCAA Division II Women's,college,W,Hilo,HI,19.7,-155.082,verified,1602,results_model,https://hiloathletics.com/,https://www.rankedxi.com/crests/ncaa2w-university-of-hawai-i-at-hilo-vulcans.png
hawai-i-pacific-university-sharks-w,Hawai'i Pacific University Sharks,ncaa2w,NCAA Division II Women's,college,W,Honolulu,HI,21.311,-157.859,verified,1563,results_model,https://www.hpu.edu/,https://www.rankedxi.com/crests/ncaa2w-hawai-i-pacific-university-sharks.png
holy-family-university-tigers-w,Holy Family University Tigers,ncaa2w,NCAA Division II Women's,college,W,Philadelphia,PA,39.953,-75.164,verified,1481,results_model,https://athletics.holyfamily.edu/,https://www.rankedxi.com/crests/ncaa2w-holy-family-university-tigers.png
california-state-polytechnic-university-humboldt-lumberjacks-w,"California State Polytechnic University, Humboldt Lumberjacks",ncaa2w,NCAA Division II Women's,college,W,Arcata,CA,40.867,-124.083,verified,1608,results_model,https://humboldtathletics.com/,https://www.rankedxi.com/crests/ncaa2w-california-state-polytechnic-university-humboldt-lumberjacks.png
university-of-illinois-at-springfield-prairie-stars-w,University of Illinois at Springfield Prairie Stars,ncaa2w,NCAA Division II Women's,college,W,Springfield,IL,39.799,-89.644,verified,1535,results_model,https://www.uis.edu/,https://www.rankedxi.com/crests/ncaa2w-university-of-illinois-at-springfield-prairie-stars.png
indiana-university-of-pennsylvania-crimson-hawks-w,Indiana University of Pennsylvania Crimson Hawks,ncaa2w,NCAA Division II Women's,college,W,Indiana,PA,40.617,-79.16,verified,1569,results_model,http://www.iup.edu,https://www.rankedxi.com/crests/ncaa2w-indiana-university-of-pennsylvania-crimson-hawks.png
university-of-indianapolis-greyhounds-w,University of Indianapolis Greyhounds,ncaa2w,NCAA Division II Women's,college,W,Indianapolis,IN,39.768,-86.158,verified,1503,results_model,,https://www.rankedxi.com/crests/ncaa2w-university-of-indianapolis-greyhounds.png
university-of-jamestown-jimmies-w,University of Jamestown Jimmies,ncaa2w,NCAA Division II Women's,college,W,Jamestown,ND,46.911,-98.708,verified,1501,results_model,,https://www.rankedxi.com/crests/ncaa2w-university-of-jamestown-jimmies.png
kentucky-wesleyan-college-panthers-w,Kentucky Wesleyan College Panthers,ncaa2w,NCAA Division II Women's,college,W,Owensboro,KY,37.774,-87.113,verified,1479,results_model,https://kwc.edu/,https://www.rankedxi.com/crests/ncaa2w-kentucky-wesleyan-college-panthers.png
king-university-tornados-w,King University Tornados,ncaa2w,NCAA Division II Women's,college,W,Bristol,TN,36.587,-82.159,verified,1487,results_model,https://kingtornado.com/,https://www.rankedxi.com/crests/ncaa2w-king-university-tornados.png
kutztown-university-golden-bears-w,Kutztown University Golden Bears,ncaa2w,NCAA Division II Women's,college,W,Kutztown,PA,40.511,-75.783,verified,1591,results_model,http://www2.kutztown.edu/,https://www.rankedxi.com/crests/ncaa2w-kutztown-university-golden-bears.png
lake-erie-college-storm-w,Lake Erie College Storm,ncaa2w,NCAA Division II Women's,college,W,Painesville,OH,41.724,-81.246,verified,1546,results_model,https://lakeeriestorm.com/,https://www.rankedxi.com/crests/ncaa2w-lake-erie-college-storm.png
lander-university-bearcats-w,Lander University Bearcats,ncaa2w,NCAA Division II Women's,college,W,Greenwood,SC,34.149,-82.113,verified,1612,results_model,https://landerbearcats.com/,https://www.rankedxi.com/crests/ncaa2w-lander-university-bearcats.png
lee-university-flames-w,Lee University Flames,ncaa2w,NCAA Division II Women's,college,W,Cleveland,TN,35.16,-84.877,verified,1597,results_model,,https://www.rankedxi.com/crests/ncaa2w-lee-university-flames.png
leesmcrae-college-bobcats-w,Lees–McRae College Bobcats,ncaa2w,NCAA Division II Women's,college,W,Banner Elk,NC,36.163,-81.872,verified,1521,results_model,,https://www.rankedxi.com/crests/ncaa2w-leesmcrae-college-bobcats.png
lenoirrhyne-university-bears-w,Lenoir–Rhyne University Bears,ncaa2w,NCAA Division II Women's,college,W,Hickory,NC,35.733,-81.344,verified,1616,results_model,https://lrbears.com/,https://www.rankedxi.com/crests/ncaa2w-lenoirrhyne-university-bears.png
lewis-university-flyers-w,Lewis University Flyers,ncaa2w,NCAA Division II Women's,college,W,Romeoville,IL,41.648,-88.09,verified,1552,results_model,https://lewisflyers.com/,https://www.rankedxi.com/crests/ncaa2w-lewis-university-flyers.png
lincoln-university-blue-tigers-w,Lincoln University Blue Tigers,ncaa2w,NCAA Division II Women's,college,W,Jefferson City,MO,38.577,-92.172,verified,1483,results_model,https://www.lincoln.ac.nz/,https://www.rankedxi.com/crests/ncaa2w-lincoln-university-blue-tigers.png
lincoln-memorial-university-railsplitters-w,Lincoln Memorial University Railsplitters,ncaa2w,NCAA Division II Women's,college,W,Harrogate,TN,36.58,-83.655,verified,1558,results_model,https://www.nps.gov/linc/index.htm,https://www.rankedxi.com/crests/ncaa2w-lincoln-memorial-university-railsplitters.png
lincoln-university-lions-w,Lincoln University Lions,ncaa2w,NCAA Division II Women's,college,W,Lincoln University,PA,39.808,-75.928,verified,1430,results_model,,https://www.rankedxi.com/crests/ncaa2w-lincoln-university-lions.png
commonwealth-university-lock-haven-bald-eagles-w,Commonwealth University-Lock Haven Bald Eagles,ncaa2w,NCAA Division II Women's,college,W,Lock Haven,PA,41.137,-77.447,verified,1535,results_model,https://golhu.com/,https://www.rankedxi.com/crests/ncaa2w-commonwealth-university-lock-haven-bald-eagles.png
lubbock-christian-university-chaparrals-lady-chaps-w,Lubbock Christian University Chaparrals & Lady Chaps,ncaa2w,NCAA Division II Women's,college,W,Lubbock,TX,33.574,-101.934,verified,1567,results_model,https://lcuchaps.com/,https://www.rankedxi.com/crests/ncaa2w-lubbock-christian-university-chaparrals-lady-chaps.png
lynn-university-fighting-knights-w,Lynn University Fighting Knights,ncaa2w,NCAA Division II Women's,college,W,Boca Raton,FL,26.359,-80.083,verified,1543,results_model,https://www.lynn.edu/,https://www.rankedxi.com/crests/ncaa2w-lynn-university-fighting-knights.png
university-of-minnesota-crookston-golden-eagles-w,University of Minnesota Crookston Golden Eagles,ncaa2w,NCAA Division II Women's,college,W,Crookston,MN,47.8,-96.608,verified,1503,results_model,https://crk.umn.edu/,https://www.rankedxi.com/crests/ncaa2w-university-of-minnesota-crookston-golden-eagles.png
university-of-minnesota-duluth-bulldogs-w,University of Minnesota Duluth Bulldogs,ncaa2w,NCAA Division II Women's,college,W,Duluth,MN,46.784,-92.105,verified,1553,results_model,,https://www.rankedxi.com/crests/ncaa2w-university-of-minnesota-duluth-bulldogs.png
minnesota-state-university-mankato-mavericks-w,"Minnesota State University, Mankato Mavericks",ncaa2w,NCAA Division II Women's,college,W,Mankato,MN,44.147,-93.998,verified,1623,results_model,https://www.mnsu.edu/,https://www.rankedxi.com/crests/ncaa2w-minnesota-state-university-mankato-mavericks.png
missouri-southern-state-university-lions-w,Missouri Southern State University Lions,ncaa2w,NCAA Division II Women's,college,W,Joplin,MO,37.096,-94.462,verified,1500,results_model,http://www.mssu.edu,https://www.rankedxi.com/crests/ncaa2w-missouri-southern-state-university-lions.png
university-of-missourist-louis-tritons-w,University of Missouri–St. Louis Tritons,ncaa2w,NCAA Division II Women's,college,W,Saint Louis,MO,38.625,-90.19,verified,1601,results_model,https://www.umsl.edu/,https://www.rankedxi.com/crests/ncaa2w-university-of-missourist-louis-tritons.png
missouri-western-state-university-griffons-w,Missouri Western State University Griffons,ncaa2w,NCAA Division II Women's,college,W,St. Joseph,MO,39.758,-94.786,verified,1594,results_model,https://missouriwestern.edu,https://www.rankedxi.com/crests/ncaa2w-missouri-western-state-university-griffons.png
montana-state-university-billings-yellowjackets-w,Montana State University Billings Yellowjackets,ncaa2w,NCAA Division II Women's,college,W,Billings,MT,45.797,-108.524,verified,1550,results_model,https://www.montana.edu/,https://www.rankedxi.com/crests/ncaa2w-montana-state-university-billings-yellowjackets.png
malone-university-pioneers-w,Malone University Pioneers,ncaa2w,NCAA Division II Women's,college,W,Canton,OH,40.799,-81.375,verified,1510,results_model,https://malonepioneers.com/,https://www.rankedxi.com/crests/ncaa2w-malone-university-pioneers.png
commonwealth-university-mansfield-mountaineers-w,Commonwealth University-Mansfield Mountaineers,ncaa2w,NCAA Division II Women's,college,W,Mansfield,PA,41.807,-77.071,verified,1442,results_model,https://gomounties.com/,https://www.rankedxi.com/crests/ncaa2w-commonwealth-university-mansfield-mountaineers.png
mars-hill-university-lions-w,Mars Hill University Lions,ncaa2w,NCAA Division II Women's,college,W,Mars Hill,NC,35.826,-82.549,verified,1465,results_model,http://www.townofmarshill.org,https://www.rankedxi.com/crests/ncaa2w-mars-hill-university-lions.png
university-of-mary-marauders-w,University of Mary Marauders,ncaa2w,NCAA Division II Women's,college,W,Bismarck,ND,46.722,-100.753,verified,1581,results_model,https://goumary.com/,https://www.rankedxi.com/crests/ncaa2w-university-of-mary-marauders.png
maryville-university-saints-w,Maryville University Saints,ncaa2w,NCAA Division II Women's,college,W,Saint Louis,MO,38.625,-90.19,verified,1595,results_model,,https://www.rankedxi.com/crests/ncaa2w-maryville-university-saints.png
mckendree-university-bearcats-w,McKendree University Bearcats,ncaa2w,NCAA Division II Women's,college,W,Lebanon,IL,38.604,-89.807,verified,1580,results_model,,https://www.rankedxi.com/crests/ncaa2w-mckendree-university-bearcats.png
menlo-college-oaks-w,Menlo College Oaks,ncaa2w,NCAA Division II Women's,college,W,Atherton,CA,37.455,-122.193,verified,1557,results_model,https://menloathletics.com/,https://www.rankedxi.com/crests/ncaa2w-menlo-college-oaks.png
mercy-university-mavericks-w,Mercy University Mavericks,ncaa2w,NCAA Division II Women's,college,W,Dobbs Ferry,NY,41.015,-73.873,verified,1555,results_model,http://mercyathletics.com/,https://www.rankedxi.com/crests/ncaa2w-mercy-university-mavericks.png
metropolitan-state-university-of-denver-roadrunners-w,Metropolitan State University of Denver Roadrunners,ncaa2w,NCAA Division II Women's,college,W,Denver,CO,39.739,-104.985,verified,1544,results_model,http://www.msudenver.edu/,https://www.rankedxi.com/crests/ncaa2w-metropolitan-state-university-of-denver-roadrunners.png
michigan-technological-university-huskies-w,Michigan Technological University Huskies,ncaa2w,NCAA Division II Women's,college,W,Houghton,MI,47.12,-88.55,verified,1517,results_model,https://www.mtu.edu/,https://www.rankedxi.com/crests/ncaa2w-michigan-technological-university-huskies.png
middle-georgia-state-university-knights-w,Middle Georgia State University Knights,ncaa2w,NCAA Division II Women's,college,W,Macon and Cochran,GA,32.807,-83.732,verified,1506,results_model,https://www.mga.edu/,https://www.rankedxi.com/crests/ncaa2w-middle-georgia-state-university-knights.png
midwestern-state-university-mustangs-w,Midwestern State University Mustangs,ncaa2w,NCAA Division II Women's,college,W,Wichita Falls,TX,33.9,-98.502,verified,1597,results_model,https://msutexas.edu,https://www.rankedxi.com/crests/ncaa2w-midwestern-state-university-mustangs.png
millersville-university-marauders-w,Millersville University Marauders,ncaa2w,NCAA Division II Women's,college,W,Millersville,PA,40,-76.356,verified,1571,results_model,https://millersvilleathletics.com/,https://www.rankedxi.com/crests/ncaa2w-millersville-university-marauders.png
minot-state-university-beavers-w,Minot State University Beavers,ncaa2w,NCAA Division II Women's,college,W,Minot,ND,48.246,-101.301,verified,1580,results_model,https://www.minotstateu.edu/,https://www.rankedxi.com/crests/ncaa2w-minot-state-university-beavers.png
mississippi-christian-university-choctaws-w,Mississippi Christian University Choctaws,ncaa2w,NCAA Division II Women's,college,W,Clinton,MS,32.341,-90.322,verified,1554,results_model,https://gochoctaws.com/,https://www.rankedxi.com/crests/ncaa2w-mississippi-christian-university-choctaws.png
missouri-university-of-science-and-technology-miners-w,Missouri University of Science and Technology Miners,ncaa2w,NCAA Division II Women's,college,W,Rolla,MO,37.951,-91.771,verified,1562,results_model,https://www.mst.edu/,https://www.rankedxi.com/crests/ncaa2w-missouri-university-of-science-and-technology-miners.png
molloy-university-lions-w,Molloy University Lions,ncaa2w,NCAA Division II Women's,college,W,Rockville Centre,NY,40.657,-73.645,verified,1554,results_model,https://molloylions.com/,https://www.rankedxi.com/crests/ncaa2w-molloy-university-lions.png
university-of-montevallo-falcons-w,University of Montevallo Falcons,ncaa2w,NCAA Division II Women's,college,W,Montevallo,AL,33.101,-86.864,verified,1598,results_model,https://montevallofalcons.com/,https://www.rankedxi.com/crests/ncaa2w-university-of-montevallo-falcons.png
minnesota-state-university-moorhead-dragons-w,Minnesota State University Moorhead Dragons,ncaa2w,NCAA Division II Women's,college,W,Moorhead,MN,46.866,-96.762,verified,1499,results_model,,https://www.rankedxi.com/crests/ncaa2w-minnesota-state-university-moorhead-dragons.png
university-of-mount-olive-trojans-w,University of Mount Olive Trojans,ncaa2w,NCAA Division II Women's,college,W,Mount Olive,NC,35.197,-78.066,verified,1499,results_model,,https://www.rankedxi.com/crests/ncaa2w-university-of-mount-olive-trojans.png
northern-michigan-university-wildcats-w,Northern Michigan University Wildcats,ncaa2w,NCAA Division II Women's,college,W,Tilden,MI,46.448,-87.631,verified,1568,results_model,http://www.nmu.edu,https://www.rankedxi.com/crests/ncaa2w-northern-michigan-university-wildcats.png
university-of-north-carolina-at-pembroke-braves-w,University of North Carolina at Pembroke Braves,ncaa2w,NCAA Division II Women's,college,W,Pembroke,NC,34.688,-79.202,verified,1553,results_model,,https://www.rankedxi.com/crests/ncaa2w-university-of-north-carolina-at-pembroke-braves.png
university-of-nebraska-at-kearney-lopers-w,University of Nebraska at Kearney Lopers,ncaa2w,NCAA Division II Women's,college,W,Kearney,NE,40.701,-99.101,verified,1534,results_model,https://www.unomaha.edu/,https://www.rankedxi.com/crests/ncaa2w-university-of-nebraska-at-kearney-lopers.png
northeastern-state-university-riverhawks-w,Northeastern State University RiverHawks,ncaa2w,NCAA Division II Women's,college,W,Tahlequah;ᏓᎵᏆ,OK,35.915,-94.97,verified,1580,results_model,http://www.nsuok.edu,https://www.rankedxi.com/crests/ncaa2w-northeastern-state-university-riverhawks.png
new-mexico-highlands-university-cowboys-cowgirls-w,New Mexico Highlands University Cowboys & Cowgirls,ncaa2w,NCAA Division II Women's,college,W,Las Vegas,NM,35.596,-105.221,verified,1465,results_model,,https://www.rankedxi.com/crests/ncaa2w-new-mexico-highlands-university-cowboys-cowgirls.png
northwest-missouri-state-university-bearcats-w,Northwest Missouri State University Bearcats,ncaa2w,NCAA Division II Women's,college,W,Maryville,MO,40.353,-94.883,verified,1585,results_model,https://www.nwmissouri.edu/,https://www.rankedxi.com/crests/ncaa2w-northwest-missouri-state-university-bearcats.png
northwest-nazarene-university-nighthawks-w,Northwest Nazarene University Nighthawks,ncaa2w,NCAA Division II Women's,college,W,Nampa,ID,43.562,-116.565,verified,1573,results_model,https://nnusports.com/,https://www.rankedxi.com/crests/ncaa2w-northwest-nazarene-university-nighthawks.png
northwestern-oklahoma-state-university-rangers-w,Northwestern Oklahoma State University Rangers,ncaa2w,NCAA Division II Women's,college,W,Alva,OK,36.796,-98.668,verified,1546,results_model,https://www.nwosu.edu/,https://www.rankedxi.com/crests/ncaa2w-northwestern-oklahoma-state-university-rangers.png
newberry-college-wolves-w,Newberry College Wolves,ncaa2w,NCAA Division II Women's,college,W,Newberry,SC,34.327,-81.583,verified,1526,results_model,https://newberrywolves.com/,https://www.rankedxi.com/crests/ncaa2w-newberry-college-wolves.png
newman-university-jets-w,Newman University Jets,ncaa2w,NCAA Division II Women's,college,W,Wichita,KS,37.692,-97.338,verified,1499,results_model,https://newmanjets.com/,https://www.rankedxi.com/crests/ncaa2w-newman-university-jets.png
university-of-north-georgia-nighthawks-w,University of North Georgia Nighthawks,ncaa2w,NCAA Division II Women's,college,W,Dahlonega,GA,34.533,-83.985,verified,1632,results_model,https://ungathletics.com/,https://www.rankedxi.com/crests/ncaa2w-university-of-north-georgia-nighthawks.png
north-greenville-university-trailblazers-w,North Greenville University Trailblazers,ncaa2w,NCAA Division II Women's,college,W,Tigerville,SC,35.069,-82.372,verified,1506,results_model,https://nguathletics.com/,https://www.rankedxi.com/crests/ncaa2w-north-greenville-university-trailblazers.png
northern-state-university-wolves-w,Northern State University Wolves,ncaa2w,NCAA Division II Women's,college,W,Aberdeen,SD,45.451,-98.484,verified,1558,results_model,https://nsuwolves.com/,https://www.rankedxi.com/crests/ncaa2w-northern-state-university-wolves.png
northwood-university-timberwolves-w,Northwood University Timberwolves,ncaa2w,NCAA Division II Women's,college,W,Midland,MI,43.616,-84.247,verified,1572,results_model,,https://www.rankedxi.com/crests/ncaa2w-northwood-university-timberwolves.png
nova-southeastern-university-sharks-w,Nova Southeastern University Sharks,ncaa2w,NCAA Division II Women's,college,W,Broward,FL,26.063,-80.233,verified,1629,results_model,https://www.nova.edu/index.html,https://www.rankedxi.com/crests/ncaa2w-nova-southeastern-university-sharks.png
ohio-dominican-university-panthers-w,Ohio Dominican University Panthers,ncaa2w,NCAA Division II Women's,college,W,Columbus,OH,39.962,-83.001,verified,1503,results_model,https://www.ohiodominican.edu/,https://www.rankedxi.com/crests/ncaa2w-ohio-dominican-university-panthers.png
oklahoma-baptist-university-bison-w,Oklahoma Baptist University Bison,ncaa2w,NCAA Division II Women's,college,W,Shawnee,OK,35.36,-96.931,verified,1509,results_model,https://www.okbu.edu/,https://www.rankedxi.com/crests/ncaa2w-oklahoma-baptist-university-bison.png
oklahoma-christian-university-eagles-lady-eagles-w,Oklahoma Christian University Eagles & Lady Eagles,ncaa2w,NCAA Division II Women's,college,W,Oklahoma City,OK,35.612,-97.47,verified,1548,results_model,,https://www.rankedxi.com/crests/ncaa2w-oklahoma-christian-university-eagles-lady-eagles.png
ouachita-baptist-university-tigers-w,Ouachita Baptist University Tigers,ncaa2w,NCAA Division II Women's,college,W,Arkadelphia,AR,34.121,-93.054,verified,1549,results_model,https://obu.edu/,https://www.rankedxi.com/crests/ncaa2w-ouachita-baptist-university-tigers.png
pace-university-setters-w,Pace University Setters,ncaa2w,NCAA Division II Women's,college,W,Pleasantville,NY,41.133,-73.793,verified,1543,results_model,https://paceuathletics.com/,https://www.rankedxi.com/crests/ncaa2w-pace-university-setters.png
palm-beach-atlantic-university-sailfish-w,Palm Beach Atlantic University Sailfish,ncaa2w,NCAA Division II Women's,college,W,West Palm Beach,FL,26.715,-80.053,verified,1551,results_model,https://www.pba.edu/,https://www.rankedxi.com/crests/ncaa2w-palm-beach-atlantic-university-sailfish.png
university-of-texas-permian-basin-falcons-w,University of Texas Permian Basin Falcons,ncaa2w,NCAA Division II Women's,college,W,Odessa,TX,31.89,-102.329,verified,1528,results_model,http://www.utpb.edu,https://www.rankedxi.com/crests/ncaa2w-university-of-texas-permian-basin-falcons.png
university-of-pittsburgh-at-johnstown-mountain-cats-w,University of Pittsburgh at Johnstown Mountain Cats,ncaa2w,NCAA Division II Women's,college,W,Johnstown,PA,40.327,-78.922,verified,1483,results_model,https://pittjohnstownathletics.com/,https://www.rankedxi.com/crests/ncaa2w-university-of-pittsburgh-at-johnstown-mountain-cats.png
pittsburg-state-university-gorillas-w,Pittsburg State University Gorillas,ncaa2w,NCAA Division II Women's,college,W,Pittsburg,KS,37.391,-94.702,verified,1591,results_model,http://www.pittstate.edu,https://www.rankedxi.com/crests/ncaa2w-pittsburg-state-university-gorillas.png
point-loma-nazarene-university-sea-lions-w,Point Loma Nazarene University Sea Lions,ncaa2w,NCAA Division II Women's,college,W,San Diego,CA,32.717,-117.163,verified,1624,results_model,https://www.pointloma.edu/,https://www.rankedxi.com/crests/ncaa2w-point-loma-nazarene-university-sea-lions.png
point-park-university-pioneers-w,Point Park University Pioneers,ncaa2w,NCAA Division II Women's,college,W,Pittsburgh,PA,40.441,-80.003,verified,1497,results_model,https://www.pointpark.edu/,
post-university-eagles-w,Post University Eagles,ncaa2w,NCAA Division II Women's,college,W,Waterbury,CT,41.554,-73.044,verified,1442,results_model,https://posteagles.com/,https://www.rankedxi.com/crests/ncaa2w-post-university-eagles.png
purdue-university-northwest-pride-w,Purdue University Northwest Pride,ncaa2w,NCAA Division II Women's,college,W,Hammond,IN,41.617,-87.522,verified,1541,results_model,https://purdue.edu,https://www.rankedxi.com/crests/ncaa2w-purdue-university-northwest-pride.png
queens-college-knights-w,Queens College Knights,ncaa2w,NCAA Division II Women's,college,W,New York,NY,40.765,-73.817,verified,1495,results_model,https://queensknights.com/index.aspx,https://www.rankedxi.com/crests/ncaa2w-queens-college-knights.png
quincy-university-hawks-w,Quincy University Hawks,ncaa2w,NCAA Division II Women's,college,W,Quincy,IL,39.936,-91.41,verified,1568,results_model,https://quhawks.com/,https://www.rankedxi.com/crests/ncaa2w-quincy-university-hawks.png
regis-university-rangers-w,Regis University Rangers,ncaa2w,NCAA Division II Women's,college,W,Denver,CO,39.739,-104.985,verified,1593,results_model,https://regisrangers.com/,https://www.rankedxi.com/crests/ncaa2w-regis-university-rangers.png
roberts-wesleyan-university-redhawks-w,Roberts Wesleyan University Redhawks,ncaa2w,NCAA Division II Women's,college,W,Chili,NY,43.12,-77.806,verified,1548,results_model,https://www.roberts.edu/,https://www.rankedxi.com/crests/ncaa2w-roberts-wesleyan-university-redhawks.png
rockhurst-university-hawks-w,Rockhurst University Hawks,ncaa2w,NCAA Division II Women's,college,W,Kansas City,MO,39.1,-94.578,verified,1560,results_model,,https://www.rankedxi.com/crests/ncaa2w-rockhurst-university-hawks.png
rogers-state-university-hillcats-w,Rogers State University Hillcats,ncaa2w,NCAA Division II Women's,college,W,Claremore,OK,36.313,-95.616,verified,1524,results_model,https://rsuhillcats.com/,https://www.rankedxi.com/crests/ncaa2w-rogers-state-university-hillcats.png
rollins-college-tars-w,Rollins College Tars,ncaa2w,NCAA Division II Women's,college,W,Winter Park,FL,28.598,-81.351,verified,1583,results_model,https://rollinssports.com/,https://www.rankedxi.com/crests/ncaa2w-rollins-college-tars.png
roosevelt-university-lakers-w,Roosevelt University Lakers,ncaa2w,NCAA Division II Women's,college,W,Chicago,IL,41.876,-87.624,verified,1524,results_model,https://rooseveltlakers.com/,https://www.rankedxi.com/crests/ncaa2w-roosevelt-university-lakers.png
southern-connecticut-state-university-owls-w,Southern Connecticut State University Owls,ncaa2w,NCAA Division II Women's,college,W,New Haven,CT,41.333,-72.948,verified,1523,results_model,https://scsuowls.com/,https://www.rankedxi.com/crests/ncaa2w-southern-connecticut-state-university-owls.png
san-francisco-state-university-gators-w,San Francisco State University Gators,ncaa2w,NCAA Division II Women's,college,W,San Francisco,CA,37.723,-122.48,verified,1542,results_model,http://www.sfstategators.com,https://www.rankedxi.com/crests/ncaa2w-san-francisco-state-university-gators.png
southern-new-hampshire-university-penmen-w,Southern New Hampshire University Penmen,ncaa2w,NCAA Division II Women's,college,W,Manchester,NH,42.996,-71.455,verified,1547,results_model,http://www.snhu.edu,https://www.rankedxi.com/crests/ncaa2w-southern-new-hampshire-university-penmen.png
southern-wesleyan-university-warriors-w,Southern Wesleyan University Warriors,ncaa2w,NCAA Division II Women's,college,W,Central,SC,34.726,-82.78,verified,1486,results_model,https://www.swu.edu/,https://www.rankedxi.com/crests/ncaa2w-southern-wesleyan-university-warriors.png
university-of-south-carolina-aiken-pacers-w,University of South Carolina Aiken Pacers,ncaa2w,NCAA Division II Women's,college,W,Aiken,SC,33.572,-81.618,verified,1553,results_model,,https://www.rankedxi.com/crests/ncaa2w-university-of-south-carolina-aiken-pacers.png
university-of-south-carolina-beaufort-sand-sharks-w,University of South Carolina Beaufort Sand Sharks,ncaa2w,NCAA Division II Women's,college,W,Bluffton,SC,32.304,-80.971,verified,1572,results_model,https://www.uscb.edu/,https://www.rankedxi.com/crests/ncaa2w-university-of-south-carolina-beaufort-sand-sharks.png
southwest-baptist-university-bearcats-w,Southwest Baptist University Bearcats,ncaa2w,NCAA Division II Women's,college,W,Bolivar,MO,37.614,-93.411,verified,1504,results_model,https://www.sbuniv.edu/,https://www.rankedxi.com/crests/ncaa2w-southwest-baptist-university-bearcats.png
southwest-minnesota-state-university-mustangs-w,Southwest Minnesota State University Mustangs,ncaa2w,NCAA Division II Women's,college,W,Marshall,MN,44.454,-95.759,verified,1497,results_model,https://www.smsu.edu/,https://www.rankedxi.com/crests/ncaa2w-southwest-minnesota-state-university-mustangs.png
southwestern-oklahoma-state-university-bulldogs-w,Southwestern Oklahoma State University Bulldogs,ncaa2w,NCAA Division II Women's,college,W,Weatherford,OK,35.534,-98.708,verified,1554,results_model,https://www.swosu.edu/,https://www.rankedxi.com/crests/ncaa2w-southwestern-oklahoma-state-university-bulldogs.png
saginaw-valley-state-university-cardinals-w,Saginaw Valley State University Cardinals,ncaa2w,NCAA Division II Women's,college,W,Lansing,MI,42.738,-84.554,verified,1589,results_model,https://www.svsu.edu/,https://www.rankedxi.com/crests/ncaa2w-saginaw-valley-state-university-cardinals.png
salem-university-tigers-w,Salem University Tigers,ncaa2w,NCAA Division II Women's,college,W,Salem,WV,39.283,-80.559,verified,1430,results_model,,https://www.rankedxi.com/crests/ncaa2w-salem-university-tigers.png
seattle-pacific-university-falcons-w,Seattle Pacific University Falcons,ncaa2w,NCAA Division II Women's,college,W,Seattle,WA,47.604,-122.33,verified,1606,results_model,https://spufalcons.com/,https://www.rankedxi.com/crests/ncaa2w-seattle-pacific-university-falcons.png
seton-hill-university-griffins-w,Seton Hill University Griffins,ncaa2w,NCAA Division II Women's,college,W,Greensburg,PA,40.302,-79.544,verified,1487,results_model,https://athletics.setonhill.edu/,https://www.rankedxi.com/crests/ncaa2w-seton-hill-university-griffins.png
shaw-university-bears-w,Shaw University Bears,ncaa2w,NCAA Division II Women's,college,W,Raleigh,NC,35.78,-78.639,verified,1453,results_model,,https://www.rankedxi.com/crests/ncaa2w-shaw-university-bears.png
shepherd-university-rams-w,Shepherd University Rams,ncaa2w,NCAA Division II Women's,college,W,Shepherdstown,WV,39.43,-77.804,verified,1595,results_model,,https://www.rankedxi.com/crests/ncaa2w-shepherd-university-rams.png
shippensburg-university-raiders-w,Shippensburg University Raiders,ncaa2w,NCAA Division II Women's,college,W,Shippensburg,PA,40.062,-77.523,verified,1540,results_model,https://shipraiders.com/,https://www.rankedxi.com/crests/ncaa2w-shippensburg-university-raiders.png
shorter-university-hawks-w,Shorter University Hawks,ncaa2w,NCAA Division II Women's,college,W,Rome,GA,34.257,-85.165,verified,1430,results_model,,https://www.rankedxi.com/crests/ncaa2w-shorter-university-hawks.png
simon-fraser-university-red-leafs-w,Simon Fraser University Red Leafs,ncaa2w,NCAA Division II Women's,college,W,Burnaby,BC,,,verified,1630,results_model,http://www.sfu.ca/athletics,https://www.rankedxi.com/crests/ncaa2w-simon-fraser-university-red-leafs.png
university-of-sioux-falls-cougars-w,University of Sioux Falls Cougars,ncaa2w,NCAA Division II Women's,college,W,Sioux Falls,SD,43.531,-96.739,verified,1537,results_model,https://www.usiouxfalls.edu/,https://www.rankedxi.com/crests/ncaa2w-university-of-sioux-falls-cougars.png
slippery-rock-university-the-rock-w,Slippery Rock University The Rock,ncaa2w,NCAA Division II Women's,college,W,Slippery Rock,PA,41.062,-80.043,verified,1566,results_model,,https://www.rankedxi.com/crests/ncaa2w-slippery-rock-university-the-rock.png
southern-nazarene-university-crimson-storm-w,Southern Nazarene University Crimson Storm,ncaa2w,NCAA Division II Women's,college,W,Bethany,OK,35.519,-97.632,verified,1530,results_model,https://www.snu.edu/,https://www.rankedxi.com/crests/ncaa2w-southern-nazarene-university-crimson-storm.png
spring-hill-college-badgers-w,Spring Hill College Badgers,ncaa2w,NCAA Division II Women's,college,W,Mobile,AL,30.691,-88.044,verified,1554,results_model,http://www.springhilltn.org,https://www.rankedxi.com/crests/ncaa2w-spring-hill-college-badgers.png
saint-anselm-college-hawks-w,Saint Anselm College Hawks,ncaa2w,NCAA Division II Women's,college,W,Goffstown,NH,42.985,-71.506,verified,1577,results_model,http://anselm.edu,https://www.rankedxi.com/crests/ncaa2w-saint-anselm-college-hawks.png
st-cloud-state-university-huskies-w,St. Cloud State University Huskies,ncaa2w,NCAA Division II Women's,college,W,Saint Cloud,MN,45.562,-94.164,verified,1604,results_model,https://www.stcloudstate.edu/,https://www.rankedxi.com/crests/ncaa2w-st-cloud-state-university-huskies.png
st-edward-s-university-hilltoppers-w,St. Edward's University Hilltoppers,ncaa2w,NCAA Division II Women's,college,W,Austin,TX,30.233,-97.75,verified,1564,results_model,https://www.stedwards.edu,https://www.rankedxi.com/crests/ncaa2w-st-edward-s-university-hilltoppers.png
saint-leo-university-lions-w,Saint Leo University Lions,ncaa2w,NCAA Division II Women's,college,W,Saint Leo,FL,28.337,-82.259,verified,1536,results_model,https://www.ville-saint-leonard.fr/,https://www.rankedxi.com/crests/ncaa2w-saint-leo-university-lions.png
saint-martin-s-university-saints-w,Saint Martin's University Saints,ncaa2w,NCAA Division II Women's,college,W,Lacey,WA,47.041,-122.816,verified,1544,results_model,,https://www.rankedxi.com/crests/ncaa2w-saint-martin-s-university-saints.png
st-mary-s-university-rattlers-w,St. Mary's University Rattlers,ncaa2w,NCAA Division II Women's,college,W,San Antonio,TX,29.453,-98.562,verified,1585,results_model,https://rattlerathletics.com/,https://www.rankedxi.com/crests/ncaa2w-st-mary-s-university-rattlers.png
saint-michael-s-college-purple-knights-w,Saint Michael's College Purple Knights,ncaa2w,NCAA Division II Women's,college,W,Colchester,VT,44.495,-73.165,verified,1582,results_model,https://www.smcvt.edu/,https://www.rankedxi.com/crests/ncaa2w-saint-michael-s-college-purple-knights.png
college-of-staten-island-dolphins-w,College of Staten Island Dolphins,ncaa2w,NCAA Division II Women's,college,W,New York,NY,40.583,-74.15,verified,1468,results_model,http://csidolphins.com/,https://www.rankedxi.com/crests/ncaa2w-college-of-staten-island-dolphins.png
sul-ross-state-university-lobos-w,Sul Ross State University Lobos,ncaa2w,NCAA Division II Women's,college,W,Alpine,TX,30.36,-103.663,verified,1454,results_model,https://www.sulross.edu/,https://www.rankedxi.com/crests/ncaa2w-sul-ross-state-university-lobos.png
thomas-jefferson-university-rams-w,Thomas Jefferson University Rams,ncaa2w,NCAA Division II Women's,college,W,Philadelphia,PA,39.953,-75.164,verified,1583,results_model,,https://www.rankedxi.com/crests/ncaa2w-thomas-jefferson-university-rams.png
university-of-tampa-spartans-w,University of Tampa Spartans,ncaa2w,NCAA Division II Women's,college,W,Tampa,FL,27.945,-82.458,verified,1579,results_model,,https://www.rankedxi.com/crests/ncaa2w-university-of-tampa-spartans.png
texas-a-m-international-university-dustdevils-w,Texas A&M International University Dustdevils,ncaa2w,NCAA Division II Women's,college,W,Travis,TX,30.351,-97.95,verified,1542,results_model,http://www.tamiu.edu/,https://www.rankedxi.com/crests/ncaa2w-texas-a-m-international-university-dustdevils.png
texas-woman-s-university-pioneers-w,Texas Woman's University Pioneers,ncaa2w,NCAA Division II Women's,college,W,Denton,TX,33.225,-97.128,verified,1602,results_model,http://www.twuathletics.com/,https://www.rankedxi.com/crests/ncaa2w-texas-woman-s-university-pioneers.png
st-thomas-aquinas-college-spartans-w,St. Thomas Aquinas College Spartans,ncaa2w,NCAA Division II Women's,college,W,Orangetown,NY,41.029,-73.932,verified,1459,results_model,,https://www.rankedxi.com/crests/ncaa2w-st-thomas-aquinas-college-spartans.png
thomas-more-university-saints-w,Thomas More University Saints,ncaa2w,NCAA Division II Women's,college,W,Crestview Hills,KY,39.027,-84.585,verified,1519,results_model,,https://www.rankedxi.com/crests/ncaa2w-thomas-more-university-saints.png
tiffin-university-dragons-w,Tiffin University Dragons,ncaa2w,NCAA Division II Women's,college,W,Tiffin,OH,41.114,-83.178,verified,1504,results_model,https://gotiffindragons.com/,https://www.rankedxi.com/crests/ncaa2w-tiffin-university-dragons.png
trevecca-nazarene-university-trojans-w,Trevecca Nazarene University Trojans,ncaa2w,NCAA Division II Women's,college,W,Nashville,TN,36.162,-86.774,verified,1532,results_model,http://www.trevecca.edu,https://www.rankedxi.com/crests/ncaa2w-trevecca-nazarene-university-trojans.png
truman-state-university-bulldogs-w,Truman State University Bulldogs,ncaa2w,NCAA Division II Women's,college,W,Kirksville,MO,40.195,-92.583,verified,1531,results_model,http://www.truman.edu,https://www.rankedxi.com/crests/ncaa2w-truman-state-university-bulldogs.png
tusculum-university-pioneers-w,Tusculum University Pioneers,ncaa2w,NCAA Division II Women's,college,W,Greeneville,TN,36.173,-82.762,verified,1549,results_model,,https://www.rankedxi.com/crests/ncaa2w-tusculum-university-pioneers.png
university-of-california-merced-golden-bobcats-w,"University of California, Merced Golden Bobcats",ncaa2w,NCAA Division II Women's,college,W,Merced,CA,37.164,-120.768,verified,1592,results_model,https://www.ucmerced.edu/,
university-of-texas-at-dallas-comets-w,University of Texas at Dallas Comets,ncaa2w,NCAA Division II Women's,college,W,Richardson,TX,32.948,-96.73,verified,1588,results_model,,https://www.rankedxi.com/crests/ncaa2w-university-of-texas-at-dallas-comets.png
university-of-texas-at-tyler-patriots-w,University of Texas at Tyler Patriots,ncaa2w,NCAA Division II Women's,college,W,Tyler,TX,32.351,-95.301,verified,1587,results_model,https://uttylerpatriots.com/,https://www.rankedxi.com/crests/ncaa2w-university-of-texas-at-tyler-patriots.png
union-university-bulldogs-w,Union University Bulldogs,ncaa2w,NCAA Division II Women's,college,W,Jackson,TN,35.614,-88.818,verified,1542,results_model,https://uuathletics.com/,https://www.rankedxi.com/crests/ncaa2w-union-university-bulldogs.png
upper-iowa-university-peacocks-w,Upper Iowa University Peacocks,ncaa2w,NCAA Division II Women's,college,W,Fayette,IA,42.842,-91.85,verified,1492,results_model,https://uiu.edu/,https://www.rankedxi.com/crests/ncaa2w-upper-iowa-university-peacocks.png
ursuline-college-arrows-w,Ursuline College Arrows,ncaa2w,NCAA Division II Women's,college,W,Pepper Pike,OH,41.495,-81.467,verified,1495,results_model,,https://www.rankedxi.com/crests/ncaa2w-ursuline-college-arrows.png
valdosta-state-university-blazers-w,Valdosta State University Blazers,ncaa2w,NCAA Division II Women's,college,W,Valdosta,GA,30.847,-83.29,verified,1550,results_model,https://www.valdosta.edu/,https://www.rankedxi.com/crests/ncaa2w-valdosta-state-university-blazers.png
vanguard-university-lions-w,Vanguard University Lions,ncaa2w,NCAA Division II Women's,college,W,Costa Mesa,CA,33.663,-117.903,verified,1581,results_model,,https://www.rankedxi.com/crests/ncaa2w-vanguard-university-lions.png
virginia-state-university-trojans-w,Virginia State University Trojans,ncaa2w,NCAA Division II Women's,college,W,Chesterfield,VA,37.244,-77.429,verified,1441,results_model,https://www.vsu.edu/,https://www.rankedxi.com/crests/ncaa2w-virginia-state-university-trojans.png
western-oregon-university-wolves-w,Western Oregon University Wolves,ncaa2w,NCAA Division II Women's,college,W,Monmouth,OR,44.849,-123.229,verified,1608,results_model,https://wouwolves.com/,https://www.rankedxi.com/crests/ncaa2w-western-oregon-university-wolves.png
west-texas-a-m-university-buffaloes-w,West Texas A&M University Buffaloes,ncaa2w,NCAA Division II Women's,college,W,Canyon,TX,34.979,-101.928,verified,1541,results_model,http://www.wtamu.edu,https://www.rankedxi.com/crests/ncaa2w-west-texas-a-m-university-buffaloes.png
western-washington-university-vikings-w,Western Washington University Vikings,ncaa2w,NCAA Division II Women's,college,W,Bellingham,WA,48.754,-122.479,verified,1628,results_model,https://wwuvikings.com/,https://www.rankedxi.com/crests/ncaa2w-western-washington-university-vikings.png
university-of-wisconsinparkside-rangers-w,University of Wisconsin–Parkside Rangers,ncaa2w,NCAA Division II Women's,college,W,Kenosha,WI,42.585,-87.821,verified,1568,results_model,,https://www.rankedxi.com/crests/ncaa2w-university-of-wisconsinparkside-rangers.png
west-virginia-state-university-yellow-jackets-w,West Virginia State University Yellow Jackets,ncaa2w,NCAA Division II Women's,college,W,Institute,WV,38.383,-81.766,verified,1554,results_model,https://wvstateu.edu/,https://www.rankedxi.com/crests/ncaa2w-west-virginia-state-university-yellow-jackets.png
west-virginia-wesleyan-college-bobcats-w,West Virginia Wesleyan College Bobcats,ncaa2w,NCAA Division II Women's,college,W,Buckhannon,WV,38.994,-80.232,verified,1487,results_model,https://www.wvwc.edu/,https://www.rankedxi.com/crests/ncaa2w-west-virginia-wesleyan-college-bobcats.png
walsh-university-cavaliers-w,Walsh University Cavaliers,ncaa2w,NCAA Division II Women's,college,W,North Canton,OH,40.876,-81.402,verified,1539,results_model,https://athletics.walsh.edu/,https://www.rankedxi.com/crests/ncaa2w-walsh-university-cavaliers.png
washburn-university-ichabods-w,Washburn University Ichabods,ncaa2w,NCAA Division II Women's,college,W,Topeka,KS,39.034,-95.699,verified,1608,results_model,https://wusports.com/,https://www.rankedxi.com/crests/ncaa2w-washburn-university-ichabods.png
wayne-state-college-wildcats-w,Wayne State College Wildcats,ncaa2w,NCAA Division II Women's,college,W,Wayne,NE,42.241,-97.015,verified,1542,results_model,https://wayne.edu,https://www.rankedxi.com/crests/ncaa2w-wayne-state-college-wildcats.png
university-of-west-alabama-tigers-w,University of West Alabama Tigers,ncaa2w,NCAA Division II Women's,college,W,Livingston,AL,32.584,-88.187,verified,1572,results_model,https://uwaathletics.com/,https://www.rankedxi.com/crests/ncaa2w-university-of-west-alabama-tigers.png
west-chester-university-golden-rams-w,West Chester University Golden Rams,ncaa2w,NCAA Division II Women's,college,W,West Chester,PA,39.96,-75.604,verified,1605,results_model,https://www.wcupa.edu/music/marchingband.aspx,https://www.rankedxi.com/crests/ncaa2w-west-chester-university-golden-rams.png
university-of-west-florida-argonauts-w,University of West Florida Argonauts,ncaa2w,NCAA Division II Women's,college,W,Pensacola,FL,30.549,-87.218,verified,1620,results_model,https://goargos.com/,https://www.rankedxi.com/crests/ncaa2w-university-of-west-florida-argonauts.png
west-liberty-university-hilltoppers-w,West Liberty University Hilltoppers,ncaa2w,NCAA Division II Women's,college,W,West Liberty,WV,40.17,-80.594,verified,1449,results_model,http://www.cityofwestliberty.com,https://www.rankedxi.com/crests/ncaa2w-west-liberty-university-hilltoppers.png
western-colorado-university-mountaineers-w,Western Colorado University Mountaineers,ncaa2w,NCAA Division II Women's,college,W,Gunnison,CO,38.549,-106.92,verified,1509,results_model,https://western.edu/,https://www.rankedxi.com/crests/ncaa2w-western-colorado-university-mountaineers.png
westminster-university-griffins-w,Westminster University Griffins,ncaa2w,NCAA Division II Women's,college,W,Salt Lake City,UT,40.76,-111.887,verified,1587,results_model,https://westminsteru.edu/,https://www.rankedxi.com/crests/ncaa2w-westminster-university-griffins.png
westmont-college-warriors-w,Westmont College Warriors,ncaa2w,NCAA Division II Women's,college,W,Santa Barbara,CA,34.422,-119.703,verified,1591,results_model,https://athletics.westmont.edu/,https://www.rankedxi.com/crests/ncaa2w-westmont-college-warriors.png
wheeling-university-cardinals-w,Wheeling University Cardinals,ncaa2w,NCAA Division II Women's,college,W,Wheeling,WV,40.064,-80.721,verified,1453,results_model,https://athletics.wju.edu/,https://www.rankedxi.com/crests/ncaa2w-wheeling-university-cardinals.png
wilmington-university-wildcats-w,Wilmington University Wildcats,ncaa2w,NCAA Division II Women's,college,W,New Castle,DE,39.616,-75.663,verified,1550,results_model,,https://www.rankedxi.com/crests/ncaa2w-wilmington-university-wildcats.png
wingate-university-bulldogs-w,Wingate University Bulldogs,ncaa2w,NCAA Division II Women's,college,W,Wingate,NC,34.984,-80.449,verified,1584,results_model,https://wingatebulldogs.com/,https://www.rankedxi.com/crests/ncaa2w-wingate-university-bulldogs.png
winona-state-university-warriors-w,Winona State University Warriors,ncaa2w,NCAA Division II Women's,college,W,Winona,MN,44.047,-91.643,verified,1559,results_model,http://www.winona.edu,https://www.rankedxi.com/crests/ncaa2w-winona-state-university-warriors.png
jessup-university-warriors-w,Jessup University Warriors,ncaa2w,NCAA Division II Women's,college,W,Rocklin,CA,38.791,-121.236,verified,1539,results_model,https://jessupathletics.com/,https://www.rankedxi.com/crests/ncaa2w-jessup-university-warriors.png
william-jewell-college-cardinals-w,William Jewell College Cardinals,ncaa2w,NCAA Division II Women's,college,W,Liberty,MO,39.246,-94.419,verified,1481,results_model,https://jewellcardinals.com/,https://www.rankedxi.com/crests/ncaa2w-william-jewell-college-cardinals.png
young-harris-college-mountain-lions-w,Young Harris College Mountain Lions,ncaa2w,NCAA Division II Women's,college,W,Young Harris,GA,34.933,-83.847,verified,1533,results_model,https://www.yhc.edu/,https://www.rankedxi.com/crests/ncaa2w-young-harris-college-mountain-lions.png
ac-river,AC River,mlsnext,MLS NEXT,youth,M,San Antonio,TX,29.425,-98.495,verified,,,,
achilles-fc,Achilles FC,mlsnext,MLS NEXT,youth,M,Silver Spring,MD,39,-77.024,verified,,,,https://www.rankedxi.com/crests/mlsnext-achilles-fc.png
albion-sc-las-vegas,Albion SC Las Vegas,mlsnext,MLS NEXT,youth,M,Las Vegas,NV,36.167,-115.148,verified,,,,https://www.rankedxi.com/crests/mlsnext-albion-sc-las-vegas.png
albion-sc-merced,Albion SC Merced,mlsnext,MLS NEXT,youth,M,Merced,CA,37.164,-120.768,verified,,,,https://www.rankedxi.com/crests/mlsnext-albion-sc-merced.png
alexandria-sa,Alexandria SA,mlsnext,MLS NEXT,youth,M,Alexandria,VA,38.805,-77.047,verified,,,,https://www.rankedxi.com/crests/mlsnext-alexandria-sa.png
asg-fc,ASG FC,mlsnext,MLS NEXT,youth,M,Tallahassee,FL,30.438,-84.281,verified,,,,
atletico-santa-rosa,Atletico Santa Rosa,mlsnext,MLS NEXT,youth,M,Santa Rosa,CA,38.44,-122.714,verified,,,,https://www.rankedxi.com/crests/mlsnext-atletico-santa-rosa.png
baltimore-armour,Baltimore Armour,mlsnext,MLS NEXT,youth,M,Ellicott City,MD,39.276,-76.832,verified,,,https://www.sackick.com/baltimore-armour,https://www.rankedxi.com/crests/mlsnext-baltimore-armour.png
barca-residency-academy,Barca Residency Academy,mlsnext,MLS NEXT,youth,M,Casa Grande,AZ,32.877,-111.754,verified,,,,
bayside-fc,Bayside FC,mlsnext,MLS NEXT,youth,M,East Providence,RI,41.819,-71.376,verified,,,,https://www.rankedxi.com/crests/mlsnext-bayside-fc.png
beachside-of-connecticut,Beachside of Connecticut,mlsnext,MLS NEXT,youth,M,Norwalk,CT,41.118,-73.408,verified,,,,
breakers-fc,Breakers FC,mlsnext,MLS NEXT,youth,M,Aptos,CA,36.994,-121.89,verified,,,,
california-odyssey-soccer-club,California Odyssey Soccer Club,mlsnext,MLS NEXT,youth,M,Clovis,CA,36.825,-119.703,verified,,,https://californiaodyssey.org/,https://www.rankedxi.com/crests/ecnlg-california-odyssey-soccer-club.png
capital-city-soccer-club,Capital City Soccer Club,mlsnext,MLS NEXT,youth,M,Austin,TX,30.271,-97.744,verified,,,,https://www.rankedxi.com/crests/mlsnext-capital-city-soccer-club.png
cedar-stars-academy-bergen,Cedar Stars Academy – Bergen,mlsnext,MLS NEXT,youth,M,South Hackensack,NJ,40.87,-74.05,verified,,,,https://www.rankedxi.com/crests/mlsnext-cedar-stars-academy-bergen.png
cedar-stars-academy-monmouth,Cedar Stars Academy – Monmouth,mlsnext,MLS NEXT,youth,M,Tinton Falls,NJ,40.289,-74.093,verified,,,,https://www.rankedxi.com/crests/mlsnext-cedar-stars-academy-monmouth.png
chargers-sc,Chargers SC,mlsnext,MLS NEXT,youth,M,Clearwater,FL,27.966,-82.8,verified,,,,https://www.rankedxi.com/crests/mlsnext-chargers-sc.png
chicago-fc-united,Chicago FC United,mlsnext,MLS NEXT,youth,M,Glenview,IL,42.07,-87.811,verified,,,https://www.chicagofcunited.com,
cincinnati-united-premier,Cincinnati United Premier,mlsnext,MLS NEXT,youth,M,Cincinnati,OH,39.101,-84.513,verified,,,,https://www.rankedxi.com/crests/mlsnext-cincinnati-united-premier.png
connecticut-united-fc,Connecticut United FC,mlsnext,MLS NEXT,youth,M,Bridgeport,CT,41.179,-73.189,verified,,,,
de-anza-force,De Anza Force,mlsnext,MLS NEXT,youth,M,San Jose,CA,37.336,-121.891,verified,,,,
diablo-valley-wolves,Diablo Valley Wolves,mlsnext,MLS NEXT,youth,M,Concord,CA,37.977,-122.034,verified,,,,
downtown-united-sc,Downtown United SC,mlsnext,MLS NEXT,youth,M,New York,NY,40.713,-74.006,verified,,,,
empire-united-sc,Empire United SC,mlsnext,MLS NEXT,youth,M,Rochester,NY,43.157,-77.615,verified,,,,
fa-euro-new-york,FA Euro New York,mlsnext,MLS NEXT,youth,M,Brooklyn,NY,40.653,-73.95,verified,,,,https://www.rankedxi.com/crests/mlsnext-fa-euro-new-york.png
fc-bay-area,FC Bay Area,mlsnext,MLS NEXT,youth,M,San Jose,CA,37.336,-121.891,verified,,,,
fc-delco,FC Delco,mlsnext,MLS NEXT,youth,M,Downingtown,PA,40.006,-75.703,verified,,,,https://www.rankedxi.com/crests/ecnlg-fc-delco.png
fc-golden-state-force,FC Golden State Force,mlsnext,MLS NEXT,youth,M,Jurupa Valley,CA,33.98,-117.452,verified,,,https://www.fcgsforce.com,https://www.rankedxi.com/crests/mlsnext-fc-golden-state-force.png
florida-rush-sc,Florida Rush SC,mlsnext,MLS NEXT,youth,M,Clermont,FL,28.555,-81.767,verified,,,,
hoosier-premier-academy,Hoosier Premier Academy,mlsnext,MLS NEXT,youth,M,Noblesville,IN,40.046,-86.014,verified,,,,
hoover-vestavia-soccer-hvs,Hoover-Vestavia Soccer (HVS),mlsnext,MLS NEXT,youth,M,Birmingham,AL,33.521,-86.802,verified,,,,
houston-rangers,Houston Rangers,mlsnext,MLS NEXT,youth,M,Houston,TX,29.759,-95.368,verified,,,,https://www.rankedxi.com/crests/mlsnext-houston-rangers.png
ideasport-soccer-academy,IdeaSport Soccer Academy,mlsnext,MLS NEXT,youth,M,Kissimmee,FL,28.292,-81.408,verified,,,,https://www.rankedxi.com/crests/mlsnext-ideasport-soccer-academy.png
idea-toros-futbol-academy,Idea Toros Fútbol Academy,mlsnext,MLS NEXT,youth,M,Edinburg,TX,26.301,-98.162,verified,,,,
indiana-fire-academy,Indiana Fire Academy,mlsnext,MLS NEXT,youth,M,Carmel,IN,39.978,-86.128,verified,,,,
inter-atlanta-fc,Inter Atlanta FC,mlsnext,MLS NEXT,youth,M,Atlanta,GA,33.754,-84.39,verified,,,,
ifa-of-new-england,IFA of New England,mlsnext,MLS NEXT,youth,M,Newton,MA,42.33,-71.195,verified,,,,
kalonji-sa-ksa,Kalonji SA (KSA),mlsnext,MLS NEXT,youth,M,Norcross,GA,33.941,-84.214,verified,,,,
kings-hammer-soccer-club,Kings Hammer Soccer Club,mlsnext,MLS NEXT,youth,M,Covington,KY,39.083,-84.511,verified,,,,https://www.rankedxi.com/crests/mlsnext-kings-hammer-soccer-club.png
jacksonville-fc,Jacksonville FC,mlsnext,MLS NEXT,youth,M,Jacksonville,FL,30.326,-81.658,verified,,,http://JFCSoccer.com/,https://www.rankedxi.com/crests/ecnlg-jacksonville-fc.png
javanon-fc,Javanon FC,mlsnext,MLS NEXT,youth,M,Louisville,KY,38.254,-85.759,verified,,,,
la-united-futbol-academy,LA United Futbol Academy,mlsnext,MLS NEXT,youth,M,Los Angeles,CA,34.054,-118.243,verified,,,,
lamorinda-fc,Lamorinda FC,mlsnext,MLS NEXT,youth,M,Moraga,CA,37.835,-122.129,verified,,,,
lanier-sc,Lanier SC,mlsnext,MLS NEXT,youth,M,Atlanta,GA,33.754,-84.39,verified,,,,
las-vegas-sa,Las Vegas SA,mlsnext,MLS NEXT,youth,M,Las Vegas,NV,36.167,-115.148,verified,,,,
long-island-soccer-club,Long Island Soccer Club,mlsnext,MLS NEXT,youth,M,Uniondale,NY,40.716,-73.59,verified,,,,https://www.rankedxi.com/crests/mlsnext-long-island-soccer-club.png
los-angeles-bulls-sc,Los Angeles Bulls SC,mlsnext,MLS NEXT,youth,M,Pacific Palisades,CA,34.048,-118.526,verified,,,,https://www.rankedxi.com/crests/mlsnext-los-angeles-bulls-sc.png
louisiana-tdp-elite,Louisiana TDP Elite,mlsnext,MLS NEXT,youth,M,Baton Rouge,LA,30.449,-91.187,verified,,,,
metropolitan-oval,Metropolitan Oval,mlsnext,MLS NEXT,youth,M,Queens,NY,40.714,-73.828,verified,,,,https://www.rankedxi.com/crests/mlsnext-metropolitan-oval.png
miami-rush-kendall-sc,Miami Rush-Kendall SC,mlsnext,MLS NEXT,youth,M,Miami,FL,25.774,-80.194,verified,,,,https://www.rankedxi.com/crests/mlsnext-miami-rush-kendall-sc.png
michigan-wolves,Michigan Wolves,mlsnext,MLS NEXT,youth,M,Farmington Hills,MI,42.485,-83.377,verified,,,,
modesto-ajax-united,Modesto Ajax United,mlsnext,MLS NEXT,youth,M,Modesto,CA,37.639,-120.997,verified,,,,https://www.rankedxi.com/crests/ga-ajax-united.png
murrieta-soccer-academy,Murrieta Soccer Academy,mlsnext,MLS NEXT,youth,M,Murrieta,CA,33.561,-117.211,verified,,,,https://www.rankedxi.com/crests/mlsnext-murrieta-soccer-academy.png
napa-united,Napa United,mlsnext,MLS NEXT,youth,M,Napa,CA,38.49,-122.322,verified,,,,https://www.rankedxi.com/crests/mlsnext-napa-united.png
nashville-united,Nashville United,mlsnext,MLS NEXT,youth,M,Brentford,TN,36.516,-82.492,verified,,,,
nefc,NEFC,mlsnext,MLS NEXT,youth,M,Mendon,MA,42.108,-71.554,verified,,,,https://www.rankedxi.com/crests/mlsnext-nefc.png
new-york-sc,New York SC,mlsnext,MLS NEXT,youth,M,Purchase,NY,41.041,-73.714,verified,,,https://newyorksoccerclub.org,
oakwood-sc,Oakwood SC,mlsnext,MLS NEXT,youth,M,Glastonbury,CT,41.712,-72.608,verified,,,,https://www.rankedxi.com/crests/mlsnext-oakwood-sc.png
orlando-city-soccer-school-south,Orlando City Soccer School South,mlsnext,MLS NEXT,youth,M,Kissimmee,FL,28.292,-81.408,verified,,,,https://www.rankedxi.com/crests/mlsnext-orlando-city-soccer-school-south.png
orlando-city-soccer-school-seminole,Orlando City Soccer School – Seminole,mlsnext,MLS NEXT,youth,M,Sanford,FL,28.812,-81.268,verified,,,,https://www.rankedxi.com/crests/mlsnext-orlando-city-soccer-school-south.png
queen-city-mutiny,Queen City Mutiny,mlsnext,MLS NEXT,youth,M,Charlotte,NC,35.227,-80.843,verified,,,,
real-jersey-fc,Real Jersey FC,mlsnext,MLS NEXT,youth,M,Medford,NJ,39.901,-74.823,verified,,,,
rsl-arizona-mesa,RSL Arizona – Mesa,mlsnext,MLS NEXT,youth,M,Mesa,AZ,33.415,-111.831,verified,,,,
san-francisco-seals,San Francisco Seals,mlsnext,MLS NEXT,youth,M,San Francisco,CA,37.788,-122.408,verified,,,,https://www.rankedxi.com/crests/mlsnext-san-francisco-seals.png
santa-barbara-sc,Santa Barbara SC,mlsnext,MLS NEXT,youth,M,Santa Barbara,CA,34.422,-119.703,verified,,,,https://www.rankedxi.com/crests/mlsnext-santa-barbara-sc.png
sc-del-sol,SC Del Sol,mlsnext,MLS NEXT,youth,M,Phoenix,AZ,33.448,-112.074,verified,,,,
seacoast-united,Seacoast United,mlsnext,MLS NEXT,youth,M,Hampton,NH,42.942,-70.838,verified,,,,https://www.rankedxi.com/crests/mlsnext-seacoast-united.png
shattuck-st-mary-s,Shattuck-St. Mary's,mlsnext,MLS NEXT,youth,M,Faribault,MN,43.665,-93.951,verified,,,,
sheriffs-futbol-club,Sheriffs Futbol Club,mlsnext,MLS NEXT,youth,M,Hayward,CA,37.669,-122.081,verified,,,,https://www.rankedxi.com/crests/ecrlb-sheriffs-fc.png
silicon-valley-sa,Silicon Valley SA,mlsnext,MLS NEXT,youth,M,Palo Alto,CA,37.444,-122.16,verified,,,,
sockers-fc-chicago,Sockers FC Chicago,mlsnext,MLS NEXT,youth,M,Palatine,IL,42.111,-88.043,verified,,,,https://www.rankedxi.com/crests/ga-sockers-fc.png
solar-sc,Solar SC,mlsnext,MLS NEXT,youth,M,Allen,TX,33.103,-96.671,verified,,,https://www.solarsoccerclub.net,https://www.rankedxi.com/crests/ecnlg-solar-sc.png
south-florida-fa,South Florida FA,mlsnext,MLS NEXT,youth,M,Boca Raton,FL,26.359,-80.083,verified,,,,https://www.rankedxi.com/crests/mlsnext-south-florida-fa.png
southern-soccer-academy,Southern Soccer Academy,mlsnext,MLS NEXT,youth,M,Atlanta,GA,33.754,-84.39,verified,,,https://www.ssaswarm.com/ssa-swarm-fc,https://www.rankedxi.com/crests/mlsnext-southern-soccer-academy.png
southern-states-soccer-club,Southern States Soccer Club,mlsnext,MLS NEXT,youth,M,Hattiesburg,MS,31.327,-89.29,verified,,,,
sporting-athletic-club,Sporting Athletic Club,mlsnext,MLS NEXT,youth,M,Wilmington,DE,39.746,-75.547,verified,,,,https://www.rankedxi.com/crests/mlsnext-sporting-athletic-club.png
sporting-city,Sporting City,mlsnext,MLS NEXT,youth,M,Kansas City,MO,39.1,-94.578,verified,,,,
springfield-south-county-youth-club,Springfield South County Youth Club,mlsnext,MLS NEXT,youth,M,Springfield,VA,38.775,-77.18,verified,,,,https://www.rankedxi.com/crests/gaa-springfield-syc-soccer.png
strikers-fc,Strikers FC,mlsnext,MLS NEXT,youth,M,Irvine,CA,33.686,-117.826,verified,,,,https://www.rankedxi.com/crests/mlsnext-strikers-fc.png
tampa-bay-united-rowdies,Tampa Bay United Rowdies,mlsnext,MLS NEXT,youth,M,Tampa,FL,27.945,-82.458,verified,,,,https://www.rankedxi.com/crests/mlsnext-tampa-bay-united-rowdies.png
tormenta-fc,Tormenta FC,mlsnext,MLS NEXT,youth,M,Statesboro,GA,32.449,-81.783,verified,,,,
total-futbol-academy,Total Futbol Academy,mlsnext,MLS NEXT,youth,M,Los Angeles,CA,34.054,-118.243,verified,,,,https://www.rankedxi.com/crests/mlsnext-total-futbol-academy.png
total-football-club,Total Football Club,mlsnext,MLS NEXT,youth,M,Katy,TX,29.786,-95.824,verified,,,,
triangle-united-soccer,Triangle United Soccer,mlsnext,MLS NEXT,youth,M,Chapel Hill,NC,35.913,-79.056,verified,,,,https://www.rankedxi.com/crests/mlsnext-triangle-united-soccer.png
tsf-academy,TSF Academy,mlsnext,MLS NEXT,youth,M,Lincoln Park,NJ,40.924,-74.302,verified,,,,
valeo-futbol-club,Valeo Futbol Club,mlsnext,MLS NEXT,youth,M,Newton,MA,42.33,-71.195,verified,,,,
west-virginia-soccer,West Virginia Soccer,mlsnext,MLS NEXT,youth,M,Shepherdstown,WV,39.43,-77.804,verified,,,,
vardar-soccer-club,VARDAR Soccer Club,mlsnext,MLS NEXT,youth,M,Rochester Hills,MI,42.658,-83.15,verified,,,,
woodside-soccer-club-crush,Woodside Soccer Club Crush,mlsnext,MLS NEXT,youth,M,Redwood City,CA,37.486,-122.233,verified,,,,
blau-weiss-gottschee,Blau Weiss Gottschee,mlsnext,MLS NEXT,youth,M,Middle Villages,NY,40.718,-73.879,verified,,,,https://www.rankedxi.com/crests/mlsnext-blau-weiss-gottschee.png
firebirds-sc,Firebirds SC,uws2,UWS League Two,amateur,W,Lombard,IL,41.886,-88.02,verified,,,,https://www.rankedxi.com/crests/uws2-firebirds-sc.png
force-fc-ii,Force FC II,uws2,UWS League Two,amateur,W,Crystal Lake,IL,42.2411,-88.3162,verified,,,,https://www.rankedxi.com/crests/uws2-force-fc-ii.png
rockford-raptors-fc-ii,Rockford Raptors FC II,uws2,UWS League Two,amateur,W,Loves Park,IL,42.32,-89.0582,verified,,,,https://www.rankedxi.com/crests/uws2-rockford-raptors-fc-ii.png
team-chicago,Team Chicago,uws2,UWS League Two,amateur,W,Aurora,IL,41.757,-88.315,verified,,,,https://www.rankedxi.com/crests/uws2-team-chicago.png
wheaton-united-sc,Wheaton United SC,uws2,UWS League Two,amateur,W,Wheaton,IL,41.865,-88.11,verified,,,,https://www.rankedxi.com/crests/uws2-wheaton-united-sc.png
river-light-fc-uws2,River Light FC,uws2,UWS League Two,amateur,W,Aurora,IL,41.757,-88.315,verified,,,,https://www.rankedxi.com/crests/uws2-river-light-fc-uws2.png
steel-city-fc-uws2,Steel City FC,uws2,UWS League Two,amateur,W,Joliet,IL,41.526,-88.084,verified,,,https://www.steelcityfc.com/,https://www.rankedxi.com/crests/uws2-steel-city-fc-uws2.png
gulf-coast-united-gcpl,Gulf Coast United,gcpl,Gulf Coast Premier League,amateur,M,Gulfport,MS,30.367,-89.093,verified,,,,https://www.rankedxi.com/crests/wpsl-gulf-coast-united.png
invictus-fc-gcpl,Invictus FC,gcpl,Gulf Coast Premier League,amateur,M,McComb,MS,31.244,-90.454,verified,,,,
mississippi-blues-fc,Mississippi Blues FC,gcpl,Gulf Coast Premier League,amateur,M,Clinton,MS,32.341,-90.322,verified,,,,https://www.rankedxi.com/crests/wpsl-mississippi-blues-sc.png
central-louisiana-fc,Central Louisiana FC,gcpl,Gulf Coast Premier League,amateur,M,Alexandria,LA,31.312,-92.445,verified,,,,
red-river-fc,Red River FC,gcpl,Gulf Coast Premier League,amateur,M,Bossier City,LA,32.516,-93.734,verified,,,,https://www.rankedxi.com/crests/gcpl-red-river-fc.png
shreveport-united-gcpl,Shreveport United,gcpl,Gulf Coast Premier League,amateur,M,Shreveport,LA,32.514,-93.748,verified,,,,https://www.rankedxi.com/crests/wpsl-shreveport-united.png
twin-cities-fc,Twin Cities FC,gcpl,Gulf Coast Premier League,amateur,M,West Monroe,LA,32.518,-92.148,verified,,,,
brsc-capitals,BRSC Capitals,gcpl,Gulf Coast Premier League,amateur,M,Baton Rouge,LA,30.449,-91.187,verified,,,,
la-krewe-rush,LA Krewe Rush,gcpl,Gulf Coast Premier League,amateur,M,Lafayette,LA,30.226,-92.018,verified,,,,
louisiana-fire-fc,Louisiana Fire FC,gcpl,Gulf Coast Premier League,amateur,M,Kenner,LA,29.994,-90.242,verified,,,,
swla-hurricanes,SWLA Hurricanes,gcpl,Gulf Coast Premier League,amateur,M,Lake Charles,LA,30.231,-93.217,verified,,,,
afc-lightning,AFC Lightning,mlsnext,MLS NEXT,youth,M,Peachtree City,GA,33.398,-84.59,verified,,,,
athletum-fc-mlsnext,Athletum FC,mlsnext,MLS NEXT,youth,M,Hialeah,FL,25.827,-80.281,verified,,,,https://www.rankedxi.com/crests/mlsnext-athletum-fc.png
ballistic-united,Ballistic United,mlsnext,MLS NEXT,youth,M,Pleasanton,CA,37.662,-121.875,verified,,,,https://www.rankedxi.com/crests/upsl-ballistic-united-soccer-club.png
sc-wave,SC Wave,mlsnext,MLS NEXT,youth,M,Franklin,WI,42.889,-88.038,verified,,,https://www.scwave.org/field-info,https://www.rankedxi.com/crests/mlsnext-sc-wave.png
wake-futbol-club-mlsnext,Wake Futbol Club,mlsnext,MLS NEXT,youth,M,Holly Springs,NC,35.651,-78.834,verified,,,,https://www.rankedxi.com/crests/upsl-wake-futbol-club.png
1974-newark-fc,1974 Newark FC,ecnlb,ECNL Boys,youth,M,Newark,CA,37.53,-122.04,verified,,,,https://www.rankedxi.com/crests/ecnlb-1974-newark-fc.png
ac-florida-west,AC Florida West,ecnlb,ECNL Boys,youth,M,Fort Myers,FL,26.641,-81.872,verified,,,,https://www.rankedxi.com/crests/ecnlb-ac-florida-west.png
alabama-fc,Alabama FC,ecnlb,ECNL Boys,youth,M,Birmingham,AL,33.521,-86.802,verified,,,https://www.birminghamunited.com,https://www.rankedxi.com/crests/ecnlb-alabama-fc.png
albion-hurricanes-fc,Albion Hurricanes FC,ecnlb,ECNL Boys,youth,M,Houston,TX,29.759,-95.368,verified,,,http://www.albionhurricanes.org/,https://www.rankedxi.com/crests/ecnlb-albion-hurricanes-fc.png
arkansas-comets-fc,Arkansas Comets FC,ecnlb,ECNL Boys,youth,M,Fayetteville,AR,36.063,-94.157,verified,,,https://www.arkansascometsfc.com/,https://www.rankedxi.com/crests/ecnlb-arkansas-comets-fc.png
arlington-soccer-association,Arlington Soccer Association,ecnlb,ECNL Boys,youth,M,Arlington,VA,38.877,-77.089,verified,,,https://www.arlingtonsoccer.com/,https://www.rankedxi.com/crests/ecnlb-arlington-soccer-association.png
association-football-club,Association Football Club,ecnlb,ECNL Boys,youth,M,Oakland,CA,37.804,-122.271,verified,,,https://www.associationfc.org/,https://www.rankedxi.com/crests/ecnlb-association-football-club.png
athlete-one,athlete one,ecnlb,ECNL Boys,youth,M,California,CA,37.875,-122.239,verified,,,,https://www.rankedxi.com/crests/ecnlb-athlete-one.png
baltimore-celtic-soccer-club,Baltimore Celtic Soccer Club,ecnlb,ECNL Boys,youth,M,Mount Airy,MD,39.377,-77.155,verified,,,https://baltimoreceltic.com/,https://www.rankedxi.com/crests/ecnlb-baltimore-celtic-soccer-club.png
bay-area-surf,Bay Area Surf,ecnlg,ECNL Girls,youth,W,Bay Area,CA,37.788,-122.356,verified,,,https://www.bayareasurf.org,https://www.rankedxi.com/crests/ecnlb-bay-area-surf.png
beach-fc,Beach FC,ecnlb,ECNL Boys,youth,M,Virginia Beach,VA,36.85,-75.976,verified,,,https://www.beachfc.com/,https://www.rankedxi.com/crests/ecnlb-beach-fc.png
boise-timbers-thorns,Boise Timbers | Thorns,ecnlb,ECNL Boys,youth,M,Meridian,ID,43.609,-116.392,verified,,,http://www.boisetimbersthorns.org,https://www.rankedxi.com/crests/ecnlb-boise-timbers-thorns.png
bvb-international-academy-texas,BVB International Academy Texas,ecnlb,ECNL Boys,youth,M,Carrollton,TX,32.952,-96.903,verified,,,https://www.bvbinternationalacademy-ntx.com/,https://www.rankedxi.com/crests/ecnlb-bvb-international-academy-texas.png
capital-fc,Capital FC,ecnlb,ECNL Boys,youth,M,Salem,OR,44.939,-123.033,verified,,,https://www.cfcsalem.com/,https://www.rankedxi.com/crests/ecnlb-capital-fc.png
carolina-elite-soccer-academy,Carolina Elite Soccer Academy,ecnlb,ECNL Boys,youth,M,Greenville,SC,34.851,-82.398,verified,,,http://www.carolinaelitesc.com/,https://www.rankedxi.com/crests/ecnlb-carolina-elite-soccer-academy.png
ccv-stars,CCV STARS,ecnlb,ECNL Boys,youth,M,Peoria,AZ,33.581,-112.237,verified,,,https://ccvstarssc.com/,https://www.rankedxi.com/crests/ecnlb-ccv-stars.png
cda-slammers-fc,CDA Slammers FC,ecnlb,ECNL Boys,youth,M,Cerritos,CA,33.864,-118.054,verified,,,https://cdaslammers.com/,https://www.rankedxi.com/crests/ecnlb-cda-slammers-fc.png
chicago-magic-soccer-club,Chicago Magic Soccer Club,ecnlb,ECNL Boys,youth,M,Highland Park,IL,42.184,-87.799,verified,,,https://www.chicagomagicsoccerclub.com,https://www.rankedxi.com/crests/ecnlb-chicago-magic-soccer-club.png
colorado-edge,Colorado EDGE,ecnlb,ECNL Boys,youth,M,Arvada,CO,39.801,-105.081,verified,,,,https://www.rankedxi.com/crests/ecnlb-colorado-edge.png
colorado-rush,Colorado Rush,ecnlb,ECNL Boys,youth,M,"Denver, CO 80231",CO,39.739,-104.985,verified,,,http://www.coloradorush.com/,https://www.rankedxi.com/crests/ecnlb-colorado-rush.png
columbia-premier-soccer-club,Columbia Premier Soccer Club,ecnlb,ECNL Boys,youth,M,Vancouver,WA,45.631,-122.674,verified,,,https://www.columbiapremier.com,https://www.rankedxi.com/crests/ecnlb-columbia-premier-soccer-club.png
concorde-fire,Concorde Fire,ecnlb,ECNL Boys,youth,M,Atlanta,GA,33.754,-84.39,verified,,,https://www.concordefire.com,https://www.rankedxi.com/crests/ecnlb-concorde-fire.png
crossfire-premier,Crossfire Premier,ecnlb,ECNL Boys,youth,M,Kirkland,WA,47.677,-122.207,verified,,,,https://www.rankedxi.com/crests/ecnlb-crossfire-premier.png
dallas-texans,Dallas Texans,ecnlb,ECNL Boys,youth,M,Dallas,TX,32.776,-96.797,verified,,,http://www.dallastexans.com/,https://www.rankedxi.com/crests/ecnlb-dallas-texans.png
delaware-football-club,Delaware Football Club,ecnlb,ECNL Boys,youth,M,Hockessin,DE,39.787,-75.688,verified,,,,https://www.rankedxi.com/crests/ecnlb-delaware-football-club.png
dksc,DKSC,ecnlb,ECNL Boys,youth,M,Farmers Branch,TX,32.927,-96.896,verified,,,https://www.dksclub.com,https://www.rankedxi.com/crests/ecnlb-dksc.png
doral-sc,Doral SC,ecnlb,ECNL Boys,youth,M,Doral,FL,25.82,-80.355,verified,,,https://www.doralsoccerclub.com/,https://www.rankedxi.com/crests/ecnlb-doral-sc.png
east-coast-surf,East Coast Surf,ecnlb,ECNL Boys,youth,M,NY,NY,42.684,-73.848,verified,,,https://www.nysurfsoccer.org/,https://www.rankedxi.com/crests/ecnlb-east-coast-surf.png
east-meadow-soccer-club,East Meadow Soccer Club,ecnlb,ECNL Boys,youth,M,North Bellmore,NY,40.689,-73.537,verified,,,https://www.eastmeadowsoccer.com,https://www.rankedxi.com/crests/ecnlb-east-meadow-soccer-club.png
eastside-fc-wa,Eastside FC (WA),ecnlb,ECNL Boys,youth,M,Issaquah,WA,47.535,-122.043,verified,,,https://ww.eastsidefc.org/,https://www.rankedxi.com/crests/ecnlb-eastside-fc-wa.png
eclipse-select-soccer-club,Eclipse Select Soccer Club,ecnlb,ECNL Boys,youth,M,Itasca,IL,41.971,-88.013,verified,,,http://www.eclipseselect.org/,https://www.rankedxi.com/crests/ecnlb-eclipse-select-soccer-club.png
el-camino-fc-salinas,El Camino FC Salinas,ecnlb,ECNL Boys,youth,M,Salinas,CA,36.674,-121.655,verified,,,https://www.ecfcsalinas.com/,https://www.rankedxi.com/crests/ecnlb-el-camino-fc-salinas.png
el-paso-locomotive-fc,El Paso Locomotive FC,ecnlb,ECNL Boys,youth,M,EL PASO,TX,31.76,-106.487,verified,,,,https://www.rankedxi.com/crests/ecnlb-el-paso-locomotive-fc.png
eugene-metro-fc,Eugene Metro FC,ecnlb,ECNL Boys,youth,M,Eugene,OR,44.051,-123.095,verified,,,https://www.emfc.org,https://www.rankedxi.com/crests/ecnlb-eugene-metro-fc.png
fairfax-virginia-union,Fairfax Virginia Union,ecnlb,ECNL Boys,youth,M,Vienna,VA,38.901,-77.265,verified,,,,https://www.rankedxi.com/crests/ecnlb-fairfax-virginia-union.png
fc-alliance-tn,FC Alliance TN,ecnlb,ECNL Boys,youth,M,Knoxville,TN,35.96,-83.921,verified,,,http://www.fcallianceknox.org,https://www.rankedxi.com/crests/ecnlb-fc-alliance-tn.png
fc-dallas-youth,FC Dallas Youth,ecnlb,ECNL Boys,youth,M,Dallas,TX,32.776,-96.797,verified,,,https://www.fcdallas.com/youth/,https://www.rankedxi.com/crests/ecnlb-fc-dallas-youth.png
fc-portland-academy,FC Portland Academy,ecnlb,ECNL Boys,youth,M,Portland,OR,45.52,-122.674,verified,,,http://www.fcportland.org,https://www.rankedxi.com/crests/ecnlb-fc-portland-academy.png
fc-prime,FC Prime,ecnlb,ECNL Boys,youth,M,Sunrise,FL,26.167,-80.279,verified,,,http://www.fc-prime.com,https://www.rankedxi.com/crests/ecnlb-fc-prime.png
fc-stars,FC Stars,ecnlb,ECNL Boys,youth,M,Lancaster,MA,42.443,-71.685,verified,,,http://www.starsofma.org/,https://www.rankedxi.com/crests/ecnlb-fc-stars.png
fc-westlake,FC Westlake,ecnlb,ECNL Boys,youth,M,Austin,TX,30.271,-97.744,verified,,,https://www.fcwestlake.com,https://www.rankedxi.com/crests/ecnlb-fc-westlake.png
fc-wisconsin-boys,FC Wisconsin Boys,ecnlb,ECNL Boys,youth,M,Germantown,WI,43.229,-88.11,verified,,,https://www.fcwisconsin.com/,https://www.rankedxi.com/crests/ecnlb-fc-wisconsin-boys.png
fc-wisconsin-girls,FC Wisconsin Girls,ecnlb,ECNL Boys,youth,M,Germantown,WI,43.229,-88.11,verified,,,http://fcwisconsingirlssoccer.com,https://www.rankedxi.com/crests/ecnlb-fc-wisconsin-girls.png
florida-kraze-krush,Florida Kraze Krush,ecnlb,ECNL Boys,youth,M,Winter Springs,FL,28.699,-81.306,verified,,,https://www.floridakrazekrush.com,https://www.rankedxi.com/crests/ecnlb-florida-kraze-krush.png
folsom-lake-surf,Folsom Lake Surf,ecnlb,ECNL Boys,youth,M,Folsom,CA,38.678,-121.176,verified,,,https://folsomlakesurf.org/,https://www.rankedxi.com/crests/ecnlb-folsom-lake-surf.png
fsa-fc,FSA FC,ecnlb,ECNL Boys,youth,M,Farmington,CT,41.72,-72.832,verified,,,https://www.fsafcunited.com,https://www.rankedxi.com/crests/ecnlb-fsa-fc.png
germantown-legends,Germantown Legends,ecnlb,ECNL Boys,youth,M,Germantown,TN,35.087,-89.81,verified,,,,https://www.rankedxi.com/crests/ecnlb-germantown-legends.png
gretna-elite-academy,Gretna Elite Academy,ecnlb,ECNL Boys,youth,M,Gretna,NE,41.147,-96.239,verified,,,https://www.gretnaeliteacademy.com,https://www.rankedxi.com/crests/ecnlb-gretna-elite-academy.png
highland-fc,Highland FC,ecnlb,ECNL Boys,youth,M,Asheville,NC,35.595,-82.551,verified,,,https://www.abysa.org,https://www.rankedxi.com/crests/ecnlb-highland-fc.png
htx,HTX,ecnlb,ECNL Boys,youth,M,The Woodlands,TX,30.173,-95.505,verified,,,http://htxsoccer.com,https://www.rankedxi.com/crests/ecnlb-htx.png
idaho-rush-soccer-club,Idaho Rush Soccer Club,ecnlb,ECNL Boys,youth,M,Boise,ID,43.617,-116.201,verified,,,https://www.idahorush.com,https://www.rankedxi.com/crests/ecnlb-idaho-rush-soccer-club.png
indiana-elite-f-c,Indiana Elite F.C.,ecnlb,ECNL Boys,youth,M,CROWN POINT,IN,41.417,-87.365,verified,,,https://www.indianaelitefc.com,https://www.rankedxi.com/crests/ecnlb-indiana-elite-f-c.png
kansas-rush,Kansas Rush,ecnlb,ECNL Boys,youth,M,Olathe,KS,38.884,-94.819,verified,,,https://www.kansasrush.com/,https://www.rankedxi.com/crests/ecnlb-kansas-rush.png
kc-athletics,KC Athletics,ecnlb,ECNL Boys,youth,M,Merriam,KS,39.017,-94.69,verified,,,https://athleticskc.com,https://www.rankedxi.com/crests/ecnlb-kc-athletics.png
la-breakers-fc,LA Breakers FC,ecnlb,ECNL Boys,youth,M,Los Angeles,CA,34.054,-118.243,verified,,,https://www.labreakersfc.com,https://www.rankedxi.com/crests/ecnlb-la-breakers-fc.png
lafc-so-cal,LAFC So Cal,ecnlb,ECNL Boys,youth,M,Woodland Hills,CA,34.168,-118.606,verified,,,http://www.LAFCsocal.org,https://www.rankedxi.com/crests/ecnlb-lafc-so-cal.png
legends-fc-ca,Legends FC (CA),ecnlb,ECNL Boys,youth,M,Eastvale,CA,33.975,-117.567,verified,,,https://www.legendsfc.net,https://www.rankedxi.com/crests/ecnlb-legends-fc-ca.png
legends-fc-del-mar,Legends FC - Del Mar,ecnlb,ECNL Boys,youth,M,San Diego,CA,32.717,-117.163,verified,,,https://www.legendsfcsd.net,https://www.rankedxi.com/crests/ecnlb-legends-fc-del-mar.png
lobos-rush,Lobos Rush,ecnlb,ECNL Boys,youth,M,Collierville,TN,35.042,-89.665,verified,,,,https://www.rankedxi.com/crests/ecnlb-lobos-rush.png
lonestar-atx,Lonestar ATX,ecnlb,ECNL Boys,youth,M,Austin,TX,30.271,-97.744,verified,,,http://www.lonestar-sc.com,https://www.rankedxi.com/crests/ecnlb-lonestar-atx.png
los-gatos-united-soccer-club,Los Gatos United Soccer Club,ecnlb,ECNL Boys,youth,M,Los Gatos,CA,37.227,-121.975,verified,,,,https://www.rankedxi.com/crests/ecnlb-los-gatos-united-soccer-club.png
loucity-racing-youth-academy,LouCity / Racing Youth Academy,ecnlb,ECNL Boys,youth,M,Louisville,KY,38.254,-85.759,verified,,,https://www.loucityracingacademy.com,https://www.rankedxi.com/crests/ecnlb-loucity-racing-youth-academy.png
lv-heat-surf-sc,LV Heat Surf SC,ecnlb,ECNL Boys,youth,M,Henderson,NV,36.032,-114.982,verified,,,https://lasvegasheatsurf.com/,https://www.rankedxi.com/crests/ecnlb-lv-heat-surf-sc.png
marin-fc,Marin FC,ecnlb,ECNL Boys,youth,M,Greenbrae,CA,37.949,-122.525,verified,,,https://www.marinfc.org/,https://www.rankedxi.com/crests/ecnlb-marin-fc.png
maryland-united-football-club,Maryland United Football Club,ecnlb,ECNL Boys,youth,M,Upper Marlboro,MD,38.816,-76.752,verified,,,https://www.mdunitedfc.org,https://www.rankedxi.com/crests/ecnlb-maryland-united-football-club.png
mississippi-rush,Mississippi Rush,ecnlb,ECNL Boys,youth,M,Jackson,MS,32.3,-90.183,verified,,,https://www.mfcsoccer.com,https://www.rankedxi.com/crests/ecnlb-mississippi-rush.png
mustang-soccer,Mustang Soccer,ecnlb,ECNL Boys,youth,M,Danville,CA,37.823,-122.001,verified,,,https://www.mustangsoccer.com/,https://www.rankedxi.com/crests/ecnlb-mustang-soccer.png
mvla,MVLA,ecnlb,ECNL Boys,youth,M,Los Altos,CA,37.379,-122.117,verified,,,https://mvlasc.org/,https://www.rankedxi.com/crests/ecnlb-mvla.png
nasa-tophat,NASA Tophat,ecnlb,ECNL Boys,youth,M,Marietta,GA,33.953,-84.55,verified,,,https://www.nasatophat.com,https://www.rankedxi.com/crests/ecnlb-nasa-tophat.png
nationals,Nationals,ecnlb,ECNL Boys,youth,M,Shelby Twp,MI,43.597,-86.338,verified,,,https://www.nationalssoccer.com/,https://www.rankedxi.com/crests/ecnlb-nationals.png
nc-fusion,NC Fusion,ecnlb,ECNL Boys,youth,M,Bermuda Run,NC,36.004,-80.422,verified,,,https://ncfusion.org,https://www.rankedxi.com/crests/ecnlb-nc-fusion.png
ncfc-youth,NCFC Youth,ecnlb,ECNL Boys,youth,M,Raleigh,NC,35.78,-78.639,verified,,,http://www.ncfcyouth.com,https://www.rankedxi.com/crests/ecnlb-ncfc-youth.png
nm-rapids-sc,NM Rapids SC,ecnlb,ECNL Boys,youth,M,Albuquerque,NM,35.084,-106.651,verified,,,https://www.nmrapids.org/,https://www.rankedxi.com/crests/ecnlb-nm-rapids-sc.png
ohio-elite-soccer-academy,Ohio Elite Soccer Academy,ecnlb,ECNL Boys,youth,M,Cincinnati,OH,39.101,-84.513,verified,,,http://www.ohioelite.com/,https://www.rankedxi.com/crests/ecnlb-ohio-elite-soccer-academy.png
ohio-premier,Ohio Premier,ecnlb,ECNL Boys,youth,M,Dublin,OH,40.1,-83.114,verified,,,https://www.opsoccer.com/,https://www.rankedxi.com/crests/ecnlb-ohio-premier.png
oklahoma-energy-fc,Oklahoma Energy FC,ecnlb,ECNL Boys,youth,M,Edmond,OK,35.657,-97.465,verified,,,http://www.okenergyfc.org,https://www.rankedxi.com/crests/ecnlb-oklahoma-energy-fc.png
oregon-premier-fc,Oregon Premier FC,ecnlb,ECNL Boys,youth,M,West Linn,OR,45.366,-122.612,verified,,,https://oregonpremierfc.com/,https://www.rankedxi.com/crests/ecnlb-oregon-premier-fc.png
pacnw,PacNW,ecnlb,ECNL Boys,youth,M,Renton,WA,47.48,-122.203,verified,,,https://www.pacificnorthwestsoccerclub.org/,https://www.rankedxi.com/crests/ecnlb-pacnw.png
palm-beach-united-fc,Palm Beach United FC,ecnlb,ECNL Boys,youth,M,Palm Beach Gardens,FL,26.823,-80.139,verified,,,https://www.predatorssoccer.org/,https://www.rankedxi.com/crests/ecnlb-palm-beach-united-fc.png
pateadores-soccer-club,Pateadores Soccer Club,ecnlb,ECNL Boys,youth,M,Costa Mesa,CA,33.663,-117.903,verified,,,https://www.pateadores.org,https://www.rankedxi.com/crests/ecnlb-pateadores-soccer-club.png
penn-fusion-soccer-academy,Penn Fusion Soccer Academy,ecnlb,ECNL Boys,youth,M,West Chester,PA,39.96,-75.604,verified,,,https://www.pennfusion.org,https://www.rankedxi.com/crests/ecnlb-penn-fusion-soccer-academy.png
pipeline-sc,Pipeline SC,ecnlb,ECNL Boys,youth,M,Baldwin,MD,39.495,-76.47,verified,,,http://pipelinesoccerclub.com/,https://www.rankedxi.com/crests/ecnlb-pipeline-sc.png
potomac-soccer-association,Potomac Soccer Association,ecnlb,ECNL Boys,youth,M,Germantown,MD,39.171,-77.266,verified,,,https://potomacsoccer.org,https://www.rankedxi.com/crests/ecnlb-potomac-soccer-association.png
pride-sc,Pride SC,ecnlb,ECNL Boys,youth,M,Colorado Springs,CO,38.834,-104.825,verified,,,https://www.pridesoccer.com/,https://www.rankedxi.com/crests/ecnlb-pride-sc.png
princeton-sa,Princeton SA,ecnlb,ECNL Boys,youth,M,Randolph,NJ,40.844,-74.586,verified,,,,https://www.rankedxi.com/crests/ecnlb-princeton-sa.png
rise-soccer-club,RISE Soccer Club,ecnlb,ECNL Boys,youth,M,Houston,TX,29.759,-95.368,verified,,,https://www.risesc.org,https://www.rankedxi.com/crests/ecnlb-rise-soccer-club.png
river-islands-surf,River Islands Surf,ecnlb,ECNL Boys,youth,M,Lathrop,CA,37.823,-121.277,verified,,,https://www.valleysurf.org,https://www.rankedxi.com/crests/ecnlb-river-islands-surf.png
rny-fc-youth,RNY FC Youth,ecnlb,ECNL Boys,youth,M,West Henrietta,NY,43.04,-77.662,verified,,,,https://www.rankedxi.com/crests/ecnlb-rny-fc-youth.png
san-antonio-city-sc,San Antonio City SC,ecnlb,ECNL Boys,youth,M,San Antonio,TX,29.425,-98.495,verified,,,http://www.sacitysc.com,https://www.rankedxi.com/crests/ecnlb-san-antonio-city-sc.png
san-diego-surf-soccer-club,San Diego Surf Soccer Club,ecnlb,ECNL Boys,youth,M,San Diego,CA,32.717,-117.163,verified,,,https://www.surfsoccer.com,https://www.rankedxi.com/crests/ecnlb-san-diego-surf-soccer-club.png
san-francisco-elite-academy,San Francisco Elite Academy,ecnlb,ECNL Boys,youth,M,San Francisco,CA,37.788,-122.408,verified,,,https://sfea.org,https://www.rankedxi.com/crests/ecnlb-san-francisco-elite-academy.png
santa-rosa-united-soccer,Santa Rosa United Soccer,ecnlb,ECNL Boys,youth,M,Santa Rosa,CA,38.44,-122.714,verified,,,http://www.srunited.com/,https://www.rankedxi.com/crests/ecnlb-santa-rosa-united-soccer.png
scorpions-sc,Scorpions SC,ecnlb,ECNL Boys,youth,M,Auburn,MA,42.195,-71.836,verified,,,https://scorpionssoccer.org,https://www.rankedxi.com/crests/ecnlb-scorpions-sc.png
sdsc-surf,SDSC Surf,ecnlb,ECNL Boys,youth,M,San Diego,CA,32.717,-117.163,verified,,,https://www.sandiegosoccerclub.org/,https://www.rankedxi.com/crests/ecnlb-sdsc-surf.png
seattle-united,Seattle United,ecnlb,ECNL Boys,youth,M,Seattle,WA,47.604,-122.33,verified,,,https://www.seattleunited.com,https://www.rankedxi.com/crests/ecnlb-seattle-united.png
select,Select,ecnlb,ECNL Boys,youth,M,Hingham,MA,42.242,-70.89,verified,,,https://selectma.com,https://www.rankedxi.com/crests/ecnlb-select.png
sjeb-fc-ecnlb,SJEB FC,ecnlb,ECNL Boys,youth,M,Southampton,PA,40.174,-75.044,verified,,,https://www.sjebfc.com/,https://www.rankedxi.com/crests/ecnlb-sjeb-fc.png
skyline-elite,Skyline Elite,ecnlb,ECNL Boys,youth,M,Charlottesville,VA,38.029,-78.477,verified,,,,https://www.rankedxi.com/crests/ecnlb-skyline-elite.png
slammers-fc,Slammers FC,ecnlb,ECNL Boys,youth,M,Costa Mesa,CA,33.663,-117.903,verified,,,https://slammersfc.org/,https://www.rankedxi.com/crests/ecnlb-slammers-fc.png
south-carolina-united-fc,South Carolina United FC,ecnlb,ECNL Boys,youth,M,Columbia,SC,34.001,-81.035,verified,,,https://www.southcarolinaunitedfc.com,https://www.rankedxi.com/crests/ecnlb-south-carolina-united-fc.png
space-coast-united,Space Coast United,ecnlb,ECNL Boys,youth,M,Melbourne,FL,28.079,-80.608,verified,,,https://www.spacecoastsoccer.org/,https://www.rankedxi.com/crests/ecnlb-space-coast-united.png
sporting-california-usa,Sporting California USA,ecnlb,ECNL Boys,youth,M,Ontario,CA,34.066,-117.648,verified,,,http://www.sportingca.us,https://www.rankedxi.com/crests/ecnlb-sporting-california-usa.png
sporting-iowa-central,Sporting Iowa Central,ecnlb,ECNL Boys,youth,M,Des Moines,IA,41.587,-93.625,verified,,,,https://www.rankedxi.com/crests/ecnlb-sporting-iowa-central.png
sporting-nebraska-fc,Sporting Nebraska FC,ecnlb,ECNL Boys,youth,M,Omaha,NE,41.259,-95.938,verified,,,https://www.sportingnebraskafc.com/,https://www.rankedxi.com/crests/ecnlb-sporting-nebraska-fc.png
sporting-sa,Sporting SA,ecnlb,ECNL Boys,youth,M,St Johns,FL,29.903,-81.415,verified,,,https://www.SportingJaxAcademy.com,https://www.rankedxi.com/crests/ecnlb-sporting-sa.png
st-croix,St. Croix,ecnlb,ECNL Boys,youth,M,Oak Park Heights,MN,45.032,-92.82,verified,,,https://www.stcroixsoccer.org/,https://www.rankedxi.com/crests/ecnlb-st-croix.png
sting-soccer-club,Sting Soccer Club,ecnlb,ECNL Boys,youth,M,Dallas,TX,32.776,-96.797,verified,,,https://www.stingsoccer.com,https://www.rankedxi.com/crests/ecnlb-sting-soccer-club.png
tennessee-sc,Tennessee SC,ecnlb,ECNL Boys,youth,M,Franklin,TN,35.925,-86.869,verified,,,http://www.tennesseesoccerclub.org/,https://www.rankedxi.com/crests/ecnlb-tennessee-sc.png
three-rivers-soccer-club,Three Rivers Soccer Club,ecnlb,ECNL Boys,youth,M,Pasco,WA,46.231,-119.092,verified,,,https://3rsc.org,https://www.rankedxi.com/crests/ecnlb-three-rivers-soccer-club.png
union-kc-soccer-club,Union KC Soccer Club,ecnlb,ECNL Boys,youth,M,Overland Park,KS,38.974,-94.685,verified,,,http://www.unionkcsoccer.com,https://www.rankedxi.com/crests/ecnlb-union-kc-soccer-club.png
united-futbol-academy,United Futbol Academy,ecnlb,ECNL Boys,youth,M,Cumming,GA,34.207,-84.14,verified,,,https://unitedfa.org,https://www.rankedxi.com/crests/ecnlb-united-futbol-academy.png
united-pdx,United PDX,ecnlb,ECNL Boys,youth,M,Tigard,OR,45.431,-122.772,verified,,,http://unitedpdx.com/,https://www.rankedxi.com/crests/ecnlb-united-pdx.png
utah-avalanche,Utah Avalanche,ecnlb,ECNL Boys,youth,M,Salt Lake City,UT,40.76,-111.887,verified,,,http://www.utahavalanche.com/,https://www.rankedxi.com/crests/ecnlb-utah-avalanche.png
vsa-rush,VSA Rush,ecnlb,ECNL Boys,youth,M,Ankeny,IA,41.732,-93.605,verified,,,https://www.vsarush.com/,https://www.rankedxi.com/crests/ecnlb-vsa-rush.png
west-coast-f-c,West Coast F.C.,ecnlb,ECNL Boys,youth,M,San Juan Capistrano,CA,33.502,-117.663,verified,,,http://www.westcoastfc.org/,https://www.rankedxi.com/crests/ecnlb-west-coast-f-c.png
west-coast-soccer,West Coast Soccer,ecnlb,ECNL Boys,youth,M,Tracy,CA,37.739,-121.42,verified,,,,https://www.rankedxi.com/crests/ecnlb-west-coast-soccer.png
west-side-alliance-sc,West Side Alliance SC,ecnlb,ECNL Boys,youth,M,Sand Springs,OK,36.139,-96.11,verified,,,http://www.wsasoccer.org,https://www.rankedxi.com/crests/ecnlb-west-side-alliance-sc.png
wilmington-hammerheads,Wilmington Hammerheads,ecnlb,ECNL Boys,youth,M,Wilmington,NC,34.235,-77.949,verified,,,https://www.wilmingtonhammerheadsyouth.com/,https://www.rankedxi.com/crests/ecnlb-wilmington-hammerheads.png
wny-flash-academy,WNY Flash Academy,ecnlb,ECNL Boys,youth,M,Elma,NY,42.824,-78.637,verified,,,https://wnyflash.com,https://www.rankedxi.com/crests/ecnlb-wny-flash-academy.png
world-class-fc-ecnlb,World Class FC,ecnlb,ECNL Boys,youth,M,Orangeburg,NY,41.051,-73.934,verified,,,http://www.wcsocceracademy.org/,https://www.rankedxi.com/crests/ecnlb-world-class-fc.png
atletico-dallas-youth,Atletico Dallas Youth,ga,Girls Academy,youth,W,Richardson,TX,32.948,-96.73,verified,,,https://www.atleticodallasyouth.com/,https://www.rankedxi.com/crests/ecrlb-atletico-dallas-youth.png
heir-fc,Heir FC,ga,Girls Academy,youth,W,Valley Ranch,TX,32.934,-96.953,verified,,,,
dallas-surf,Dallas Surf,ga,Girls Academy,youth,W,Dallas,TX,32.776,-96.797,verified,,,,https://www.rankedxi.com/crests/ga-dallas-surf.png
htx-soccer,HTX Soccer,ga,Girls Academy,youth,W,Houston,TX,29.759,-95.368,verified,,,,https://www.rankedxi.com/crests/ecnlb-htx.png
htx-north,HTX North,ga,Girls Academy,youth,W,Houston,TX,29.759,-95.368,verified,,,,https://www.rankedxi.com/crests/ecnlb-htx.png
rise-sc,RISE SC,ga,Girls Academy,youth,W,Houston,TX,29.759,-95.368,verified,,,,https://www.rankedxi.com/crests/ecnlb-rise-soccer-club.png
san-antonio-city-sc-ga,San Antonio City SC,ga,Girls Academy,youth,W,San Antonio,TX,29.425,-98.495,verified,,,http://www.sacitysc.com,https://www.rankedxi.com/crests/ecnlb-san-antonio-city-sc.png
oklahoma-celtic,Oklahoma Celtic,ga,Girls Academy,youth,W,Norman,OK,35.223,-97.439,verified,,,https://oklahomaceltic.com,https://www.rankedxi.com/crests/ecrlb-oklahoma-celtic.png
century-united,Century United,ga,Girls Academy,youth,W,Pittsburgh,PA,40.441,-80.003,verified,,,,https://www.rankedxi.com/crests/ga-century-united.png
club-ohio,Club Ohio,ga,Girls Academy,youth,W,Columbus,OH,39.962,-83.001,verified,,,,https://www.rankedxi.com/crests/ga-club-ohio.png
columbus-united,Columbus United,ga,Girls Academy,youth,W,Columbus,OH,39.962,-83.001,verified,,,,https://www.rankedxi.com/crests/ga-columbus-united.png
cincinnati-united-premier-gold,Cincinnati United Premier Gold,ga,Girls Academy,youth,W,Cincinnati,OH,39.101,-84.513,verified,,,,https://www.rankedxi.com/crests/mlsnext-cincinnati-united-premier.png
indy-premier-united,Indy Premier United,ga,Girls Academy,youth,W,Noblesville,IN,40.046,-86.014,verified,,,,
kings-hammer-sc,Kings Hammer SC,ga,Girls Academy,youth,W,Cinncinati,OH,39.101,-84.513,verified,,,,https://www.rankedxi.com/crests/mlsnext-kings-hammer-soccer-club.png
nashville-united-ga,Nashville United,ga,Girls Academy,youth,W,Nashville,TN,36.162,-86.774,verified,,,,
michigan-stars-elite,Michigan Stars Elite,ga,Girls Academy,youth,W,Washington,MI,42.302,-83.257,verified,,,,
chicago-fc-united-ga,Chicago FC United,ga,Girls Academy,youth,W,Chicago,IL,41.876,-87.624,verified,,,,
elmbrook-united,Elmbrook United,ga,Girls Academy,youth,W,Brookfield,WI,43.062,-88.126,verified,,,,
galaxy-sc,Galaxy SC,ga,Girls Academy,youth,W,Naperville,IL,41.773,-88.148,verified,,,,https://www.rankedxi.com/crests/pecnlb-galaxy-soccer-club.png
madison-56ers,Madison 56ers,ga,Girls Academy,youth,W,Madison,WI,43.075,-89.384,verified,,,,
michigan-tigers,Michigan Tigers,ga,Girls Academy,youth,W,Ann Arbor,MI,42.281,-83.748,verified,,,,
sockers-fc,Sockers FC,ga,Girls Academy,youth,W,Chicago,IL,41.876,-87.624,verified,,,,https://www.rankedxi.com/crests/ga-sockers-fc.png
central-illinois-united,Central Illinois United,ga,Girls Academy,youth,W,Rantoul,IL,40.308,-88.156,verified,,,,
north-shore-united,North Shore United,ga,Girls Academy,youth,W,Milwaukee,WI,43.039,-87.909,verified,,,,
sc-wave-ga,SC Wave,ga,Girls Academy,youth,W,Brookfield,WI,43.062,-88.126,verified,,,,https://www.rankedxi.com/crests/mlsnext-sc-wave.png
st-louis-development-academy,St. Louis Development Academy,ga,Girls Academy,youth,W,St. Louis,MO,38.625,-90.19,verified,,,,
sporting-nebraska-fc-ga,Sporting Nebraska FC,ga,Girls Academy,youth,W,Omaha,NE,41.259,-95.938,verified,,,https://www.sportingnebraskafc.com/,https://www.rankedxi.com/crests/ecnlb-sporting-nebraska-fc.png
tonka-fusion-elite,Tonka Fusion Elite,ga,Girls Academy,youth,W,Plymouth,MN,45.007,-93.467,verified,,,,
kc-legends,KC Legends,ga,Girls Academy,youth,W,Merriam,KS,39.017,-94.69,verified,,,,https://www.rankedxi.com/crests/ga-kc-legends.png
vsa-rush-ga,VSA Rush,ga,Girls Academy,youth,W,Waukee,IA,41.612,-93.885,verified,,,https://www.vsarush.com/,https://www.rankedxi.com/crests/ecnlb-vsa-rush.png
baltimore-armour-ga,Baltimore Armour,ga,Girls Academy,youth,W,Baltimore,MD,39.291,-76.611,verified,,,,https://www.rankedxi.com/crests/mlsnext-baltimore-armour.png
baltimore-celtic,Baltimore Celtic,ga,Girls Academy,youth,W,Baltimore,MD,39.291,-76.611,verified,,,,https://www.rankedxi.com/crests/ecnlb-baltimore-celtic-soccer-club.png
coppermine-sc,Coppermine SC,ga,Girls Academy,youth,W,Baltimore,MD,39.291,-76.611,verified,,,,https://www.rankedxi.com/crests/ga-coppermine-sc.png
penn-rising-xi,Penn Rising XI,ga,Girls Academy,youth,W,Quakertown,PA,40.442,-75.342,verified,,,,
real-futbol-academy,Real Futbol Academy,ga,Girls Academy,youth,W,Medford,NJ,39.901,-74.823,verified,,,,https://www.rankedxi.com/crests/ga-real-futbol-academy.png
sporting-athletic-club-ga,Sporting Athletic Club,ga,Girls Academy,youth,W,Wilmington,DE,39.746,-75.547,verified,,,,https://www.rankedxi.com/crests/mlsnext-sporting-athletic-club.png
cedar-stars-academy-monmouth-ga,Cedar Stars Academy - Monmouth,ga,Girls Academy,youth,W,Tinton Falls,NJ,40.289,-74.093,verified,,,,https://www.rankedxi.com/crests/mlsnext-cedar-stars-academy-monmouth.png
alexandria-sa-ga,Alexandria SA,ga,Girls Academy,youth,W,Alexandria,VA,38.805,-77.047,verified,,,,https://www.rankedxi.com/crests/mlsnext-alexandria-sa.png
charlotte-da,Charlotte DA,ga,Girls Academy,youth,W,Charlotte,NC,35.227,-80.843,verified,,,,
loudoun-sc,Loudoun SC,ga,Girls Academy,youth,W,Leesburg,VA,39.115,-77.565,verified,,,,https://www.rankedxi.com/crests/ga-loudoun-sc.png
mclean-ys,McLean YS,ga,Girls Academy,youth,W,McLean,VA,38.937,-77.186,verified,,,,https://www.rankedxi.com/crests/ga-mclean-ys.png
northern-virginia-alliance,Northern Virginia Alliance,ga,Girls Academy,youth,W,Leesburg,VA,39.115,-77.565,verified,,,,https://www.rankedxi.com/crests/ga-northern-virginia-alliance.png
skyline-elite-sc-ga,Skyline Elite SC,ga,Girls Academy,youth,W,Charlottesville,VA,38.029,-78.477,verified,,,,https://www.rankedxi.com/crests/ecnlb-skyline-elite.png
springfield-youth-club,Springfield Youth Club,ga,Girls Academy,youth,W,Springfield,VA,38.775,-77.18,verified,,,,https://www.rankedxi.com/crests/gaa-springfield-syc-soccer.png
carolina-core-youth-sc,Carolina Core Youth SC,ga,Girls Academy,youth,W,High Point,NC,35.956,-80.005,verified,,,,https://www.rankedxi.com/crests/carolina-core.png
triangle-united,Triangle United,ga,Girls Academy,youth,W,Chapel Hill,NC,35.913,-79.056,verified,,,,https://www.rankedxi.com/crests/mlsnext-triangle-united-soccer.png
va-revolution,VA Revolution,ga,Girls Academy,youth,W,Leesburg,VA,39.115,-77.565,verified,,,,https://www.rankedxi.com/crests/gaa-virginia-revolution-sc.png
albion-sc-las-vegas-ga,Albion SC Las Vegas,ga,Girls Academy,youth,W,Las Vegas,NV,36.167,-115.148,verified,,,,https://www.rankedxi.com/crests/mlsnext-albion-sc-las-vegas.png
broomfield-sc,Broomfield SC,ga,Girls Academy,youth,W,Broomfield,CO,39.94,-105.052,verified,,,,https://www.rankedxi.com/crests/ga-broomfield-sc.png
colorado-united,Colorado United,ga,Girls Academy,youth,W,Littleton,CO,39.613,-105.017,verified,,,,
las-vegas-sports-academy,Las Vegas Sports Academy,ga,Girls Academy,youth,W,Las Vegas,NV,36.167,-115.148,verified,,,,https://www.rankedxi.com/crests/ga-las-vegas-sports-academy.png
utah-celtic-fc,Utah Celtic FC,ga,Girls Academy,youth,W,Highland,UT,40.427,-111.789,verified,,,,
wasatch-sc,Wasatch SC,ga,Girls Academy,youth,W,Kaysville,UT,41.035,-111.938,verified,,,,
bayside-fc-ga,Bayside FC,ga,Girls Academy,youth,W,Providence,RI,41.824,-71.413,verified,,,,https://www.rankedxi.com/crests/mlsnext-bayside-fc.png
cedar-stars-academy-bergen-ga,Cedar Stars Academy - Bergen,ga,Girls Academy,youth,W,Teaneck,NJ,40.886,-74.007,verified,,,,https://www.rankedxi.com/crests/mlsnext-cedar-stars-academy-bergen.png
downtown-united-sc-ga,Downtown United SC,ga,Girls Academy,youth,W,New York,NY,40.713,-74.006,verified,,,,
the-island-fc,The Island FC,ga,Girls Academy,youth,W,Garden City,NY,40.727,-73.634,verified,,,,
nefc-navy,NEFC Navy,ga,Girls Academy,youth,W,Mendon,MA,42.108,-71.554,verified,,,,
nefc-red,NEFC Red,ga,Girls Academy,youth,W,Mendon,MA,42.108,-71.554,verified,,,,
new-york-sc-ga,New York SC,ga,Girls Academy,youth,W,Purchase,NY,41.041,-73.714,verified,,,,
oakwood-sc-ga,Oakwood SC,ga,Girls Academy,youth,W,Glastonbury,CT,41.712,-72.608,verified,,,,https://www.rankedxi.com/crests/mlsnext-oakwood-sc.png
rhode-island-surf,Rhode Island Surf,ga,Girls Academy,youth,W,North Kingstown,RI,41.551,-71.469,verified,,,,https://www.rankedxi.com/crests/ga-rhode-island-surf.png
rochester-nyfc-youth,Rochester NYFC Youth,ga,Girls Academy,youth,W,West Henrietta,NY,43.04,-77.662,verified,,,,
sda,SDA,ga,Girls Academy,youth,W,Solvay,NY,43.058,-76.207,verified,,,,
seacoast-united-ga,Seacoast United,ga,Girls Academy,youth,W,Epping,NH,43.047,-71.076,verified,,,,https://www.rankedxi.com/crests/mlsnext-seacoast-united.png
the-football-academy,The Football Academy,ga,Girls Academy,youth,W,Florham Park,NJ,40.788,-74.389,verified,,,,
1974-newark-fc-ga,1974 Newark FC,ga,Girls Academy,youth,W,Newark,CA,37.53,-122.04,verified,,,,https://www.rankedxi.com/crests/ecnlb-1974-newark-fc.png
ajax-united,Ajax United,ga,Girls Academy,youth,W,Modesto,CA,37.639,-120.997,verified,,,,https://www.rankedxi.com/crests/ga-ajax-united.png
clovis-crossfire,Clovis Crossfire,ga,Girls Academy,youth,W,Clovis,CA,36.825,-119.703,verified,,,,https://www.rankedxi.com/crests/ecrlb-clovis-crossfire.png
lamorinda-sc,Lamorinda SC,ga,Girls Academy,youth,W,Orinda,CA,37.877,-122.18,verified,,,,
sf-glens,SF Glens,ga,Girls Academy,youth,W,San Francisco,CA,37.788,-122.408,verified,,,,https://www.rankedxi.com/crests/sfsfl-sf-glens-sc.png
silicon-valley-sa-ga,Silicon Valley SA,ga,Girls Academy,youth,W,Palo Alto,CA,37.444,-122.16,verified,,,,
south-valley-surf,South Valley Surf,ga,Girls Academy,youth,W,Bakersfield,CA,35.374,-119.019,verified,,,,https://www.rankedxi.com/crests/ga-south-valley-surf.png
columbia-premier-sc,Columbia Premier SC,ga,Girls Academy,youth,W,Vancouver,WA,45.631,-122.674,verified,,,,https://www.rankedxi.com/crests/ecnlb-columbia-premier-soccer-club.png
seattle-celtic,Seattle Celtic,mlsnext,MLS NEXT,youth,M,Seattle,WA,47.604,-122.33,verified,,,,
soccer-chance-academy,Soccer Chance Academy,ga,Girls Academy,youth,W,Portland,OR,45.52,-122.674,verified,,,,
washington-rush,Washington Rush,ga,Girls Academy,youth,W,Everett,WA,47.979,-122.213,verified,,,,
western-washington-surf,Western Washington Surf,ga,Girls Academy,youth,W,Bellevue,WA,47.614,-122.192,verified,,,,
hoover-vestavia-soccer,Hoover-Vestavia Soccer,mlsnext,MLS NEXT,youth,M,Birmingham,AL,33.521,-86.802,verified,,,https://www.hoovervestaviasoccer.com,
pinecrest-premier,Pinecrest Premier,ga,Girls Academy,youth,W,Miami,FL,25.774,-80.194,verified,,,,https://www.rankedxi.com/crests/ga-pinecrest-premier.png
southern-soccer-academy-ga,Southern Soccer Academy,ga,Girls Academy,youth,W,Marietta,GA,33.953,-84.55,verified,,,,https://www.rankedxi.com/crests/mlsnext-southern-soccer-academy.png
space-coast-united-sc,Space Coast United SC,ga,Girls Academy,youth,W,Melbourne,FL,28.079,-80.608,verified,,,,https://www.rankedxi.com/crests/ecnlb-space-coast-united.png
tophat-gold,Tophat Gold,ga,Girls Academy,youth,W,Marietta,GA,33.953,-84.55,verified,,,,https://www.rankedxi.com/crests/gaa-tophat.png
tophat-navy,Tophat Navy,ga,Girls Academy,youth,W,Marietta,GA,33.953,-84.55,verified,,,,https://www.rankedxi.com/crests/gaa-tophat.png
city-sc-blue,City SC Blue,ga,Girls Academy,youth,W,Carlsbad,CA,33.158,-117.351,verified,,,,
city-sc-white,City SC White,ga,Girls Academy,youth,W,Carlsbad,CA,33.158,-117.351,verified,,,,
fram-soccer-club,FRAM Soccer Club,ga,Girls Academy,youth,W,Torrance,CA,33.837,-118.341,verified,,,,https://www.rankedxi.com/crests/ga-fram-soccer-club.png
city-sc-southwest,City SC Southwest,ga,Girls Academy,youth,W,Temecula,CA,33.495,-117.147,verified,,,,https://www.rankedxi.com/crests/ga-city-sc-southwest.png
rangers-fc,Rangers FC,ga,Girls Academy,youth,W,Fullerton,CA,33.871,-117.929,verified,,,,https://www.rankedxi.com/crests/ga-rangers-fc.png
sc-del-sol-ga,SC del Sol,ga,Girls Academy,youth,W,Phoenix,AZ,33.448,-112.074,verified,,,,
sdsc-surf-ga,SDSC Surf,ga,Girls Academy,youth,W,San Diego,CA,32.717,-117.163,verified,,,https://www.sandiegosoccerclub.org/,https://www.rankedxi.com/crests/ecnlb-sdsc-surf.png
west-coast-fc,West Coast FC,ga,Girls Academy,youth,W,Irvine,CA,33.686,-117.826,verified,,,,
alabama-fc-ecnlg,Alabama FC,ecnlg,ECNL Girls,youth,W,Birmingham,AL,33.521,-86.802,verified,,,https://www.birminghamunited.com,https://www.rankedxi.com/crests/ecnlg-alabama-fc.png
albion-hurricanes-fc-ecnlg,Albion Hurricanes FC,ecnlg,ECNL Girls,youth,W,Houston,TX,29.759,-95.368,verified,,,http://www.albionhurricanes.org/,https://www.rankedxi.com/crests/ecnlg-albion-hurricanes-fc.png
arlington-soccer-association-ecnlg,Arlington Soccer Association,ecnlg,ECNL Girls,youth,W,Arlington,VA,38.877,-77.089,verified,,,https://www.arlingtonsoccer.com/,https://www.rankedxi.com/crests/ecnlg-arlington-soccer-association.png
bay-area-surf-ecnlg,Bay Area Surf,ecnlg,ECNL Girls,youth,W,Bay Area,CA,37.788,-122.356,verified,,,https://www.bayareasurf.org,https://www.rankedxi.com/crests/ecnlg-bay-area-surf.png
beach-fc-ecnlg,Beach FC,ecnlg,ECNL Girls,youth,W,Virginia Beach,VA,36.85,-75.976,verified,,,https://www.beachfc.com/,https://www.rankedxi.com/crests/ecnlg-beach-fc.png
boise-timbers-thorns-ecnlg,Boise Timbers | Thorns,ecnlg,ECNL Girls,youth,W,Meridian,ID,43.609,-116.392,verified,,,http://www.boisetimbersthorns.org,https://www.rankedxi.com/crests/ecnlg-boise-timbers-thorns.png
california-odyssey-soccer-club-ecnlg,California Odyssey Soccer Club,ecnlg,ECNL Girls,youth,W,Clovis,CA,36.825,-119.703,verified,,,https://californiaodyssey.org/,https://www.rankedxi.com/crests/ecnlg-california-odyssey-soccer-club.png
carolina-elite-soccer-academy-ecnlg,Carolina Elite Soccer Academy,ecnlg,ECNL Girls,youth,W,Greenville,SC,34.851,-82.398,verified,,,http://www.carolinaelitesc.com/,https://www.rankedxi.com/crests/ecnlg-carolina-elite-soccer-academy.png
challenge-sc,Challenge SC,ecnlg,ECNL Girls,youth,W,Tomball,TX,30.097,-95.616,verified,,,https://www.challengesoccer.com/,https://www.rankedxi.com/crests/ecnlg-challenge-sc.png
colorado-rush-ecnlg,Colorado Rush,ecnlg,ECNL Girls,youth,W,"Denver, CO 80231",CO,39.739,-104.985,verified,,,http://www.coloradorush.com/,https://www.rankedxi.com/crests/ecnlg-colorado-rush.png
concorde-fire-ecnlg,Concorde Fire,ecnlg,ECNL Girls,youth,W,Atlanta,GA,33.754,-84.39,verified,,,https://www.concordefire.com,https://www.rankedxi.com/crests/ecnlg-concorde-fire.png
crossfire-premier-ecnlg,Crossfire Premier,ecnlg,ECNL Girls,youth,W,Kirkland,WA,47.677,-122.207,verified,,,,https://www.rankedxi.com/crests/ecnlg-crossfire-premier.png
dallas-texans-ecnlg,Dallas Texans,ecnlg,ECNL Girls,youth,W,Dallas,TX,32.776,-96.797,verified,,,http://www.dallastexans.com/,https://www.rankedxi.com/crests/ecnlg-dallas-texans.png
dksc-ecnlg,DKSC,ecnlg,ECNL Girls,youth,W,Farmers Branch,TX,32.927,-96.896,verified,,,https://www.dksclub.com,https://www.rankedxi.com/crests/ecnlg-dksc.png
eagles-sc,Eagles SC,ecnlg,ECNL Girls,youth,W,Camarillo,CA,34.218,-119.038,verified,,,http://www.eaglessc.com/,https://www.rankedxi.com/crests/ecnlg-eagles-sc.png
east-meadow-soccer-club-ecnlg,East Meadow Soccer Club,ecnlg,ECNL Girls,youth,W,North Bellmore,NY,40.689,-73.537,verified,,,https://www.eastmeadowsoccer.com,https://www.rankedxi.com/crests/ecnlg-east-meadow-soccer-club.png
eastside-fc-wa-ecnlg,Eastside FC (WA),ecnlg,ECNL Girls,youth,W,Issaquah,WA,47.535,-122.043,verified,,,https://ww.eastsidefc.org/,https://www.rankedxi.com/crests/ecnlg-eastside-fc-wa.png
eclipse-select-soccer-club-ecnlg,Eclipse Select Soccer Club,ecnlg,ECNL Girls,youth,W,Itasca,IL,41.971,-88.013,verified,,,http://www.eclipseselect.org/,https://www.rankedxi.com/crests/ecnlg-eclipse-select-soccer-club.png
fairfax-virginia-union-ecnlg,Fairfax Virginia Union,ecnlg,ECNL Girls,youth,W,Vienna,VA,38.901,-77.265,verified,,,,https://www.rankedxi.com/crests/ecnlg-fairfax-virginia-union.png
fc-alliance-tn-ecnlg,FC Alliance TN,ecnlg,ECNL Girls,youth,W,Knoxville,TN,35.96,-83.921,verified,,,http://www.fcallianceknox.org,https://www.rankedxi.com/crests/ecnlg-fc-alliance-tn.png
fc-dallas-youth-ecnlg,FC Dallas Youth,ecnlg,ECNL Girls,youth,W,Dallas,TX,32.776,-96.797,verified,,,https://www.fcdallas.com/youth/,https://www.rankedxi.com/crests/ecnlg-fc-dallas-youth.png
fc-delco-ecnlg,FC DELCO,ecnlg,ECNL Girls,youth,W,Conshohocken,PA,40.074,-75.306,verified,,,http://www.fcdelco.org/,https://www.rankedxi.com/crests/ecnlg-fc-delco.png
fc-prime-ecnlg,FC Prime,ecnlg,ECNL Girls,youth,W,Sunrise,FL,26.167,-80.279,verified,,,http://www.fc-prime.com,https://www.rankedxi.com/crests/ecnlg-fc-prime.png
fc-stars-ecnlg,FC Stars,ecnlg,ECNL Girls,youth,W,Lancaster,MA,42.443,-71.685,verified,,,http://www.starsofma.org/,https://www.rankedxi.com/crests/ecnlg-fc-stars.png
fc-westlake-ecnlg,FC Westlake,ecnlg,ECNL Girls,youth,W,Austin,TX,30.271,-97.744,verified,,,https://www.fcwestlake.com,https://www.rankedxi.com/crests/ecnlg-fc-westlake.png
fc-wisconsin-boys-ecnlg,FC Wisconsin Boys,ecnlg,ECNL Girls,youth,W,Germantown,WI,43.229,-88.11,verified,,,https://www.fcwisconsin.com/,https://www.rankedxi.com/crests/ecnlg-fc-wisconsin-boys.png
fc-wisconsin-girls-ecnlg,FC Wisconsin Girls,ecnlg,ECNL Girls,youth,W,Germantown,WI,43.229,-88.11,verified,,,http://fcwisconsingirlssoccer.com,https://www.rankedxi.com/crests/ecnlg-fc-wisconsin-girls.png
florida-kraze-krush-ecnlg,Florida Kraze Krush,ecnlg,ECNL Girls,youth,W,Winter Springs,FL,28.699,-81.306,verified,,,https://www.floridakrazekrush.com,https://www.rankedxi.com/crests/ecnlg-florida-kraze-krush.png
force,Force,ecnlg,ECNL Girls,youth,W,Cupertino,CA,37.323,-122.032,verified,,,https://www.deanzaforce.org,https://www.rankedxi.com/crests/ecnlg-force.png
fsa-fc-ecnlg,FSA FC,ecnlg,ECNL Girls,youth,W,Farmington,CT,41.72,-72.832,verified,,,https://www.fsafcunited.com,https://www.rankedxi.com/crests/ecnlg-fsa-fc.png
gretna-elite-academy-ecnlg,Gretna Elite Academy,ecnlg,ECNL Girls,youth,W,Gretna,NE,41.147,-96.239,verified,,,https://www.gretnaeliteacademy.com,https://www.rankedxi.com/crests/ecnlg-gretna-elite-academy.png
gtfc-impact,GTFC Impact,ecnlg,ECNL Girls,youth,W,Perrysburg,OH,41.557,-83.628,verified,,,https://www.greatertoledofc.org/,https://www.rankedxi.com/crests/ecnlg-gtfc-impact.png
hex-fc,HEX FC,ecnlg,ECNL Girls,youth,W,Perkasie,PA,40.372,-75.293,verified,,,https://www.hexfc.com/,https://www.rankedxi.com/crests/ecnlg-hex-fc.png
jacksonville-fc-ecnlg,Jacksonville FC,ecnlg,ECNL Girls,youth,W,Jacksonville,FL,30.326,-81.658,verified,,,http://JFCSoccer.com/,https://www.rankedxi.com/crests/ecnlg-jacksonville-fc.png
kc-athletics-ecnlg,KC Athletics,ecnlg,ECNL Girls,youth,W,Merriam,KS,39.017,-94.69,verified,,,https://athleticskc.com,https://www.rankedxi.com/crests/ecnlg-kc-athletics.png
la-breakers-fc-ecnlg,LA Breakers FC,ecnlg,ECNL Girls,youth,W,Los Angeles,CA,34.054,-118.243,verified,,,https://www.labreakersfc.com,https://www.rankedxi.com/crests/ecnlg-la-breakers-fc.png
lafc-so-cal-ecnlg,LAFC So Cal,ecnlg,ECNL Girls,youth,W,Woodland Hills,CA,34.168,-118.606,verified,,,http://www.LAFCsocal.org,https://www.rankedxi.com/crests/ecnlg-lafc-so-cal.png
legends-fc-ca-ecnlg,Legends FC (CA),ecnlg,ECNL Girls,youth,W,Eastvale,CA,33.975,-117.567,verified,,,https://www.legendsfc.net,https://www.rankedxi.com/crests/ecnlg-legends-fc-ca.png
legends-fc-del-mar-ecnlg,Legends FC - Del Mar,ecnlg,ECNL Girls,youth,W,San Diego,CA,32.717,-117.163,verified,,,https://www.legendsfcsd.net,https://www.rankedxi.com/crests/ecnlg-legends-fc-del-mar.png
liverpool-fc-ia-michigan,Liverpool FC-IA Michigan,ecnlg,ECNL Girls,youth,W,Pontiac,MI,42.639,-83.291,verified,,,https://www.lfcinternationalacademymi.com/,https://www.rankedxi.com/crests/ecnlg-liverpool-fc-ia-michigan.png
lonestar-atx-ecnlg,Lonestar ATX,ecnlg,ECNL Girls,youth,W,Austin,TX,30.271,-97.744,verified,,,http://www.lonestar-sc.com,https://www.rankedxi.com/crests/ecnlg-lonestar-atx.png
lv-heat-surf-sc-ecnlg,LV Heat Surf SC,ecnlg,ECNL Girls,youth,W,Henderson,NV,36.032,-114.982,verified,,,https://lasvegasheatsurf.com/,https://www.rankedxi.com/crests/ecnlg-lv-heat-surf-sc.png
marin-fc-ecnlg,Marin FC,ecnlg,ECNL Girls,youth,W,Greenbrae,CA,37.949,-122.525,verified,,,https://www.marinfc.org/,https://www.rankedxi.com/crests/ecnlg-marin-fc.png
maryland-united-football-club-ecnlg,Maryland United Football Club,ecnlg,ECNL Girls,youth,W,Upper Marlboro,MD,38.816,-76.752,verified,,,https://www.mdunitedfc.org,https://www.rankedxi.com/crests/ecnlg-maryland-united-football-club.png
michigan-hawks,Michigan Hawks,ecnlg,ECNL Girls,youth,W,Plymouth,MI,42.371,-83.468,verified,,,https://hawks.soccer/,https://www.rankedxi.com/crests/ecnlg-michigan-hawks.png
mustang-soccer-ecnlg,Mustang Soccer,ecnlg,ECNL Girls,youth,W,Danville,CA,37.823,-122.001,verified,,,https://www.mustangsoccer.com/,https://www.rankedxi.com/crests/ecnlg-mustang-soccer.png
mvla-ecnlg,MVLA,ecnlg,ECNL Girls,youth,W,Los Altos,CA,37.379,-122.117,verified,,,https://mvlasc.org/,https://www.rankedxi.com/crests/ecnlg-mvla.png
nationals-ecnlg,Nationals,ecnlg,ECNL Girls,youth,W,Shelby Twp,MI,43.597,-86.338,verified,,,https://www.nationalssoccer.com/,https://www.rankedxi.com/crests/ecnlg-nationals.png
nc-fusion-ecnlg,NC Fusion,ecnlg,ECNL Girls,youth,W,Bermuda Run,NC,36.004,-80.422,verified,,,https://ncfusion.org,https://www.rankedxi.com/crests/ecnlg-nc-fusion.png
ncfc-youth-ecnlg,NCFC Youth,ecnlg,ECNL Girls,youth,W,Raleigh,NC,35.78,-78.639,verified,,,http://www.ncfcyouth.com,https://www.rankedxi.com/crests/ecnlg-ncfc-youth.png
ohio-elite-soccer-academy-ecnlg,Ohio Elite Soccer Academy,ecnlg,ECNL Girls,youth,W,Cincinnati,OH,39.101,-84.513,verified,,,http://www.ohioelite.com/,https://www.rankedxi.com/crests/ecnlg-ohio-elite-soccer-academy.png
ohio-premier-ecnlg,Ohio Premier,ecnlg,ECNL Girls,youth,W,Dublin,OH,40.1,-83.114,verified,,,https://www.opsoccer.com/,https://www.rankedxi.com/crests/ecnlg-ohio-premier.png
oklahoma-energy-fc-ecnlg,Oklahoma Energy FC,ecnlg,ECNL Girls,youth,W,Edmond,OK,35.657,-97.465,verified,,,http://www.okenergyfc.org,https://www.rankedxi.com/crests/ecnlg-oklahoma-energy-fc.png
oregon-surf-sc,Oregon Surf SC,ecnlg,ECNL Girls,youth,W,Portland,OR,45.52,-122.674,verified,,,https://oregonsurf.org/,https://www.rankedxi.com/crests/ecnlg-oregon-surf-sc.png
pacnw-ecnlg,PacNW,ecnlg,ECNL Girls,youth,W,Renton,WA,47.48,-122.203,verified,,,https://www.pacificnorthwestsoccerclub.org/,https://www.rankedxi.com/crests/ecnlg-pacnw.png
pateadores-soccer-club-ecnlg,Pateadores Soccer Club,ecnlg,ECNL Girls,youth,W,Costa Mesa,CA,33.663,-117.903,verified,,,https://www.pateadores.org,https://www.rankedxi.com/crests/ecnlg-pateadores-soccer-club.png
pda-blue-north,PDA Blue (North),ecnlg,ECNL Girls,youth,W,Somerset,NJ,40.568,-74.619,verified,,,,https://www.rankedxi.com/crests/ecnlg-pda-blue-north.png
pda-south,PDA South,ecrlg,ECNL Regional League Girls,youth,W,Westampton,NJ,40.016,-74.828,verified,,,,https://www.rankedxi.com/crests/ecnlg-pda-south.png
pda-white-shore,PDA White (Shore),ecnlg,ECNL Girls,youth,W,hamilton,NJ,40.255,-74.704,verified,,,,https://www.rankedxi.com/crests/ecnlg-pda-white-shore.png
penn-fusion-soccer-academy-ecnlg,Penn Fusion Soccer Academy,ecnlg,ECNL Girls,youth,W,West Chester,PA,39.96,-75.604,verified,,,https://www.pennfusion.org,https://www.rankedxi.com/crests/ecnlg-penn-fusion-soccer-academy.png
pipeline-sc-ecnlg,Pipeline SC,ecnlg,ECNL Girls,youth,W,Baldwin,MD,39.495,-76.47,verified,,,http://pipelinesoccerclub.com/,https://www.rankedxi.com/crests/ecnlg-pipeline-sc.png
sabr-team-boca,SABR - Team Boca,ecnlg,ECNL Girls,youth,W,Boca Raton,FL,26.359,-80.083,verified,,,https://www.teamboca.com,https://www.rankedxi.com/crests/ecnlg-sabr-team-boca.png
san-diego-surf-soccer-club-ecnlg,San Diego Surf Soccer Club,ecnlg,ECNL Girls,youth,W,San Diego,CA,32.717,-117.163,verified,,,https://www.surfsoccer.com,https://www.rankedxi.com/crests/ecnlg-san-diego-surf-soccer-club.png
santa-rosa-united-soccer-ecnlg,Santa Rosa United Soccer,ecnlg,ECNL Girls,youth,W,Santa Rosa,CA,38.44,-122.714,verified,,,http://www.srunited.com/,https://www.rankedxi.com/crests/ecnlg-santa-rosa-united-soccer.png
scorpions-sc-ecnlg,Scorpions SC,ecnlg,ECNL Girls,youth,W,Auburn,MA,42.195,-71.836,verified,,,https://scorpionssoccer.org,https://www.rankedxi.com/crests/ecnlg-scorpions-sc.png
seattle-united-ecnlg,Seattle United,ecnlg,ECNL Girls,youth,W,Seattle,WA,47.604,-122.33,verified,,,https://www.seattleunited.com,https://www.rankedxi.com/crests/ecnlg-seattle-united.png
select-ecnlg,Select,ecnlg,ECNL Girls,youth,W,Hingham,MA,42.242,-70.89,verified,,,https://selectma.com,https://www.rankedxi.com/crests/ecnlg-select.png
seminole-united,Seminole United,ecnlg,ECNL Girls,youth,W,Sanford,FL,28.812,-81.268,verified,,,https://seminole-united.com,https://www.rankedxi.com/crests/ecnlg-seminole-united.png
slammers-fc-ecnlg,Slammers FC,ecnlg,ECNL Girls,youth,W,Costa Mesa,CA,33.663,-117.903,verified,,,https://slammersfc.org/,https://www.rankedxi.com/crests/ecnlg-slammers-fc.png
so-cal-blues,So Cal Blues,ecnlg,ECNL Girls,youth,W,Laguna Hills,CA,33.595,-117.688,verified,,,http://www.bluessoccer.com,https://www.rankedxi.com/crests/ecnlg-so-cal-blues.png
solar-sc-ecnlg,Solar SC,ecnlg,ECNL Girls,youth,W,Allen,TX,33.103,-96.671,verified,,,https://www.solarsoccerclub.net,https://www.rankedxi.com/crests/ecnlg-solar-sc.png
south-carolina-united-fc-ecnlg,South Carolina United FC,ecnlg,ECNL Girls,youth,W,Columbia,SC,34.001,-81.035,verified,,,https://www.southcarolinaunitedfc.com,https://www.rankedxi.com/crests/ecnlg-south-carolina-united-fc.png
sporting-blue-valley,Sporting Blue Valley,ecnlg,ECNL Girls,youth,W,Overland Park,KS,38.974,-94.685,verified,,,http://sportingbvsoccer.org/,https://www.rankedxi.com/crests/ecnlg-sporting-blue-valley.png
sporting-california-usa-ecnlg,Sporting California USA,ecnlg,ECNL Girls,youth,W,Ontario,CA,34.066,-117.648,verified,,,http://www.sportingca.us,https://www.rankedxi.com/crests/ecnlg-sporting-california-usa.png
sporting-iowa-central-ecnlg,Sporting Iowa Central,ecnlg,ECNL Girls,youth,W,Des Moines,IA,41.587,-93.625,verified,,,,https://www.rankedxi.com/crests/ecnlg-sporting-iowa-central.png
sporting-sa-ecnlg,Sporting SA,ecnlg,ECNL Girls,youth,W,St Johns,FL,29.903,-81.415,verified,,,https://www.SportingJaxAcademy.com,https://www.rankedxi.com/crests/ecnlg-sporting-sa.png
stanislaus-surf-soccer-club,Stanislaus Surf Soccer Club,ecnlg,ECNL Girls,youth,W,Modesto,CA,37.639,-120.997,verified,,,https://www.stanislaussurf.org/,https://www.rankedxi.com/crests/ecnlg-stanislaus-surf-soccer-club.png
sting-austin,Sting Austin,ecnlg,ECNL Girls,youth,W,Pflugerville,TX,30.439,-97.62,verified,,,https://www.stingsoccer.com/austin,https://www.rankedxi.com/crests/ecnlg-sting-austin.png
sting-soccer-club-ecnlg,Sting Soccer Club,ecnlg,ECNL Girls,youth,W,Dallas,TX,32.776,-96.797,verified,,,https://www.stingsoccer.com,https://www.rankedxi.com/crests/ecnlg-sting-soccer-club.png
tampa-bay-united,Tampa Bay United,ecnlg,ECNL Girls,youth,W,Tampa,FL,27.945,-82.458,verified,,,http://www.tbusc.com/,https://www.rankedxi.com/crests/ecnlg-tampa-bay-united.png
tennessee-sc-ecnlg,Tennessee SC,ecnlg,ECNL Girls,youth,W,Franklin,TN,35.925,-86.869,verified,,,http://www.tennesseesoccerclub.org/,https://www.rankedxi.com/crests/ecnlg-tennessee-sc.png
united-futbol-academy-ecnlg,United Futbol Academy,ecnlg,ECNL Girls,youth,W,Cumming,GA,34.207,-84.14,verified,,,https://unitedfa.org,https://www.rankedxi.com/crests/ecnlg-united-futbol-academy.png
utah-avalanche-ecnlg,Utah Avalanche,ecnlg,ECNL Girls,youth,W,Salt Lake City,UT,40.76,-111.887,verified,,,http://www.utahavalanche.com/,https://www.rankedxi.com/crests/ecnlg-utah-avalanche.png
utah-royals-fc-az,Utah Royals FC - AZ,ecnlg,ECNL Girls,youth,W,Phoenix,AZ,33.448,-112.074,verified,,,https://www.royalsfcaz.com,https://www.rankedxi.com/crests/ecnlg-utah-royals-fc-az.png
west-side-alliance-sc-ecnlg,West Side Alliance SC,ecnlg,ECNL Girls,youth,W,Sand Springs,OK,36.139,-96.11,verified,,,http://www.wsasoccer.org,https://www.rankedxi.com/crests/ecnlg-west-side-alliance-sc.png
wilmington-hammerheads-ecnlg,Wilmington Hammerheads,ecnlg,ECNL Girls,youth,W,Wilmington,NC,34.235,-77.949,verified,,,https://www.wilmingtonhammerheadsyouth.com/,https://www.rankedxi.com/crests/ecnlg-wilmington-hammerheads.png
wny-flash-academy-ecnlg,WNY Flash Academy,ecnlg,ECNL Girls,youth,W,Elma,NY,42.824,-78.637,verified,,,https://wnyflash.com,https://www.rankedxi.com/crests/ecnlg-wny-flash-academy.png
world-class-fc-ecnlg,World Class FC,ecnlg,ECNL Girls,youth,W,Orangeburg,NY,41.051,-73.934,verified,,,http://www.wcsocceracademy.org/,https://www.rankedxi.com/crests/ecnlg-world-class-fc.png
seattle-celtic-ea,Seattle Celtic,ea,Elite Academy League,youth,M,Seattle,WA,47.604,-122.33,verified,,,,
valencia-cf-academy-seattle,Valencia CF Academy Seattle,ea,Elite Academy League,youth,M,Seattle,WA,47.604,-122.33,verified,,,,
dublin-united-football-club,Dublin United Football Club,ea,Elite Academy League,youth,M,Dublin,CA,37.702,-121.936,verified,,,,https://www.rankedxi.com/crests/ea-dublin-united-football-club.png
rocklin-fc,Rocklin FC,ea,Elite Academy League,youth,M,Rocklin,CA,38.791,-121.236,verified,,,https://www.rocklinfc.org/,https://www.rankedxi.com/crests/ecrlg-rocklin-fc.png
ac-brea,AC Brea,ea,Elite Academy League,youth,M,Brea,CA,33.917,-117.889,verified,,,,https://www.rankedxi.com/crests/ea-ac-brea.png
albion-sc-los-angeles,ALBION SC Los Angeles,ea,Elite Academy League,youth,M,Los Angeles,CA,34.054,-118.243,verified,,,,
albion-sc-riverside,ALBION SC Riverside,ea,Elite Academy League,youth,M,Riverside,CA,33.982,-117.374,verified,,,,https://www.rankedxi.com/crests/ea-albion-sc-riverside.png
albion-sc-santa-ana,ALBION SC Santa Ana,ea,Elite Academy League,youth,M,Santa Ana,CA,33.749,-117.873,verified,,,,https://www.rankedxi.com/crests/ea-albion-sc-santa-ana.png
albion-sc-santa-monica,ALBION SC Santa Monica,ea,Elite Academy League,youth,M,Santa Monica,CA,34.019,-118.491,verified,,,,https://www.rankedxi.com/crests/ea-albion-sc-santa-monica.png
city-sc-san-marcos,CITY SC San Marcos,ea,Elite Academy League,youth,M,San Marcos,CA,33.135,-117.174,verified,,,,https://www.rankedxi.com/crests/ea-city-sc-san-marcos.png
city-sc-los-angeles,City SC Los Angeles,ea,Elite Academy League,youth,M,Los Angeles,CA,34.054,-118.243,verified,,,,
albion-sc-denver,ALBION SC Denver,ea,Elite Academy League,youth,M,Denver,CO,39.739,-104.985,verified,,,,https://www.rankedxi.com/crests/ea-albion-sc-denver.png
bvbia-las-vegas,BVBIA Las Vegas,ea,Elite Academy League,youth,M,Las Vegas,NV,36.167,-115.148,verified,,,,
denver-kickers-sport-club,Denver Kickers Sport Club,ea,Elite Academy League,youth,M,Denver,CO,39.739,-104.985,verified,,,,
north-scottsdale-soccer-club-sandsharks,North Scottsdale Soccer Club Sandsharks,ea,Elite Academy League,youth,M,Scottsdale,AZ,33.494,-111.926,verified,,,,https://www.rankedxi.com/crests/ea-north-scottsdale-soccer-club-sandsharks.png
villarreal-las-vegas-academy,Villarreal Las Vegas Academy,ea,Elite Academy League,youth,M,Las Vegas,NV,36.167,-115.148,verified,,,,https://www.rankedxi.com/crests/ea-villarreal-las-vegas-academy.png
albion-sc-dallas,ALBION SC Dallas,ea,Elite Academy League,youth,M,Dallas,TX,32.776,-96.797,verified,,,,
atletico-dallas,Atletico Dallas,ea,Elite Academy League,youth,M,Dallas,TX,32.776,-96.797,verified,,,,https://www.rankedxi.com/crests/ecrlb-atletico-dallas-youth.png
liverpool-fc-dallas-academy,Liverpool FC Dallas Academy,ea,Elite Academy League,youth,M,Dallas,TX,32.776,-96.797,verified,,,,
psg-dallas,PSG Dallas,ea,Elite Academy League,youth,M,Dallas,TX,32.776,-96.797,verified,,,,
chicago-rush-soccer-club,Chicago Rush Soccer Club,ea,Elite Academy League,youth,M,Chicago,IL,41.876,-87.624,verified,,,,
chicago-empire-fc,Chicago Empire FC,ea,Elite Academy League,youth,M,Chicago,IL,41.876,-87.624,verified,,,,
chicago-kics-youth-soccer-club,Chicago KICS Youth Soccer Club,ea,Elite Academy League,youth,M,Chicago,IL,41.876,-87.624,verified,,,,https://www.rankedxi.com/crests/upsl-chicago-kics-fc.png
indy-premier-sc,Indy Premier SC,ea,Elite Academy League,youth,M,Indianapolis,IN,39.768,-86.158,verified,,,,
orland-park-sting-fc,Orland Park Sting FC,ea,Elite Academy League,youth,M,Orland Park,IL,41.631,-87.854,verified,,,,
albertson-soccer-club,Albertson Soccer Club,ea,Elite Academy League,youth,M,Albertson,NY,40.773,-73.647,verified,,,,https://www.rankedxi.com/crests/ea-albertson-soccer-club.png
albion-sc-brooklyn,ALBION SC Brooklyn,ea,Elite Academy League,youth,M,Brooklyn,NY,40.653,-73.95,verified,,,,https://www.rankedxi.com/crests/ea-albion-sc-brooklyn.png
albion-sc-fairfield,ALBION SC Fairfield,ea,Elite Academy League,youth,M,Fairfield,CT,41.141,-73.264,verified,,,,
buffalo-pro-soccer-academy,Buffalo Pro Soccer Academy,ea,Elite Academy League,youth,M,Buffalo,NY,42.886,-78.878,verified,,,,
rochester-rush,Rochester Rush,ea,Elite Academy League,youth,M,Rochester,NY,43.157,-77.615,verified,,,,
utica-surf-sc,Utica Surf SC,ea,Elite Academy League,youth,M,Utica,NY,43.101,-75.233,verified,,,,
albion-sc-atlanta,ALBION SC Atlanta,ea,Elite Academy League,youth,M,Atlanta,GA,33.754,-84.39,verified,,,,https://www.rankedxi.com/crests/ea-albion-sc-atlanta.png
albion-sc-nashville,Albion SC Nashville,ea,Elite Academy League,youth,M,Nashville,TN,36.162,-86.774,verified,,,,
ufa-gainsville,UFA Gainsville,ea,Elite Academy League,youth,M,Gainesville,GA,34.298,-83.824,verified,,,,
ufa-norcross,UFA Norcross,ea,Elite Academy League,youth,M,Norcross,GA,33.941,-84.214,verified,,,,
alameda-soccer-club,Alameda Soccer Club,ecrlb,ECNL Regional League Boys,youth,M,Alameda,CA,37.609,-121.899,verified,,,,https://www.rankedxi.com/crests/ecrlb-alameda-soccer-club.png
albany-berkeley-soccer-club,Albany Berkeley Soccer Club,ecrlb,ECNL Regional League Boys,youth,M,Berkeley,CA,37.871,-122.273,verified,,,,https://www.rankedxi.com/crests/ecrlb-albany-berkeley-soccer-club.png
albion-sc-central-valley,ALBION SC Central Valley,ea,Elite Academy League,youth,M,Clovis,CA,36.825,-119.703,verified,,,,https://www.rankedxi.com/crests/ea-albion-sc-central-valley.png
arizona-sc,Arizona SC,ecrlb,ECNL Regional League Boys,youth,M,Gilbert,AZ,33.353,-111.789,verified,,,,
arkansas-rising-soccer-club,Arkansas Rising Soccer Club,ecrlb,ECNL Regional League Boys,youth,M,Little Rock,AR,34.747,-92.29,verified,,,https://www.arkansasrising.org,https://www.rankedxi.com/crests/ecrlb-arkansas-rising-soccer-club.png
arsenal-colorado,Arsenal Colorado,ecrlb,ECNL Regional League Boys,youth,M,Fort Collins,CO,40.587,-105.077,verified,,,https://www.soccerfortcollins.org,https://www.rankedxi.com/crests/ecrlb-arsenal-colorado.png
atletico-dallas-youth-ecrlb,Atletico Dallas Youth,ecrlb,ECNL Regional League Boys,youth,M,Richardson,TX,32.948,-96.73,verified,,,https://www.atleticodallasyouth.com/,https://www.rankedxi.com/crests/ecrlb-atletico-dallas-youth.png
attack-fc,Attack FC,ecrlb,ECNL Regional League Boys,youth,M,Garland,TX,32.913,-96.639,verified,,,,https://www.rankedxi.com/crests/ecrlb-attack-fc.png
barca-academy-austin,Barca Academy Austin,ecrlb,ECNL Regional League Boys,youth,M,Austin,TX,30.271,-97.744,verified,,,,https://www.rankedxi.com/crests/ecrlb-barca-academy-austin.png
baton-rouge-sc,Baton Rouge SC,ecrlb,ECNL Regional League Boys,youth,M,.,LA,34.054,-118.243,verified,,,,
blast-fc-soccer-academy,Blast FC Soccer Academy,ecrlb,ECNL Regional League Boys,youth,M,Westerville,OH,40.126,-82.93,verified,,,https://www.blastfc.com,https://www.rankedxi.com/crests/ecrlb-blast-fc-soccer-academy.png
blfc,BLFC,ecrlb,ECNL Regional League Boys,youth,M,Elgin,IL,42.037,-88.281,verified,,,https://www.bloomingdalefc.com/,https://www.rankedxi.com/crests/ecrlb-blfc.png
boerne-sc,Boerne SC,ecrlb,ECNL Regional League Boys,youth,M,Boerne,TX,29.795,-98.732,verified,,,https://www.boernesoccer.org/,https://www.rankedxi.com/crests/ecrlb-boerne-sc.png
boreal-fc-ecrlb,Boreal FC,ecrlb,ECNL Regional League Boys,youth,M,Elk River,MN,45.304,-93.567,verified,,,,https://www.rankedxi.com/crests/ecrlb-boreal-fc.png
braddock-road-youth-club,Braddock Road Youth Club,ecrlb,ECNL Regional League Boys,youth,M,Fairfax,VA,38.846,-77.306,verified,,,http://www.brycacademy.org/,https://www.rankedxi.com/crests/ecrlb-braddock-road-youth-club.png
brentwood-sc,Brentwood SC,ecrlb,ECNL Regional League Boys,youth,M,Brentwood,NY,40.783,-73.257,verified,,,https://brentwoodyouthsoccer.com/,https://www.rankedxi.com/crests/ecrlb-brentwood-sc.png
broken-arrow-soccer-club,Broken Arrow Soccer Club,ecrlb,ECNL Regional League Boys,youth,M,Broken Arrow,OK,36.053,-95.791,verified,,,https://basoccer.club,https://www.rankedxi.com/crests/ecrlb-broken-arrow-soccer-club.png
burlingame-soccer-club,Burlingame Soccer Club,mlsnext,MLS NEXT,youth,M,Burlingame,CA,37.578,-122.347,verified,,,https://www.burlingamesoccerclub.org/,https://www.rankedxi.com/crests/ecrlb-burlingame-soccer-club.png
bvbia-dfw,BVBIA DFW,ea,Elite Academy League,youth,M,Frisco,TX,33.151,-96.824,verified,,,https://www.bvbia-dfw.com,https://www.rankedxi.com/crests/ecrlg-bvbia-dfw.png
bwp-football-academy,BWP Football Academy,ecrlb,ECNL Regional League Boys,youth,M,Voorheesville,NY,42.65,-73.931,verified,,,https://www.blackwatchpremier.com/,https://www.rankedxi.com/crests/ecrlb-bwp-football-academy.png
canton-akron-united-force,Canton Akron United Force,ecrlb,ECNL Regional League Boys,youth,M,North Royalton,OH,41.314,-81.725,verified,,,https://www.cantonakronunited.com/,https://www.rankedxi.com/crests/ecrlb-canton-akron-united-force.png
cap-city-athletic-1847,Cap City Athletic 1847,ecrlb,ECNL Regional League Boys,youth,M,Lansing,MI,42.734,-84.555,verified,,,https://www.capcityathletic.com/,https://www.rankedxi.com/crests/ecrlb-cap-city-athletic-1847.png
cape-coral-soccer,Cape Coral Soccer,ecrlb,ECNL Regional League Boys,youth,M,Cape Coral,FL,26.563,-81.944,verified,,,https://capecoralsoccer.com/,https://www.rankedxi.com/crests/ecrlb-cape-coral-soccer.png
catawba-valley-youth-soccer-association,Catawba Valley Youth Soccer Association,ecrlb,ECNL Regional League Boys,youth,M,Hickory,NC,35.733,-81.344,verified,,,,https://www.rankedxi.com/crests/ecrlb-catawba-valley-youth-soccer-association.png
cavalry-fc,Cavalry FC,ecrlb,ECNL Regional League Boys,youth,M,College Station,TX,30.618,-96.346,verified,,,https://www.cavalrysoccer.com,https://www.rankedxi.com/crests/ecrlb-cavalry-fc.png
cc-united-soccer-club,CC United Soccer Club,ecrlb,ECNL Regional League Boys,youth,M,Chanhassen,MN,44.862,-93.531,verified,,,,https://www.rankedxi.com/crests/ecrlb-cc-united-soccer-club.png
cedar-stars-rush-houston,Cedar Stars Rush Houston,ecrlb,ECNL Regional League Boys,youth,M,Katy,TX,29.786,-95.824,verified,,,https://www.csrushhouston.com/,https://www.rankedxi.com/crests/ecrlb-cedar-stars-rush-houston.png
central-california-soccer-alliance,Central California Soccer Alliance,ecrlb,ECNL Regional League Boys,youth,M,Fresno,CA,36.739,-119.785,verified,,,https://www.socceralliance.ca/,https://www.rankedxi.com/crests/ecrlb-central-california-soccer-alliance.png
central-valley-premier-fc-ecrlb,Central Valley Premier FC,ecrlb,ECNL Regional League Boys,youth,M,Visalia,CA,36.33,-119.292,verified,,,,https://www.rankedxi.com/crests/ecrlb-central-valley-premier-fc.png
central-washington-sounders,Central Washington Sounders,ecrlb,ECNL Regional League Boys,youth,M,Selah,WA,46.654,-120.53,verified,,,https://centralwashingtonsocceracademy.com/,https://www.rankedxi.com/crests/ecrlb-central-washington-sounders.png
ceres-rush,Ceres Rush,ecrlb,ECNL Regional League Boys,youth,M,Ceres,CA,37.595,-120.958,verified,,,,https://www.rankedxi.com/crests/ecrlb-ceres-rush.png
challenge-sc-ecrlb,Challenge SC,ecrlb,ECNL Regional League Boys,youth,M,Tomball,TX,30.097,-95.616,verified,,,https://www.challengesoccer.com/,https://www.rankedxi.com/crests/ecrlb-challenge-sc.png
chicago-soccer-academy-csa,Chicago Soccer Academy (CSA),ecrlb,ECNL Regional League Boys,youth,M,St Charles,IL,41.914,-88.313,verified,,,https://www.csasocceracademy.com/,https://www.rankedxi.com/crests/ecrlb-chicago-soccer-academy-csa.png
cincinnati-elite-fc,Cincinnati Elite FC,ecrlb,ECNL Regional League Boys,youth,M,Cincinnati,OH,39.101,-84.513,verified,,,https://cincinnatielitefc.com/,https://www.rankedxi.com/crests/ecrlb-cincinnati-elite-fc.png
clovis-crossfire-ecrlb,Clovis Crossfire,ecrlb,ECNL Regional League Boys,youth,M,Clovis,CA,36.825,-119.703,verified,,,,https://www.rankedxi.com/crests/ecrlb-clovis-crossfire.png
club-america,Club America,ecrlb,ECNL Regional League Boys,youth,M,Dallas,TX,32.776,-96.797,verified,,,https://nidodallas.com/,https://www.rankedxi.com/crests/ecrlb-club-america.png
club-america-nido-aguila-valley,Club America - Nido Aguila | Valley,ecrlb,ECNL Regional League Boys,youth,M,Stockton,CA,37.958,-121.291,verified,,,https://www.nidoaguila.org,https://www.rankedxi.com/crests/ecrlb-club-america-nido-aguila-valley.png
coastal-premier-alliance-fc,Coastal Premier Alliance FC,ecrlb,ECNL Regional League Boys,youth,M,Beaumont,TX,30.083,-94.098,verified,,,https://coastalpremierfc.com/,https://www.rankedxi.com/crests/ecrlb-coastal-premier-alliance-fc.png
columbus-force-sc,Columbus Force SC,ecrlb,ECNL Regional League Boys,youth,M,Lewis Center,OH,40.198,-83.01,verified,,,https://www.columbusforcesoccer.com/,https://www.rankedxi.com/crests/ecrlb-columbus-force-sc.png
croatia-jrs,Croatia Jrs,ecrlb,ECNL Regional League Boys,youth,M,Cleveland,OH,41.5,-81.694,verified,,,,https://www.rankedxi.com/crests/ecrlb-croatia-jrs.png
cuyahoga-valley-soccer-academy,Cuyahoga Valley Soccer Academy,ecrlb,ECNL Regional League Boys,youth,M,Brecksville,OH,41.32,-81.627,verified,,,https://www.cvsa.soccer,https://www.rankedxi.com/crests/ecrlb-cuyahoga-valley-soccer-academy.png
cv-futbol-academy,CV Futbol Academy,ecrlb,ECNL Regional League Boys,youth,M,Turlock,CA,37.495,-120.847,verified,,,https://www.cvfutbolacademy.com/,https://www.rankedxi.com/crests/ecrlb-cv-futbol-academy.png
dallas-legends,Dallas Legends,ecrlb,ECNL Regional League Boys,youth,M,Dallas,TX,32.776,-96.797,verified,,,,https://www.rankedxi.com/crests/ecrlb-dallas-legends.png
dasc,DASC,ecrlb,ECNL Regional League Boys,youth,M,"St, Sioux Falls",SD,43.553,-96.735,verified,,,https://www.dakotaalliancesoccer.com,https://www.rankedxi.com/crests/ecrlb-dasc.png
diablo-valley-futbol-club,Diablo Valley Futbol Club,mlsnext,MLS NEXT,youth,M,Clayton,CA,37.941,-121.936,verified,,,https://www.diablovalleyfc.com,https://www.rankedxi.com/crests/ecrlb-diablo-valley-futbol-club.png
dnamo-fc,Dnamo FC,ecrlb,ECNL Regional League Boys,youth,M,San Francisco,CA,37.788,-122.408,verified,,,,https://www.rankedxi.com/crests/ecrlb-dnamo-fc.png
dutch-fc,Dutch FC,ecrlb,ECNL Regional League Boys,youth,M,Frisco,TX,33.151,-96.824,verified,,,,https://www.rankedxi.com/crests/ecrlb-dutch-fc.png
dynamos-soccer-club,Dynamos Soccer Club,ecrlb,ECNL Regional League Boys,youth,M,Cypress,TX,29.969,-95.697,verified,,,https://www.dynamossoccer.com,https://www.rankedxi.com/crests/ecrlg-dynamos-soccer-club.png
eagles-sc-ecrlb,Eagles SC,ecrlb,ECNL Regional League Boys,youth,M,Camarillo,CA,34.218,-119.038,verified,,,http://www.eaglessc.com/,https://www.rankedxi.com/crests/ecrlb-eagles-sc.png
east-bay-united,East Bay United,ecrlb,ECNL Regional League Boys,youth,M,oakland,CA,37.804,-122.271,verified,,,,https://www.rankedxi.com/crests/ecrlb-east-bay-united.png
east-dallas-fc,East Dallas FC,ecrlb,ECNL Regional League Boys,youth,M,Dallas,TX,32.776,-96.797,verified,,,,https://www.rankedxi.com/crests/ecrlb-east-dallas-fc.png
eastern-fc,Eastern FC,ecrlb,ECNL Regional League Boys,youth,M,Bedford Hills,NY,41.235,-73.686,verified,,,,https://www.rankedxi.com/crests/ecrlb-eastern-fc.png
eastside-timbers,Eastside Timbers,ecrlb,ECNL Regional League Boys,youth,M,Clackamas,OR,45.161,-122.231,verified,,,https://www.eastsidetimbers.com/,https://www.rankedxi.com/crests/ecrlb-eastside-timbers.png
edina-soccer-club,Edina Soccer Club,ecrlb,ECNL Regional League Boys,youth,M,Edina,MN,44.89,-93.35,verified,,,,https://www.rankedxi.com/crests/ecrlb-edina-soccer-club.png
elite-fc,Elite FC,ecrlb,ECNL Regional League Boys,youth,M,Ostrander,OH,40.266,-83.213,verified,,,,https://www.rankedxi.com/crests/ecrlb-elite-fc.png
elk-grove-soccer,Elk Grove Soccer,mlsnext,MLS NEXT,youth,M,Elk Grove,CA,38.409,-121.372,verified,,,,https://www.rankedxi.com/crests/ecrlb-elk-grove-soccer.png
elk-grove-surf,Elk Grove Surf,ecrlb,ECNL Regional League Boys,youth,M,Elk Grove,CA,38.409,-121.372,verified,,,https://www.iracademysoccer.com/,https://www.rankedxi.com/crests/ecrlb-elk-grove-surf.png
elk-grove-united-sc,Elk Grove United SC,ecrlb,ECNL Regional League Boys,youth,M,Elk Grove,CA,38.409,-121.372,verified,,,,https://www.rankedxi.com/crests/ecrlb-elk-grove-united-sc.png
elkhart-county-united,Elkhart County United,ecrlb,ECNL Regional League Boys,youth,M,Elkhart,IN,41.601,-85.859,verified,,,https://www.ecusoccer.com,https://www.rankedxi.com/crests/ecrlb-elkhart-county-united.png
empire-surf,Empire Surf,ecrlb,ECNL Regional League Boys,youth,M,Temecula,CA,33.495,-117.147,verified,,,,https://www.rankedxi.com/crests/ecrlb-empire-surf.png
epsc,EPSC,ecrlb,ECNL Regional League Boys,youth,M,Eden Prairie,MN,44.855,-93.471,verified,,,,https://www.rankedxi.com/crests/ecrlb-epsc.png
fc-copa-academy,FC Copa Academy,ecrlb,ECNL Regional League Boys,youth,M,Hillsborough,NJ,40.505,-74.673,verified,,,https://www.fccopa.com/,https://www.rankedxi.com/crests/ecrlb-fc-copa-academy.png
fc-dutchmen-surf,FC Dutchmen Surf,ecrlb,ECNL Regional League Boys,youth,M,Schenectady,NY,42.814,-73.94,verified,,,https://fcdutchmensurf.com,https://www.rankedxi.com/crests/ecrlb-fc-dutchmen-surf.png
fc-europa,FC Europa,ecrlb,ECNL Regional League Boys,youth,M,Devon,PA,40.047,-75.423,verified,,,,https://www.rankedxi.com/crests/ecrlg-fc-europa.png
fc-fresno-academy,FC Fresno Academy,ecrlb,ECNL Regional League Boys,youth,M,.,CA,36.701,-118.756,verified,,,,https://www.rankedxi.com/crests/ecrlb-fc-fresno-academy.png
fc-long-beach-blues,FC Long Beach Blues,ecrlb,ECNL Regional League Boys,youth,M,Long Beach,CA,33.769,-118.192,verified,,,,https://www.rankedxi.com/crests/ecrlb-fc-long-beach-blues.png
fc-north,FC North,ecrlb,ECNL Regional League Boys,youth,M,Rocky Hill,CT,41.665,-72.639,verified,,,http://www.connecticutfootballclub.org,https://www.rankedxi.com/crests/ecrlb-fc-north.png
fc-united-iowa,FC United (Iowa),ecrlb,ECNL Regional League Boys,youth,M,Cedar Rapids,IA,41.976,-91.67,verified,,,,https://www.rankedxi.com/crests/ecrlb-fc-united-iowa.png
fever-united,Fever United,ecrlb,ECNL Regional League Boys,youth,M,Colleyville,TX,32.881,-97.155,verified,,,https://www.feverunited.com/,https://www.rankedxi.com/crests/ecrlb-fever-united.png
florida-hawks-futbol-club,Florida Hawks Futbol Club,ecrlb,ECNL Regional League Boys,youth,M,Lithia,FL,27.866,-82.231,verified,,,https://www.floridahawksfc.com/,https://www.rankedxi.com/crests/ecrlb-florida-hawks-futbol-club.png
force-ecrlb,Force,ecrlb,ECNL Regional League Boys,youth,M,Cupertino,CA,37.323,-122.032,verified,,,https://www.deanzaforce.org,https://www.rankedxi.com/crests/ecrlb-force.png
force-football-club-ecrlb,Force Football Club,ecrlb,ECNL Regional League Boys,youth,M,Crystal Lake,IL,42.241,-88.316,verified,,,https://www.clsf.org,https://www.rankedxi.com/crests/ecrlb-force-football-club.png
fox-soccer-academy-of-the-carolinas,Fox Soccer Academy of the Carolinas,ecrlb,ECNL Regional League Boys,youth,M,Mooresville,NC,35.585,-80.81,verified,,,,https://www.rankedxi.com/crests/ecrlb-fox-soccer-academy-of-the-carolinas.png
fox-soccer-academy-premier,Fox Soccer Academy Premier,ecrlb,ECNL Regional League Boys,youth,M,Warwick,NY,41.256,-74.36,verified,,,,https://www.rankedxi.com/crests/ecrlb-fox-soccer-academy-premier.png
fresno-heat-fc,FRESNO HEAT FC,ecrlb,ECNL Regional League Boys,youth,M,Fresno,CA,36.739,-119.785,verified,,,,https://www.rankedxi.com/crests/ecrlb-fresno-heat-fc.png
fruitridge-soccer-club,Fruitridge Soccer Club,ecrlb,ECNL Regional League Boys,youth,M,Sacramento,CA,38.581,-121.494,verified,,,,https://www.rankedxi.com/crests/ecrlb-fruitridge-soccer-club.png
fusion-soccer-club,Fusion Soccer Club,ecrlb,ECNL Regional League Boys,youth,M,Plymouth,MN,45.007,-93.467,verified,,,,https://www.rankedxi.com/crests/ecrlb-fusion-soccer-club.png
great-falls-reston-soccer-club,Great Falls Reston Soccer Club,ecrlb,ECNL Regional League Boys,youth,M,Great Falls,VA,39.012,-77.308,verified,,,https://www.gfrsoccerclub.org,https://www.rankedxi.com/crests/ecrlb-great-falls-reston-soccer-club.png
greater-libertyville-soccer-association,Greater Libertyville Soccer Association,ecrlb,ECNL Regional League Boys,youth,M,Libertyville,IL,42.283,-87.953,verified,,,https://www.glsa.org/,https://www.rankedxi.com/crests/ecrlb-greater-libertyville-soccer-association.png
gtfc-impact-ecrlb,GTFC Impact,ecrlb,ECNL Regional League Boys,youth,M,Perrysburg,OH,41.557,-83.628,verified,,,https://www.greatertoledofc.org/,https://www.rankedxi.com/crests/ecrlb-gtfc-impact.png
hattiesburg-futbol-club,Hattiesburg Futbol Club,ecrlb,ECNL Regional League Boys,youth,M,Hattiesburg,MS,31.327,-89.29,verified,,,,https://www.rankedxi.com/crests/usl2-hattiesburg-fc.png
herndon-youth-soccer,Herndon Youth Soccer,ecrlb,ECNL Regional League Boys,youth,M,Herndon,VA,38.97,-77.386,verified,,,https://www.herndonyouthsoccer.org/,https://www.rankedxi.com/crests/ecrlb-herndon-youth-soccer.png
houstonians-fc,Houstonians FC,ecrlb,ECNL Regional League Boys,youth,M,Houston,TX,29.759,-95.368,verified,,,https://www.houstoniansfc.org,https://www.rankedxi.com/crests/ecrlb-houstonians-fc.png
imperial-soccer-club,Imperial Soccer Club,ecrlb,ECNL Regional League Boys,youth,M,Sugar Land,TX,29.62,-95.635,verified,,,https://www.imperialsc.org/,https://www.rankedxi.com/crests/ecrlb-imperial-soccer-club.png
jsa-fc,JSA FC,ecrlb,ECNL Regional League Boys,youth,M,San Antonio,TX,29.425,-98.495,verified,,,https://www.legends-fc.com,https://www.rankedxi.com/crests/ecrlb-jsa-fc.png
jsc-soccer-club,JSC Soccer Club,ecrlb,ECNL Regional League Boys,youth,M,Redwood City,CA,37.486,-122.233,verified,,,,https://www.rankedxi.com/crests/ecrlb-jsc-soccer-club.png
kansas-city-surf,Kansas City Surf,ecrlb,ECNL Regional League Boys,youth,M,Overland Park,KS,38.974,-94.685,verified,,,,https://www.rankedxi.com/crests/ecrlb-kansas-city-surf.png
kaptiva-sports-academy,Kaptiva Sports Academy,ecrlb,ECNL Regional League Boys,youth,M,Sugar Land,TX,29.62,-95.635,verified,,,,https://www.rankedxi.com/crests/ecrlb-kaptiva-sports-academy.png
kernow-storm-fc,Kernow Storm FC,ecrlb,ECNL Regional League Boys,youth,M,Waxahachie,TX,32.394,-96.844,verified,,,https://www.stormfutbol.com/,https://www.rankedxi.com/crests/ecrlb-kernow-storm-fc.png
keystone-athletic,Keystone Athletic,ecrlb,ECNL Regional League Boys,youth,M,Stroudsburg,PA,40.986,-75.195,verified,,,,https://www.rankedxi.com/crests/ecrlb-keystone-athletic.png
kickers-fc,Kickers FC,ecrlb,ECNL Regional League Boys,youth,M,Blaine,MN,45.161,-93.235,verified,,,https://www.KickersFC.org,https://www.rankedxi.com/crests/ecrlb-kickers-fc.png
la-elite-sp,LA Elite SP,ecrlb,ECNL Regional League Boys,youth,M,Baton Rouge,LA,30.449,-91.187,verified,,,,https://www.rankedxi.com/crests/ecrlb-la-elite-sp.png
lee-mt-vernon-sports-club,Lee-Mt. Vernon Sports Club,ecrlb,ECNL Regional League Boys,youth,M,Alexandria,VA,38.805,-77.047,verified,,,,https://www.rankedxi.com/crests/ecrlb-lee-mt-vernon-sports-club.png
legends-fc,Legends FC,ecrlb,ECNL Regional League Boys,youth,M,Brighton,MI,42.532,-83.785,verified,,,,https://www.rankedxi.com/crests/ecrlb-legends-fc.png
legends-fc-sj,Legends FC (SJ),ecrlb,ECNL Regional League Boys,youth,M,San Jose,CA,37.336,-121.891,verified,,,,https://www.rankedxi.com/crests/ecrlb-legends-fc-sj.png
lions-fc,Lions FC,ecrlb,ECNL Regional League Boys,youth,M,Schertz,TX,29.564,-98.27,verified,,,,https://www.rankedxi.com/crests/ecrlb-lions-fc.png
livermore-fusion-sc,Livermore Fusion SC,ecrlb,ECNL Regional League Boys,youth,M,Livermore,CA,37.682,-121.768,verified,,,,https://www.rankedxi.com/crests/ecrlb-livermore-fusion-sc.png
liverpool-fc-ia-michigan-ecrlb,Liverpool FC-IA Michigan,ecrlb,ECNL Regional League Boys,youth,M,Pontiac,MI,42.639,-83.291,verified,,,https://www.lfcinternationalacademymi.com/,https://www.rankedxi.com/crests/ecrlb-liverpool-fc-ia-michigan.png
mafc,MAFC,ecrlb,ECNL Regional League Boys,youth,M,Houston,TX,29.759,-95.368,verified,,,https://www.mafcacademy.com,https://www.rankedxi.com/crests/ecrlb-mafc.png
mandeville-soccer-club,Mandeville Soccer Club,ecrlb,ECNL Regional League Boys,youth,M,Mandeville,LA,30.358,-90.066,verified,,,https://www.mscsoccer.org,https://www.rankedxi.com/crests/ecrlb-mandeville-soccer-club.png
maplebrook-sc,MapleBrook SC,ecrlb,ECNL Regional League Boys,youth,M,Maplebrook,MN,43.858,-92.477,verified,,,,https://www.rankedxi.com/crests/ecrlb-maplebrook-sc.png
michigan-burn,Michigan Burn,ecrlb,ECNL Regional League Boys,youth,M,New Baltimore,MI,42.681,-82.737,verified,,,https://www.michiganburnsoccer.com/,https://www.rankedxi.com/crests/ecrlb-michigan-burn.png
minneapolis-united,Minneapolis United,ecrlg,ECNL Regional League Girls,youth,W,Minneapolis,MN,44.977,-93.265,verified,,,https://www.minneapolisunited.org/,https://www.rankedxi.com/crests/ecrlb-minneapolis-united.png
minnesota-rush,Minnesota Rush,ecrlb,ECNL Regional League Boys,youth,M,Blaine,MN,45.161,-93.235,verified,,,,https://www.rankedxi.com/crests/ecrlb-minnesota-rush.png
mississippi-surf,Mississippi Surf,ecrlb,ECNL Regional League Boys,youth,M,TUPELO,MS,34.258,-88.703,verified,,,https://www.tupelofc.org,https://www.rankedxi.com/crests/ecrlb-mississippi-surf.png
mortega-soccer-club-laredo-youth-soccer-academy,Mortega Soccer Club Laredo Youth Soccer Academy,ecrlb,ECNL Regional League Boys,youth,M,Manor,TX,30.342,-97.556,verified,,,,https://www.rankedxi.com/crests/ecrlb-mortega-soccer-club-laredo-youth-soccer-academy.png
nb-ajax-soccer-club,NB Ajax Soccer Club,ecrlb,ECNL Regional League Boys,youth,M,New braunfels,TX,29.703,-98.126,verified,,,https://www.nbajax.com/,https://www.rankedxi.com/crests/ecrlb-nb-ajax-soccer-club.png
north-georgia-soccer-academy,North Georgia Soccer Academy,ecrlb,ECNL Regional League Boys,youth,M,Dalton,GA,34.769,-84.97,verified,,,https://lionssa.com,https://www.rankedxi.com/crests/ecrlb-north-georgia-soccer-academy.png
north-star-fc-ecrlb,North Star FC,ecrlb,ECNL Regional League Boys,youth,M,Rochester,MN,44.023,-92.463,verified,,,,https://www.rankedxi.com/crests/ecrlb-north-star-fc.png
north-surf,North Surf,ecrlb,ECNL Regional League Boys,youth,M,ROSEVILLE,MN,45.006,-93.157,verified,,,https://www.nssasoccer.org/,https://www.rankedxi.com/crests/ecrlb-north-surf.png
northwest-united-fc,Northwest United FC,ecrlb,ECNL Regional League Boys,youth,M,Mount Vernon,WA,48.42,-122.326,verified,,,https://www.nwunited.org/,https://www.rankedxi.com/crests/ecrlb-northwest-united-fc.png
ntx-celtic-fc,NTX Celtic FC,ecrlb,ECNL Regional League Boys,youth,M,Corinth,TX,33.154,-97.065,verified,,,https://www.ntxcelticfc.com,https://www.rankedxi.com/crests/ecrlb-ntx-celtic-fc.png
ntx-united-fc,NTX United FC,ecrlb,ECNL Regional League Boys,youth,M,Denton County,TX,33.184,-97.141,verified,,,https://ntxunitedfc.io,https://www.rankedxi.com/crests/ecrlb-ntx-united-fc.png
ohio-galaxies-fc,Ohio Galaxies FC,ecrlb,ECNL Regional League Boys,youth,M,Alpha,OH,39.71,-84.023,verified,,,https://www.ohiogalaxiesfc.com/,https://www.rankedxi.com/crests/ecrlb-ohio-galaxies-fc.png
oklahoma-celtic-ecrlb,Oklahoma Celtic,ecrlb,ECNL Regional League Boys,youth,M,Norman,OK,35.223,-97.439,verified,,,https://oklahomaceltic.com,https://www.rankedxi.com/crests/ecrlb-oklahoma-celtic.png
one-world-soccer,One World Soccer,ecrlb,ECNL Regional League Boys,youth,M,Pflugerville,TX,30.439,-97.62,verified,,,https://www.oneworldsoccer.com/,https://www.rankedxi.com/crests/ecrlb-one-world-soccer.png
pa-rush,PA Rush,ecrlb,ECNL Regional League Boys,youth,M,New Britain,PA,40.299,-75.182,verified,,,https://www.parush.com,https://www.rankedxi.com/crests/ecrlb-pa-rush.png
pacesetter-soccer-club,Pacesetter Soccer Club,ecrlb,ECNL Regional League Boys,youth,M,Sylvania,OH,41.719,-83.713,verified,,,https://www.pacesettersoccer.com/,https://www.rankedxi.com/crests/ecrlg-pacesetter-soccer-club.png
palo-alto-sc,Palo Alto SC,ecrlb,ECNL Regional League Boys,youth,M,Palo Alto,CA,37.444,-122.16,verified,,,https://www.pasoccerclub.org/,https://www.rankedxi.com/crests/ecrlb-palo-alto-sc.png
park-valley-united-fc,Park Valley United FC,ecrlb,ECNL Regional League Boys,youth,M,St. Louis Park,MN,44.948,-93.357,verified,,,,https://www.rankedxi.com/crests/ecrlb-park-valley-united-fc.png
pearland-soccer-club,Pearland Soccer Club,ecrlb,ECNL Regional League Boys,youth,M,Pearland,TX,29.564,-95.286,verified,,,,https://www.rankedxi.com/crests/ecrlb-pearland-soccer-club.png
pines-futsal-association,Pines Futsal Association,ecrlb,ECNL Regional League Boys,youth,M,Nacogdoches,TX,31.597,-94.593,verified,,,https://www.pinesfutsal.com/,https://www.rankedxi.com/crests/ecrlb-pines-futsal-association.png
playmaker-futbol-academy,Playmaker Futbol Academy,ecrlb,ECNL Regional League Boys,youth,M,Scottsdale,AZ,33.494,-111.926,verified,,,,https://www.rankedxi.com/crests/ecrlb-playmaker-futbol-academy.png
plymouth-soccer-club,Plymouth Soccer Club,ecrlb,ECNL Regional League Boys,youth,M,Plymouth,MI,42.371,-83.468,verified,,,,https://www.rankedxi.com/crests/ecrlb-plymouth-soccer-club.png
portage-soccer-club,Portage Soccer Club,ecrlb,ECNL Regional League Boys,youth,M,Portage,MI,42.201,-85.58,verified,,,,https://www.rankedxi.com/crests/ecrlb-portage-soccer-club.png
portland-city-united-sc,Portland City United SC,ecrlb,ECNL Regional League Boys,youth,M,Portland,OR,45.52,-122.674,verified,,,,https://www.rankedxi.com/crests/ecrlb-portland-city-united-sc.png
prince-william-courage,Prince William Courage,ecrlb,ECNL Regional League Boys,youth,M,Woodbridge,VA,38.636,-77.268,verified,,,,https://www.rankedxi.com/crests/ecrlb-prince-william-courage.png
prior-lake-sc,Prior Lake SC,ecrlb,ECNL Regional League Boys,youth,M,Prior Lake,MN,44.713,-93.423,verified,,,,https://www.rankedxi.com/crests/ecrlb-prior-lake-sc.png
quickstrike-fc,Quickstrike FC,ecrlb,ECNL Regional League Boys,youth,M,New Windor,NY,41.562,-90.546,verified,,,,https://www.rankedxi.com/crests/ecrlb-quickstrike-fc.png
revolution-fc,Revolution FC,ecrlb,ECNL Regional League Boys,youth,M,Brentwood,CA,37.932,-121.696,verified,,,,https://www.rankedxi.com/crests/ecrlb-revolution-fc.png
roadrunners-sc,Roadrunners SC,ecrlb,ECNL Regional League Boys,youth,M,Downers Grove,IL,41.794,-88.01,verified,,,,https://www.rankedxi.com/crests/ecrlb-roadrunners-sc.png
sacramento-alliance-sc,Sacramento Alliance SC,ecrlb,ECNL Regional League Boys,youth,M,Sacramento,CA,38.581,-121.494,verified,,,,https://www.rankedxi.com/crests/ecrlb-sacramento-alliance-sc.png
san-carlos-united-soccer-club,San Carlos United Soccer Club,ecrlb,ECNL Regional League Boys,youth,M,San Carlos,CA,37.505,-122.262,verified,,,,https://www.rankedxi.com/crests/ecrlb-san-carlos-united-soccer-club.png
san-jose-rush,San Jose Rush,ecrlb,ECNL Regional League Boys,youth,M,"San Jose,",CA,37.336,-121.891,verified,,,,https://www.rankedxi.com/crests/ecrlb-san-jose-rush.png
sanger-fc,Sanger FC,ecrlb,ECNL Regional League Boys,youth,M,Sanger,CA,36.708,-119.556,verified,,,,https://www.rankedxi.com/crests/ecrlb-sanger-fc.png
santa-cruz-mid-county-youth-soccer-club,Santa Cruz Mid-County Youth Soccer Club,ecrlb,ECNL Regional League Boys,youth,M,Santa Cruz,CA,37.05,-121.991,verified,,,,https://www.rankedxi.com/crests/ecrlb-santa-cruz-mid-county-youth-soccer-club.png
sf-united-fc,SF United FC,ecrlb,ECNL Regional League Boys,youth,M,San Francisco,CA,37.788,-122.408,verified,,,,https://www.rankedxi.com/crests/ecrlb-sf-united-fc.png
sg1-soccer,SG1 Soccer,ecrlb,ECNL Regional League Boys,youth,M,Houston,TX,29.759,-95.368,verified,,,,https://www.rankedxi.com/crests/ecrlb-sg1-soccer.png
shakopee-sa,Shakopee SA,ecrlb,ECNL Regional League Boys,youth,M,Shakopee,MN,44.798,-93.527,verified,,,,https://www.rankedxi.com/crests/ecrlb-shakopee-sa.png
sheriffs-fc,Sheriffs FC,ecrlb,ECNL Regional League Boys,youth,M,Hayward,CA,37.669,-122.081,verified,,,https://www.sheriffsfc.org,https://www.rankedxi.com/crests/ecrlb-sheriffs-fc.png
sierra-nevada-fc,Sierra Nevada FC,ecrlb,ECNL Regional League Boys,youth,M,Reno,NV,39.526,-119.813,verified,,,https://sierranvfc.com,https://www.rankedxi.com/crests/ecrlb-sierra-nevada-fc.png
sierra-surf-sc,Sierra Surf SC,ecrlb,ECNL Regional League Boys,youth,M,Reno,NV,39.526,-119.813,verified,,,https://sierrasurfsoccerclub.net,https://www.rankedxi.com/crests/ecrlb-sierra-surf-sc.png
soca,SOCA,ecrlb,ECNL Regional League Boys,youth,M,Charlottesville,VA,38.029,-78.477,verified,,,https://www.socaspot.org/,https://www.rankedxi.com/crests/ecrlb-soca.png
solano-surf,Solano Surf,ecrlb,ECNL Regional League Boys,youth,M,Fairfield,CA,38.249,-122.04,verified,,,https://solanosurf.org/,https://www.rankedxi.com/crests/ecrlb-solano-surf.png
south-lakes-sc,South Lakes SC,ecrlb,ECNL Regional League Boys,youth,M,Oklahoma City,OK,35.473,-97.517,verified,,,https://www.southlakessoccer.org/,https://www.rankedxi.com/crests/ecrlb-south-lakes-sc.png
south-orlando-sc,South Orlando SC,ecrlb,ECNL Regional League Boys,youth,M,Orlando,FL,28.542,-81.379,verified,,,,https://www.rankedxi.com/crests/ecrlb-south-orlando-sc.png
south-valley-chivas,South Valley Chivas,ecrlb,ECNL Regional League Boys,youth,M,Porterville,CA,36.065,-119.017,verified,,,,https://www.rankedxi.com/crests/ecrlb-south-valley-chivas.png
south-valley-united-soccer-club,South Valley United Soccer Club,ecrlb,ECNL Regional League Boys,youth,M,Visalia,CA,36.33,-119.292,verified,,,https://southvalleyunited.com/,https://www.rankedxi.com/crests/ecrlb-south-valley-united-soccer-club.png
southwest-mo-rush,Southwest MO Rush,ecrlb,ECNL Regional League Boys,youth,M,Springfield,MO,37.208,-93.292,verified,,,,https://www.rankedxi.com/crests/ecrlb-southwest-mo-rush.png
sporting-iowa-east,Sporting Iowa East,ecrlb,ECNL Regional League Boys,youth,M,Bettendorf,IA,41.525,-90.51,verified,,,,https://www.rankedxi.com/crests/ecrlb-sporting-iowa-east.png
sporting-iowa-strikers,Sporting Iowa Strikers,ecrlb,ECNL Regional League Boys,youth,M,Bettendorf,IA,41.525,-90.51,verified,,,,https://www.rankedxi.com/crests/ecrlb-sporting-iowa-strikers.png
st-paul-blackhawks-ecrlb,St. Paul Blackhawks,ecrlb,ECNL Regional League Boys,youth,M,Saint Paul,MN,44.95,-93.093,verified,,,https://blackhawksoccer.org,https://www.rankedxi.com/crests/ecrlb-st-paul-blackhawks.png
sta-mount-olive-soccer-club,STA Mount Olive Soccer Club,ecrlb,ECNL Regional League Boys,youth,M,Mount Olive NJ,NJ,40.846,-74.743,verified,,,https://stasoccer.org,https://www.rankedxi.com/crests/ecrlb-sta-mount-olive-soccer-club.png
stafford-soccer,Stafford Soccer,ecrlb,ECNL Regional League Boys,youth,M,Stafford,VA,38.417,-77.458,verified,,,https://www.staffordsoccer.com,https://www.rankedxi.com/crests/ecrlb-stafford-soccer.png
stanford-strikers-fc,Stanford Strikers FC,ecrlb,ECNL Regional League Boys,youth,M,Menlo Park,CA,37.452,-122.178,verified,,,,https://www.rankedxi.com/crests/ecrlb-stanford-strikers-fc.png
stanislaus-surf-soccer-club-ecrlb,Stanislaus Surf Soccer Club,ecrlb,ECNL Regional League Boys,youth,M,Modesto,CA,37.639,-120.997,verified,,,https://www.stanislaussurf.org/,https://www.rankedxi.com/crests/ecrlb-stanislaus-surf-soccer-club.png
sting-austin-ecrlb,Sting Austin,ecrlb,ECNL Regional League Boys,youth,M,Pflugerville,TX,30.439,-97.62,verified,,,https://www.stingsoccer.com/austin,https://www.rankedxi.com/crests/ecrlb-sting-austin.png
sting-corpus-christi,Sting Corpus Christi,ecrlb,ECNL Regional League Boys,youth,M,Corpus Christi,TX,27.764,-97.403,verified,,,,https://www.rankedxi.com/crests/ecrlb-sting-corpus-christi.png
stockton-tlj-fc,Stockton TLJ FC,ecrlb,ECNL Regional League Boys,youth,M,Stockton,CA,37.958,-121.291,verified,,,https://www.stocktontljsoccer.com,https://www.rankedxi.com/crests/ecrlb-stockton-tlj-fc.png
strikers-miami-fc,Strikers Miami FC,ecrlb,ECNL Regional League Boys,youth,M,Miami,FL,25.774,-80.194,verified,,,https://www.strikersmiami.com,https://www.rankedxi.com/crests/ecrlb-strikers-miami-fc.png
sunnyvale-alliance-sc,Sunnyvale Alliance SC,ecrlb,ECNL Regional League Boys,youth,M,Sunnyvale,CA,37.369,-122.036,verified,,,http://www.sunnyvalesoccer.org,https://www.rankedxi.com/crests/ecrlb-sunnyvale-alliance-sc.png
t3-futbol-club,T3 Futbol Club,ecrlb,ECNL Regional League Boys,youth,M,Avon,OH,41.452,-82.035,verified,,,https://www.t3futbolclub.com/,https://www.rankedxi.com/crests/ecrlb-t3-futbol-club.png
tahuichi-f-c-youth-soccer,Tahuichi F.C. Youth Soccer,ecrlb,ECNL Regional League Boys,youth,M,Santa Rosa,CA,38.44,-122.714,verified,,,,https://www.rankedxi.com/crests/ecrlb-tahuichi-f-c-youth-soccer.png
texas-warriors-fc,Texas Warriors FC,ecrlb,ECNL Regional League Boys,youth,M,Murphy,TX,33.015,-96.613,verified,,,,https://www.rankedxi.com/crests/ecrlb-texas-warriors-fc.png
tko-premier-sc,TKO Premier SC,ecrlb,ECNL Regional League Boys,youth,M,Kalamazoo,MI,42.292,-85.587,verified,,,,https://www.rankedxi.com/crests/ecrlb-tko-premier-sc.png
toca-fusion-athletic-club,Toca Fusion Athletic Club,ecrlb,ECNL Regional League Boys,youth,M,Lenexa,KS,38.97,-94.785,verified,,,https://tocafusion.org,https://www.rankedxi.com/crests/ecrlb-toca-fusion-athletic-club.png
town-country-optimist-club,Town & Country Optimist Club,ecrlb,ECNL Regional League Boys,youth,M,Austin,TX,30.271,-97.744,verified,,,,https://www.rankedxi.com/crests/ecrlb-town-country-optimist-club.png
tri-city-united,Tri-City United,ecrlb,ECNL Regional League Boys,youth,M,Fargo,ND,46.877,-96.79,verified,,,,https://www.rankedxi.com/crests/ecrlb-tri-city-united.png
tropical-soccer,Tropical Soccer,ecrlb,ECNL Regional League Boys,youth,M,.Miami,FL,25.774,-80.194,verified,,,,https://www.rankedxi.com/crests/ecrlb-tropical-soccer.png
turlock-academica-jrs,Turlock Academica Jrs,ecrlb,ECNL Regional League Boys,youth,M,Turlock,CA,37.495,-120.847,verified,,,https://www.academicajrs.org,https://www.rankedxi.com/crests/ecrlb-turlock-academica-jrs.png
union-sacramento-fc,Union Sacramento FC,ecrlb,ECNL Regional League Boys,youth,M,Sacramento,CA,38.581,-121.494,verified,,,,https://www.rankedxi.com/crests/ecrlb-union-sacramento-fc.png
upper-90-fc-ecrlb,Upper 90 FC,ecrlb,ECNL Regional League Boys,youth,M,Oberlin,OH,41.294,-82.217,verified,,,https://upper90futbolclub.com,https://www.rankedxi.com/crests/ecrlb-upper-90-fc.png
utah-surf,Utah Surf,ecrlb,ECNL Regional League Boys,youth,M,Highland,UT,40.427,-111.789,verified,,,https://utahsurfsoccer.com,https://www.rankedxi.com/crests/ecrlb-utah-surf.png
va-united,VA United,ecrlb,ECNL Regional League Boys,youth,M,Roanoke,VA,37.271,-79.941,verified,,,https://www.vaunited.org,https://www.rankedxi.com/crests/ecrlb-va-united.png
vacaville-united-soccer-club,Vacaville United Soccer Club,ecrlb,ECNL Regional League Boys,youth,M,Vacaville,CA,38.357,-121.988,verified,,,,https://www.rankedxi.com/crests/ecrlb-vacaville-united-soccer-club.png
valencia-academy-houston,Valencia Academy Houston,ecrlb,ECNL Regional League Boys,youth,M,Katy,TX,29.786,-95.824,verified,,,https://www.valenciacfhouston.com,https://www.rankedxi.com/crests/ecrlb-valencia-academy-houston.png
valley-surf-america,Valley Surf | America,ecnlb,ECNL Boys,youth,M,Lathrop,CA,37.823,-121.277,verified,,,https://www.valleysurf.org/,https://www.rankedxi.com/crests/ecrlb-valley-surf-america.png
valor-soccer,Valor Soccer,ecrlb,ECNL Regional League Boys,youth,M,Maple Valley,WA,47.366,-122.044,verified,,,,https://www.rankedxi.com/crests/ecrlb-valor-soccer.png
vienna-youth-soccer,Vienna Youth Soccer,ecrlb,ECNL Regional League Boys,youth,M,vienna,VA,38.901,-77.265,verified,,,,https://www.rankedxi.com/crests/ecrlb-vienna-youth-soccer.png
villarreal-force-academy,Villarreal Force Academy,ecrlb,ECNL Regional League Boys,youth,M,Fayetteville,NC,35.053,-78.878,verified,,,,https://www.rankedxi.com/crests/ecrlb-villarreal-force-academy.png
villarreal-virginia-academy,Villarreal Virginia Academy,ecrlb,ECNL Regional League Boys,youth,M,Springfield,VA,38.775,-77.18,verified,,,https://villarrealva.org,https://www.rankedxi.com/crests/ecrlb-villarreal-virginia-academy.png
virginia-reign,Virginia Reign,ecrlb,ECNL Regional League Boys,youth,M,Williamsburg,VA,37.271,-76.7,verified,,,https://vareignfc.com,https://www.rankedxi.com/crests/ecrlb-virginia-reign.png
virginia-soccer-association,Virginia Soccer Association,ecrlb,ECNL Regional League Boys,youth,M,Haymarket,VA,38.812,-77.637,verified,,,http://www.vsaonline.org/,https://www.rankedxi.com/crests/ecrlb-virginia-soccer-association.png
virginia-valor-fc,Virginia Valor FC,ecrlb,ECNL Regional League Boys,youth,M,Chantilly,VA,38.885,-77.449,verified,,,https://Virginiavalorfc.org,https://www.rankedxi.com/crests/ecrlb-virginia-valor-fc.png
walnut-creek-surf-soccer-club,Walnut Creek Surf Soccer Club,ecrlb,ECNL Regional League Boys,youth,M,Walnut Creek,CA,37.902,-122.062,verified,,,,https://www.rankedxi.com/crests/ecrlb-walnut-creek-surf-soccer-club.png
wellington-sc,Wellington SC,ecrlb,ECNL Regional League Boys,youth,M,Wellington,FL,26.655,-80.238,verified,,,,https://www.rankedxi.com/crests/ecrlb-wellington-sc.png
wenatchee-fa,Wenatchee FA,ecrlb,ECNL Regional League Boys,youth,M,Wenatchee,WA,47.423,-120.31,verified,,,,https://www.rankedxi.com/crests/ecrlb-wenatchee-fa.png
west-mont-united-s-a,West-Mont United S.A,ecrlb,ECNL Regional League Boys,youth,M,Royersford,PA,40.184,-75.538,verified,,,https://www.westmontusa.org,https://www.rankedxi.com/crests/ecrlb-west-mont-united-s-a.png
western-united-pioneers-fc,Western United Pioneers FC,ecrlb,ECNL Regional League Boys,youth,M,Ludlow,MA,42.159,-72.48,verified,,,https://www.westernunitedpioneers.org,https://www.rankedxi.com/crests/ecrlb-western-united-pioneers-fc.png
western-wisconsin-soccer,Western Wisconsin Soccer,ecrlb,ECNL Regional League Boys,youth,M,Hudson,WI,44.975,-92.755,verified,,,https://www.wwsoccer.com,https://www.rankedxi.com/crests/ecrlb-western-wisconsin-soccer.png
whatcom-fc-rangers,Whatcom FC Rangers,ecrlg,ECNL Regional League Girls,youth,W,Bellingham,WA,48.754,-122.479,verified,,,https://whatcomfcrangers.org/,https://www.rankedxi.com/crests/ecrlb-whatcom-fc-rangers.png
yardley-makefield-soccer,Yardley Makefield Soccer,ecrlb,ECNL Regional League Boys,youth,M,Fallsington,PA,40.187,-74.819,verified,,,https://www.ymssoccer.net/,https://www.rankedxi.com/crests/ecrlb-yardley-makefield-soccer.png
ac-florida-west-ecrlg,AC Florida West,ecrlg,ECNL Regional League Girls,youth,W,Fort Myers,FL,26.641,-81.872,verified,,,,https://www.rankedxi.com/crests/ecrlg-ac-florida-west.png
afa-fillies,AFA Fillies,ecrlg,ECNL Regional League Girls,youth,W,Chesterfield,MO,38.658,-90.568,verified,,,,https://www.rankedxi.com/crests/ecrlg-afa-fillies.png
alameda-soccer-club-ecrlg,Alameda Soccer Club,ecrlg,ECNL Regional League Girls,youth,W,Alameda,CA,37.609,-121.899,verified,,,,https://www.rankedxi.com/crests/ecrlg-alameda-soccer-club.png
arizona-sc-ecrlg,Arizona SC,ecrlg,ECNL Regional League Girls,youth,W,Gilbert,AZ,33.353,-111.789,verified,,,,
arkansas-comets-fc-ecrlg,Arkansas Comets FC,ecrlg,ECNL Regional League Girls,youth,W,Fayetteville,AR,36.063,-94.157,verified,,,https://www.arkansascometsfc.com/,https://www.rankedxi.com/crests/ecrlg-arkansas-comets-fc.png
arkansas-rising-soccer-club-ecrlg,Arkansas Rising Soccer Club,ecrlg,ECNL Regional League Girls,youth,W,Little Rock,AR,34.747,-92.29,verified,,,https://www.arkansasrising.org,https://www.rankedxi.com/crests/ecrlg-arkansas-rising-soccer-club.png
arsenal-colorado-ecrlg,Arsenal Colorado,ecrlg,ECNL Regional League Girls,youth,W,Fort Collins,CO,40.587,-105.077,verified,,,https://www.soccerfortcollins.org,https://www.rankedxi.com/crests/ecrlg-arsenal-colorado.png
association-football-club-ecrlg,Association Football Club,ecrlg,ECNL Regional League Girls,youth,W,Oakland,CA,37.804,-122.271,verified,,,https://www.associationfc.org/,https://www.rankedxi.com/crests/ecrlg-association-football-club.png
athlete-one-ecrlg,athlete one,ecrlg,ECNL Regional League Girls,youth,W,California,CA,37.875,-122.239,verified,,,,https://www.rankedxi.com/crests/ecrlg-athlete-one.png
barca-academy-austin-ecrlg,Barca Academy Austin,ecrlg,ECNL Regional League Girls,youth,W,Austin,TX,30.271,-97.744,verified,,,,https://www.rankedxi.com/crests/ecrlg-barca-academy-austin.png
baton-rouge-sc-ecrlg,Baton Rouge SC,ecrlg,ECNL Regional League Girls,youth,W,.,LA,34.054,-118.243,verified,,,,
belmont-united,Belmont United,ecrlg,ECNL Regional League Girls,youth,W,Belmont,CA,37.516,-122.294,verified,,,https://belmontunited.net/,https://www.rankedxi.com/crests/ecrlg-belmont-united.png
boerne-sc-ecrlg,Boerne SC,ecrlg,ECNL Regional League Girls,youth,W,Boerne,TX,29.795,-98.732,verified,,,https://www.boernesoccer.org/,https://www.rankedxi.com/crests/ecrlg-boerne-sc.png
boreal-fc-ecrlg,Boreal FC,ecrlg,ECNL Regional League Girls,youth,W,Elk River,MN,45.304,-93.567,verified,,,,https://www.rankedxi.com/crests/ecrlg-boreal-fc.png
braddock-road-youth-club-ecrlg,Braddock Road Youth Club,ecrlg,ECNL Regional League Girls,youth,W,Fairfax,VA,38.846,-77.306,verified,,,http://www.brycacademy.org/,https://www.rankedxi.com/crests/ecrlg-braddock-road-youth-club.png
broken-arrow-soccer-club-ecrlg,Broken Arrow Soccer Club,ecrlg,ECNL Regional League Girls,youth,W,Broken Arrow,OK,36.053,-95.791,verified,,,https://basoccer.club,https://www.rankedxi.com/crests/ecrlg-broken-arrow-soccer-club.png
burlingame-soccer-club-ecrlg,Burlingame Soccer Club,ecrlg,ECNL Regional League Girls,youth,W,Burlingame,CA,37.578,-122.347,verified,,,https://www.burlingamesoccerclub.org/,https://www.rankedxi.com/crests/ecrlg-burlingame-soccer-club.png
bvb-international-academy-texas-ecrlg,BVB International Academy Texas,ecrlg,ECNL Regional League Girls,youth,W,Carrollton,TX,32.952,-96.903,verified,,,https://www.bvbinternationalacademy-ntx.com/,https://www.rankedxi.com/crests/ecrlg-bvb-international-academy-texas.png
bvbia-dfw-ecrlg,BVBIA DFW,ecrlg,ECNL Regional League Girls,youth,W,Frisco,TX,33.151,-96.824,verified,,,https://www.bvbia-dfw.com,https://www.rankedxi.com/crests/ecrlg-bvbia-dfw.png
california-magic-soccer-club,California Magic Soccer Club,ecrlg,ECNL Regional League Girls,youth,W,ORINDA,CA,37.877,-122.18,verified,,,,https://www.rankedxi.com/crests/ecrlg-california-magic-soccer-club.png
canton-akron-united-force-ecrlg,Canton Akron United Force,ecrlg,ECNL Regional League Girls,youth,W,North Royalton,OH,41.314,-81.725,verified,,,https://www.cantonakronunited.com/,https://www.rankedxi.com/crests/ecrlg-canton-akron-united-force.png
cap-city-athletic-1847-ecrlg,Cap City Athletic 1847,ecrlg,ECNL Regional League Girls,youth,W,Lansing,MI,42.734,-84.555,verified,,,https://www.capcityathletic.com/,https://www.rankedxi.com/crests/ecrlg-cap-city-athletic-1847.png
cape-coral-soccer-ecrlg,Cape Coral Soccer,ecrlg,ECNL Regional League Girls,youth,W,Cape Coral,FL,26.563,-81.944,verified,,,https://capecoralsoccer.com/,https://www.rankedxi.com/crests/ecrlg-cape-coral-soccer.png
catawba-valley-youth-soccer-association-ecrlg,Catawba Valley Youth Soccer Association,ecrlg,ECNL Regional League Girls,youth,W,Hickory,NC,35.733,-81.344,verified,,,,https://www.rankedxi.com/crests/ecrlg-catawba-valley-youth-soccer-association.png
cc-united-soccer-club-ecrlg,CC United Soccer Club,ecrlg,ECNL Regional League Girls,youth,W,Chanhassen,MN,44.862,-93.531,verified,,,,https://www.rankedxi.com/crests/ecrlg-cc-united-soccer-club.png
central-washington-sounders-ecrlg,Central Washington Sounders,ecrlg,ECNL Regional League Girls,youth,W,Selah,WA,46.654,-120.53,verified,,,https://centralwashingtonsocceracademy.com/,https://www.rankedxi.com/crests/ecrlg-central-washington-sounders.png
cincinnati-elite-fc-ecrlg,Cincinnati Elite FC,ecrlg,ECNL Regional League Girls,youth,W,Cincinnati,OH,39.101,-84.513,verified,,,https://cincinnatielitefc.com/,https://www.rankedxi.com/crests/ecrlg-cincinnati-elite-fc.png
city-sc-kings-county,City SC Kings County,ecrlb,ECNL Regional League Boys,youth,M,Hanford,CA,36.328,-119.646,verified,,,,https://www.rankedxi.com/crests/ecrlg-city-sc-kings-county.png
club-america-ecrlg,Club America,ecrlg,ECNL Regional League Girls,youth,W,Dallas,TX,32.776,-96.797,verified,,,https://nidodallas.com/,https://www.rankedxi.com/crests/ecrlg-club-america.png
coastal-premier-alliance-fc-ecrlg,Coastal Premier Alliance FC,ecrlg,ECNL Regional League Girls,youth,W,Beaumont,TX,30.083,-94.098,verified,,,https://coastalpremierfc.com/,https://www.rankedxi.com/crests/ecrlg-coastal-premier-alliance-fc.png
colorado-edge-ecrlg,Colorado EDGE,ecrlg,ECNL Regional League Girls,youth,W,Arvada,CO,39.801,-105.081,verified,,,,https://www.rankedxi.com/crests/ecrlg-colorado-edge.png
columbus-force-sc-ecrlg,Columbus Force SC,ecrlg,ECNL Regional League Girls,youth,W,Lewis Center,OH,40.198,-83.01,verified,,,https://www.columbusforcesoccer.com/,https://www.rankedxi.com/crests/ecrlg-columbus-force-sc.png
cv-futbol-academy-ecrlg,CV Futbol Academy,ecrlg,ECNL Regional League Girls,youth,W,Turlock,CA,37.495,-120.847,verified,,,https://www.cvfutbolacademy.com/,https://www.rankedxi.com/crests/ecrlg-cv-futbol-academy.png
dallas-cosmos-soccer-club,Dallas Cosmos Soccer Club,ecrlg,ECNL Regional League Girls,youth,W,Dallas,TX,32.776,-96.797,verified,,,,https://www.rankedxi.com/crests/ecrlg-dallas-cosmos-soccer-club.png
dasc-ecrlg,DASC,ecrlg,ECNL Regional League Girls,youth,W,"St, Sioux Falls",SD,43.553,-96.735,verified,,,https://www.dakotaalliancesoccer.com,https://www.rankedxi.com/crests/ecrlg-dasc.png
delaware-football-club-ecrlg,Delaware Football Club,ecrlg,ECNL Regional League Girls,youth,W,Hockessin,DE,39.787,-75.688,verified,,,,https://www.rankedxi.com/crests/ecrlg-delaware-football-club.png
diablo-valley-futbol-club-ecrlg,Diablo Valley Futbol Club,ecrlg,ECNL Regional League Girls,youth,W,Clayton,CA,37.941,-121.936,verified,,,https://www.diablovalleyfc.com,https://www.rankedxi.com/crests/ecrlg-diablo-valley-futbol-club.png
dutch-fc-ecrlg,Dutch FC,ecrlg,ECNL Regional League Girls,youth,W,Frisco,TX,33.151,-96.824,verified,,,,https://www.rankedxi.com/crests/ecrlg-dutch-fc.png
dynamos-soccer-club-ecrlg,Dynamos Soccer Club,ecrlg,ECNL Regional League Girls,youth,W,Cypress,TX,29.969,-95.697,verified,,,https://www.dynamossoccer.com,https://www.rankedxi.com/crests/ecrlg-dynamos-soccer-club.png
east-coast-surf-ecrlg,East Coast Surf,ecrlg,ECNL Regional League Girls,youth,W,NY,NY,42.684,-73.848,verified,,,https://www.nysurfsoccer.org/,https://www.rankedxi.com/crests/ecrlg-east-coast-surf.png
eastern-fc-ecrlg,Eastern FC,ecrlg,ECNL Regional League Girls,youth,W,Bedford Hills,NY,41.235,-73.686,verified,,,,https://www.rankedxi.com/crests/ecrlg-eastern-fc.png
eastside-timbers-ecrlg,Eastside Timbers,ecrlg,ECNL Regional League Girls,youth,W,Clackamas,OR,45.161,-122.231,verified,,,https://www.eastsidetimbers.com/,https://www.rankedxi.com/crests/ecrlg-eastside-timbers.png
edina-soccer-club-ecrlg,Edina Soccer Club,ecrlg,ECNL Regional League Girls,youth,W,Edina,MN,44.89,-93.35,verified,,,,https://www.rankedxi.com/crests/ecrlg-edina-soccer-club.png
el-camino-fc-salinas-ecrlg,El Camino FC Salinas,ecrlg,ECNL Regional League Girls,youth,W,Salinas,CA,36.674,-121.655,verified,,,https://www.ecfcsalinas.com/,https://www.rankedxi.com/crests/ecrlg-el-camino-fc-salinas.png
el-dorado-hills-soccer-club,El Dorado Hills Soccer Club,ecrlg,ECNL Regional League Girls,youth,W,El Dorado Hills,CA,38.683,-121.054,verified,,,,https://www.rankedxi.com/crests/ecrlg-el-dorado-hills-soccer-club.png
elite-fc-ecrlg,Elite FC,ecrlg,ECNL Regional League Girls,youth,W,Ostrander,OH,40.266,-83.213,verified,,,,https://www.rankedxi.com/crests/ecrlg-elite-fc.png
elk-grove-soccer-ecrlg,Elk Grove Soccer,ecrlg,ECNL Regional League Girls,youth,W,Elk Grove,CA,38.409,-121.372,verified,,,,https://www.rankedxi.com/crests/ecrlg-elk-grove-soccer.png
elk-grove-surf-ecrlg,Elk Grove Surf,ecrlg,ECNL Regional League Girls,youth,W,Elk Grove,CA,38.409,-121.372,verified,,,https://www.iracademysoccer.com/,https://www.rankedxi.com/crests/ecrlg-elk-grove-surf.png
empire-state-youth-soccer-club,Empire State Youth Soccer Club,ecrlg,ECNL Regional League Girls,youth,W,Colonie,NY,42.718,-73.833,verified,,,https://www.alleycatsoccer.com/,https://www.rankedxi.com/crests/ecrlg-empire-state-youth-soccer-club.png
empire-surf-ecrlg,Empire Surf,ecrlg,ECNL Regional League Girls,youth,W,Temecula,CA,33.495,-117.147,verified,,,,https://www.rankedxi.com/crests/ecrlg-empire-surf.png
evolution-sc,Evolution SC,ecrlg,ECNL Regional League Girls,youth,W,Naperville,IL,41.773,-88.148,verified,,,https://www.evolutionsoccer.us,https://www.rankedxi.com/crests/ecrlg-evolution-sc.png
falls-town-fc,Falls Town FC,ecrlg,ECNL Regional League Girls,youth,W,Wichita Falls,TX,33.9,-98.502,verified,,,,https://www.rankedxi.com/crests/ecrlg-falls-town-fc.png
fc-copa-academy-ecrlg,FC Copa Academy,ecrlg,ECNL Regional League Girls,youth,W,Hillsborough,NJ,40.505,-74.673,verified,,,https://www.fccopa.com/,https://www.rankedxi.com/crests/ecrlg-fc-copa-academy.png
fc-europa-ecrlg,FC Europa,ecrlg,ECNL Regional League Girls,youth,W,Devon,PA,40.047,-75.423,verified,,,,https://www.rankedxi.com/crests/ecrlg-fc-europa.png
fc-north-ecrlg,FC North,ecrlg,ECNL Regional League Girls,youth,W,Rocky Hill,CT,41.665,-72.639,verified,,,http://www.connecticutfootballclub.org,https://www.rankedxi.com/crests/ecrlg-fc-north.png
fc-united-iowa-ecrlg,FC United (Iowa),ecrlg,ECNL Regional League Girls,youth,W,Cedar Rapids,IA,41.976,-91.67,verified,,,,https://www.rankedxi.com/crests/ecrlg-fc-united-iowa.png
fever-united-ecrlg,Fever United,ecrlg,ECNL Regional League Girls,youth,W,Colleyville,TX,32.881,-97.155,verified,,,https://www.feverunited.com/,https://www.rankedxi.com/crests/ecrlg-fever-united.png
fierce-united,FIERCE United,ecrlg,ECNL Regional League Girls,youth,W,austin,TX,30.271,-97.744,verified,,,https://www.fierceunited.com/,https://www.rankedxi.com/crests/ecrlg-fierce-united.png
florida-hawks-futbol-club-ecrlg,Florida Hawks Futbol Club,ecrlg,ECNL Regional League Girls,youth,W,Lithia,FL,27.866,-82.231,verified,,,https://www.floridahawksfc.com/,https://www.rankedxi.com/crests/ecrlg-florida-hawks-futbol-club.png
folsom-lake-surf-ecrlg,Folsom Lake Surf,ecrlg,ECNL Regional League Girls,youth,W,Folsom,CA,38.678,-121.176,verified,,,https://folsomlakesurf.org/,https://www.rankedxi.com/crests/ecrlg-folsom-lake-surf.png
forms-academy,Forms Academy,ecrlg,ECNL Regional League Girls,youth,W,Melissa,TX,33.286,-96.572,verified,,,https://www.formsacademy.com,https://www.rankedxi.com/crests/ecrlg-forms-academy.png
frisco-fusion,Frisco Fusion,ecrlg,ECNL Regional League Girls,youth,W,Frisco,TX,33.151,-96.824,verified,,,https://friscofusionsoccer.com/,https://www.rankedxi.com/crests/ecrlg-frisco-fusion.png
fusion-soccer-club-ecrlg,Fusion Soccer Club,ecrlg,ECNL Regional League Girls,youth,W,Plymouth,MN,45.007,-93.467,verified,,,,https://www.rankedxi.com/crests/ecrlg-fusion-soccer-club.png
georgetown-soccer-association,Georgetown Soccer Association,ecrlg,ECNL Regional League Girls,youth,W,Georgetown,TX,30.637,-97.678,verified,,,http://www.georgetownsoccer.org,https://www.rankedxi.com/crests/ecrlg-georgetown-soccer-association.png
germantown-legends-ecrlg,Germantown Legends,ecrlg,ECNL Regional League Girls,youth,W,Germantown,TN,35.087,-89.81,verified,,,,https://www.rankedxi.com/crests/ecrlg-germantown-legends.png
granite-bay-fc,Granite Bay FC,ecrlg,ECNL Regional League Girls,youth,W,Granite Bay,CA,38.762,-121.185,verified,,,,https://www.rankedxi.com/crests/ecrlg-granite-bay-fc.png
great-falls-reston-soccer-club-ecrlg,Great Falls Reston Soccer Club,ecrlg,ECNL Regional League Girls,youth,W,Great Falls,VA,39.012,-77.308,verified,,,https://www.gfrsoccerclub.org,https://www.rankedxi.com/crests/ecrlg-great-falls-reston-soccer-club.png
greater-libertyville-soccer-association-ecrlg,Greater Libertyville Soccer Association,ecrlg,ECNL Regional League Girls,youth,W,Libertyville,IL,42.283,-87.953,verified,,,https://www.glsa.org/,https://www.rankedxi.com/crests/ecrlg-greater-libertyville-soccer-association.png
hattiesburg-futbol-club-ecrlg,Hattiesburg Futbol Club,ecrlg,ECNL Regional League Girls,youth,W,Hattiesburg,MS,31.327,-89.29,verified,,,,https://www.rankedxi.com/crests/ecrlg-hattiesburg-futbol-club.png
herndon-youth-soccer-ecrlg,Herndon Youth Soccer,ecrlg,ECNL Regional League Girls,youth,W,Herndon,VA,38.97,-77.386,verified,,,https://www.herndonyouthsoccer.org/,https://www.rankedxi.com/crests/ecrlg-herndon-youth-soccer.png
highland-fc-ecrlg,Highland FC,ecrlg,ECNL Regional League Girls,youth,W,Asheville,NC,35.595,-82.551,verified,,,https://www.abysa.org,https://www.rankedxi.com/crests/ecrlg-highland-fc.png
houstonians-fc-ecrlg,Houstonians FC,ecrlg,ECNL Regional League Girls,youth,W,Houston,TX,29.759,-95.368,verified,,,https://www.houstoniansfc.org,https://www.rankedxi.com/crests/ecrlg-houstonians-fc.png
idaho-rush-soccer-club-ecrlg,Idaho Rush Soccer Club,ecrlg,ECNL Regional League Girls,youth,W,Boise,ID,43.617,-116.201,verified,,,https://www.idahorush.com,https://www.rankedxi.com/crests/ecrlg-idaho-rush-soccer-club.png
imperial-soccer-club-ecrlg,Imperial Soccer Club,ecrlg,ECNL Regional League Girls,youth,W,Sugar Land,TX,29.62,-95.635,verified,,,https://www.imperialsc.org/,https://www.rankedxi.com/crests/ecrlg-imperial-soccer-club.png
indiana-elite-f-c-ecrlg,Indiana Elite F.C.,ecrlg,ECNL Regional League Girls,youth,W,CROWN POINT,IN,41.417,-87.365,verified,,,https://www.indianaelitefc.com,https://www.rankedxi.com/crests/ecrlg-indiana-elite-f-c.png
indy-eleven-spirit,Indy Eleven Spirit,ecrlg,ECNL Regional League Girls,youth,W,Evansville,IN,37.97,-87.572,verified,,,,https://www.rankedxi.com/crests/ecrlg-indy-eleven-spirit.png
jsc-soccer-club-ecrlg,JSC Soccer Club,ecrlg,ECNL Regional League Girls,youth,W,Redwood City,CA,37.486,-122.233,verified,,,,https://www.rankedxi.com/crests/ecrlg-jsc-soccer-club.png
kansas-city-surf-ecrlg,Kansas City Surf,ecrlg,ECNL Regional League Girls,youth,W,Overland Park,KS,38.974,-94.685,verified,,,,https://www.rankedxi.com/crests/ecrlg-kansas-city-surf.png
kansas-rush-ecrlg,Kansas Rush,ecrlg,ECNL Regional League Girls,youth,W,Olathe,KS,38.884,-94.819,verified,,,https://www.kansasrush.com/,https://www.rankedxi.com/crests/ecrlg-kansas-rush.png
kernow-storm-fc-ecrlg,Kernow Storm FC,ecrlg,ECNL Regional League Girls,youth,W,Waxahachie,TX,32.394,-96.844,verified,,,https://www.stormfutbol.com/,https://www.rankedxi.com/crests/ecrlb-kernow-storm-fc.png
keystone-athletic-ecrlg,Keystone Athletic,ecrlg,ECNL Regional League Girls,youth,W,Stroudsburg,PA,40.986,-75.195,verified,,,,https://www.rankedxi.com/crests/ecrlg-keystone-athletic.png
la-elite-sp-ecrlg,LA Elite SP,ecrlg,ECNL Regional League Girls,youth,W,Baton Rouge,LA,30.449,-91.187,verified,,,,https://www.rankedxi.com/crests/ecrlg-la-elite-sp.png
lee-mt-vernon-sports-club-ecrlg,Lee-Mt. Vernon Sports Club,ecrlg,ECNL Regional League Girls,youth,W,Alexandria,VA,38.805,-77.047,verified,,,,https://www.rankedxi.com/crests/ecrlg-lee-mt-vernon-sports-club.png
legends-fc-ecrlg,Legends FC,ecrlg,ECNL Regional League Girls,youth,W,Brighton,MI,42.532,-83.785,verified,,,,https://www.rankedxi.com/crests/ecrlg-legends-fc.png
legends-fc-sj-ecrlg,Legends FC (SJ),ecrlg,ECNL Regional League Girls,youth,W,San Jose,CA,37.336,-121.891,verified,,,,https://www.rankedxi.com/crests/ecrlg-legends-fc-sj.png
lexington-sporting,Lexington Sporting,ecrlg,ECNL Regional League Girls,youth,W,Lexington,KY,38.046,-84.497,verified,,,https://lexsporting.com,https://www.rankedxi.com/crests/ecrlg-lexington-sporting.png
lions-fc-ecrlg,Lions FC,ecrlg,ECNL Regional League Girls,youth,W,Schertz,TX,29.564,-98.27,verified,,,,https://www.rankedxi.com/crests/ecrlg-lions-fc.png
livermore-fusion-sc-ecrlg,Livermore Fusion SC,ecrlg,ECNL Regional League Girls,youth,W,Livermore,CA,37.682,-121.768,verified,,,,https://www.rankedxi.com/crests/ecrlg-livermore-fusion-sc.png
lobos-rush-ecrlg,Lobos Rush,ecrlg,ECNL Regional League Girls,youth,W,Collierville,TN,35.042,-89.665,verified,,,,https://www.rankedxi.com/crests/ecrlg-lobos-rush.png
lonestar-sat,Lonestar SAT,ecrlb,ECNL Regional League Boys,youth,M,San Antonio,TX,29.425,-98.495,verified,,,https://www.classicselite.com/,https://www.rankedxi.com/crests/ecrlg-lonestar-sat.png
long-island-slammers,Long Island Slammers,mlsnext,MLS NEXT,youth,M,Central Islip,NY,40.781,-73.193,verified,,,https://www.longislandslammers.com/,https://www.rankedxi.com/crests/ecrlg-long-island-slammers.png
los-gatos-united-soccer-club-ecrlg,Los Gatos United Soccer Club,ecrlg,ECNL Regional League Girls,youth,W,Los Gatos,CA,37.227,-121.975,verified,,,,https://www.rankedxi.com/crests/ecrlg-los-gatos-united-soccer-club.png
madera-united-futbol-club,Madera United Futbol Club,ecrlg,ECNL Regional League Girls,youth,W,Madera,CA,37.172,-119.774,verified,,,,https://www.rankedxi.com/crests/ecrlg-madera-united-futbol-club.png
mandeville-soccer-club-ecrlg,Mandeville Soccer Club,ecrlg,ECNL Regional League Girls,youth,W,Mandeville,LA,30.358,-90.066,verified,,,https://www.mscsoccer.org,https://www.rankedxi.com/crests/ecrlg-mandeville-soccer-club.png
manitou-fc-ecrlg,Manitou FC,ecrlg,ECNL Regional League Girls,youth,W,White Bear Lake,MN,45.084,-93.007,verified,,,,https://www.rankedxi.com/crests/ecrlg-manitou-fc.png
maplebrook-sc-ecrlg,MapleBrook SC,ecrlg,ECNL Regional League Girls,youth,W,Maplebrook,MN,43.858,-92.477,verified,,,,https://www.rankedxi.com/crests/ecrlg-maplebrook-sc.png
merced-united-fc,Merced United FC,ecrlg,ECNL Regional League Girls,youth,W,Merced,CA,37.164,-120.768,verified,,,https://www.mercedsoccer.com,https://www.rankedxi.com/crests/ecrlg-merced-united-fc.png
mercury,Mercury,ecrlg,ECNL Regional League Girls,youth,W,Cincinnati,OH,39.101,-84.513,verified,,,https://www.mercurysoccer.com/,https://www.rankedxi.com/crests/ecrlg-mercury.png
michigan-burn-ecrlg,Michigan Burn,ecrlg,ECNL Regional League Girls,youth,W,New Baltimore,MI,42.681,-82.737,verified,,,https://www.michiganburnsoccer.com/,https://www.rankedxi.com/crests/ecrlg-michigan-burn.png
minneapolis-united-ecrlg,Minneapolis United,ecrlg,ECNL Regional League Girls,youth,W,Minneapolis,MN,44.977,-93.265,verified,,,https://www.minneapolisunited.org/,https://www.rankedxi.com/crests/ecrlg-minneapolis-united.png
minnesota-rush-ecrlg,Minnesota Rush,ecrlg,ECNL Regional League Girls,youth,W,Blaine,MN,45.161,-93.235,verified,,,,https://www.rankedxi.com/crests/ecrlg-minnesota-rush.png
mississippi-rush-ecrlg,Mississippi Rush,ecrlg,ECNL Regional League Girls,youth,W,Jackson,MS,32.3,-90.183,verified,,,https://www.mfcsoccer.com,https://www.rankedxi.com/crests/ecrlg-mississippi-rush.png
mississippi-surf-ecrlg,Mississippi Surf,ecrlg,ECNL Regional League Girls,youth,W,TUPELO,MS,34.258,-88.703,verified,,,https://www.tupelofc.org,https://www.rankedxi.com/crests/ecrlg-mississippi-surf.png
monterey-surf-soccer-club,Monterey Surf Soccer Club,ecrlg,ECNL Regional League Girls,youth,W,Monterey,CA,36.223,-121.388,verified,,,https://montereysurf.com/,https://www.rankedxi.com/crests/ecrlg-monterey-surf-soccer-club.png
mt-diablo-mustang-soccer,Mt Diablo Mustang Soccer,ecrlg,ECNL Regional League Girls,youth,W,Martinez,CA,38.014,-122.134,verified,,,,https://www.rankedxi.com/crests/ecrlg-mt-diablo-mustang-soccer.png
nb-ajax-soccer-club-ecrlg,NB Ajax Soccer Club,ecrlg,ECNL Regional League Girls,youth,W,New braunfels,TX,29.703,-98.126,verified,,,https://www.nbajax.com/,https://www.rankedxi.com/crests/ecrlg-nb-ajax-soccer-club.png
new-england-surf,New England Surf,ecrlg,ECNL Regional League Girls,youth,W,Charlestown,MA,42.378,-71.062,verified,,,https://www.newenglandsurf.com/,https://www.rankedxi.com/crests/ecrlg-new-england-surf.png
nj-crush-fc,NJ Crush FC,ecrlg,ECNL Regional League Girls,youth,W,Franklin Lakes,NJ,41.017,-74.206,verified,,,https://njcrushfc.com/,https://www.rankedxi.com/crests/ecrlg-nj-crush-fc.png
nlsa-surf,NLSA Surf,ecrlg,ECNL Regional League Girls,youth,W,Pennington,NJ,40.328,-74.791,verified,,,https://nlsasurf.com/,https://www.rankedxi.com/crests/ecrlg-nlsa-surf.png
north-coast-futbol-club,North Coast Futbol Club,ecrlg,ECNL Regional League Girls,youth,W,Petaluma,CA,38.233,-122.636,verified,,,https://www.northcoastfc.org/,https://www.rankedxi.com/crests/ecrlg-north-coast-futbol-club.png
north-surf-ecrlg,North Surf,ecrlg,ECNL Regional League Girls,youth,W,ROSEVILLE,MN,45.006,-93.157,verified,,,https://www.nssasoccer.org/,https://www.rankedxi.com/crests/ecrlg-north-surf.png
northern-steel,Northern Steel,ecrlg,ECNL Regional League Girls,youth,W,Renfrew,PA,40.807,-79.965,verified,,,https://northernsteelsoccer.com/,https://www.rankedxi.com/crests/ecrlg-northern-steel.png
northwest-united-fc-ecrlg,Northwest United FC,ecrlg,ECNL Regional League Girls,youth,W,Mount Vernon,WA,48.42,-122.326,verified,,,https://www.nwunited.org/,https://www.rankedxi.com/crests/ecrlg-northwest-united-fc.png
ntx-celtic-fc-ecrlg,NTX Celtic FC,ecrlg,ECNL Regional League Girls,youth,W,Corinth,TX,33.154,-97.065,verified,,,https://www.ntxcelticfc.com,https://www.rankedxi.com/crests/ecrlg-ntx-celtic-fc.png
nwi-lions-united,NWI Lions United,ecrlg,ECNL Regional League Girls,youth,W,Crown Point,IN,41.417,-87.365,verified,,,https://www.nwilionsunited.com/,https://www.rankedxi.com/crests/ecrlg-nwi-lions-united.png
ohio-galaxies-fc-ecrlg,Ohio Galaxies FC,ecrlg,ECNL Regional League Girls,youth,W,Alpha,OH,39.71,-84.023,verified,,,https://www.ohiogalaxiesfc.com/,https://www.rankedxi.com/crests/ecrlg-ohio-galaxies-fc.png
omaha-united-sc,Omaha United SC,ecrlg,ECNL Regional League Girls,youth,W,Omaha,NE,41.259,-95.938,verified,,,https://www.omahaunitedsc.com/,https://www.rankedxi.com/crests/ecrlg-omaha-united-sc.png
one-world-soccer-ecrlg,One World Soccer,ecrlg,ECNL Regional League Girls,youth,W,Pflugerville,TX,30.439,-97.62,verified,,,https://www.oneworldsoccer.com/,https://www.rankedxi.com/crests/ecrlg-one-world-soccer.png
pa-rush-ecrlg,PA Rush,ecrlg,ECNL Regional League Girls,youth,W,New Britain,PA,40.299,-75.182,verified,,,https://www.parush.com,https://www.rankedxi.com/crests/ecrlg-pa-rush.png
pacesetter-soccer-club-ecrlg,Pacesetter Soccer Club,ecrlg,ECNL Regional League Girls,youth,W,Sylvania,OH,41.719,-83.713,verified,,,https://www.pacesettersoccer.com/,https://www.rankedxi.com/crests/ecrlg-pacesetter-soccer-club.png
pajaro-valley-youth-soccer-club,Pajaro Valley Youth Soccer Club,ecrlg,ECNL Regional League Girls,youth,W,Freedom,CA,36.938,-121.802,verified,,,https://https:/pvysc.net/,https://www.rankedxi.com/crests/ecrlg-pajaro-valley-youth-soccer-club.png
palo-alto-sc-ecrlg,Palo Alto SC,ecrlg,ECNL Regional League Girls,youth,W,Palo Alto,CA,37.444,-122.16,verified,,,https://www.pasoccerclub.org/,https://www.rankedxi.com/crests/ecrlg-palo-alto-sc.png
park-valley-united-fc-ecrlg,Park Valley United FC,ecrlg,ECNL Regional League Girls,youth,W,St. Louis Park,MN,44.948,-93.357,verified,,,,https://www.rankedxi.com/crests/ecrlg-park-valley-united-fc.png
pearland-soccer-club-ecrlg,Pearland Soccer Club,ecrlg,ECNL Regional League Girls,youth,W,Pearland,TX,29.564,-95.286,verified,,,,https://www.rankedxi.com/crests/ecrlg-pearland-soccer-club.png
plymouth-soccer-club-ecrlg,Plymouth Soccer Club,ecrlg,ECNL Regional League Girls,youth,W,Plymouth,MI,42.371,-83.468,verified,,,,https://www.rankedxi.com/crests/ecrlg-plymouth-soccer-club.png
portage-soccer-club-ecrlg,Portage Soccer Club,ecrlg,ECNL Regional League Girls,youth,W,Portage,MI,42.201,-85.58,verified,,,,https://www.rankedxi.com/crests/ecrlg-portage-soccer-club.png
pride-sc-ecrlg,Pride SC,ecrlg,ECNL Regional League Girls,youth,W,Colorado Springs,CO,38.834,-104.825,verified,,,https://www.pridesoccer.com/,https://www.rankedxi.com/crests/ecrlg-pride-sc.png
prince-william-courage-ecrlg,Prince William Courage,ecrlg,ECNL Regional League Girls,youth,W,Woodbridge,VA,38.636,-77.268,verified,,,,https://www.rankedxi.com/crests/ecrlg-prince-william-courage.png
princeton-sa-ecrlg,Princeton SA,ecrlg,ECNL Regional League Girls,youth,W,Randolph,NJ,40.844,-74.586,verified,,,,https://www.rankedxi.com/crests/ecrlg-princeton-sa.png
prior-lake-sc-ecrlg,Prior Lake SC,ecrlg,ECNL Regional League Girls,youth,W,Prior Lake,MN,44.713,-93.423,verified,,,,https://www.rankedxi.com/crests/ecrlg-prior-lake-sc.png
quickstrike-fc-ecrlg,Quickstrike FC,ecrlg,ECNL Regional League Girls,youth,W,New Windor,NY,41.562,-90.546,verified,,,,https://www.rankedxi.com/crests/ecrlg-quickstrike-fc.png
reading-rage-surf,Reading Rage Surf,ecrlg,ECNL Regional League Girls,youth,W,Leesport,PA,40.447,-75.966,verified,,,,https://www.rankedxi.com/crests/ecrlg-reading-rage-surf.png
reno-apex-soccer-club,Reno APEX Soccer Club,ecrlb,ECNL Regional League Boys,youth,M,Reno,NV,39.526,-119.813,verified,,,https://www.renoapex.com,https://www.rankedxi.com/crests/ecrlg-reno-apex-soccer-club.png
revolution-fc-ecrlg,Revolution FC,ecrlg,ECNL Regional League Girls,youth,W,Brentwood,CA,37.932,-121.696,verified,,,,https://www.rankedxi.com/crests/ecrlg-revolution-fc.png
rocklin-fc-ecrlg,Rocklin FC,ecrlg,ECNL Regional League Girls,youth,W,Rocklin,CA,38.791,-121.236,verified,,,https://www.rocklinfc.org/,https://www.rankedxi.com/crests/ecrlg-rocklin-fc.png
roseville-youth-soccer-club,Roseville Youth Soccer Club,ecrlg,ECNL Regional League Girls,youth,W,Roseville,CA,38.752,-121.288,verified,,,,https://www.rankedxi.com/crests/ecrlg-roseville-youth-soccer-club.png
san-francisco-elite-academy-ecrlg,San Francisco Elite Academy,ecrlg,ECNL Regional League Girls,youth,W,San Francisco,CA,37.788,-122.408,verified,,,https://sfea.org,https://www.rankedxi.com/crests/ecrlg-san-francisco-elite-academy.png
san-juan-south-soccer-club,San Juan South Soccer Club,ecrlg,ECNL Regional League Girls,youth,W,Stockton,CA,37.958,-121.291,verified,,,https://sanjuansouth.com,https://www.rankedxi.com/crests/ecrlg-san-juan-south-soccer-club.png
santa-cruz-united-football-club,Santa Cruz United Football Club,ecrlg,ECNL Regional League Girls,youth,W,Santa Cruz,CA,37.05,-121.991,verified,,,https://www.scunited.org/,https://www.rankedxi.com/crests/ecrlg-santa-cruz-united-football-club.png
sf-aftershocks-fc,SF Aftershocks FC,ecrlg,ECNL Regional League Girls,youth,W,San Francisco,CA,37.788,-122.408,verified,,,,https://www.rankedxi.com/crests/ecrlg-sf-aftershocks-fc.png
sf-united-fc-ecrlg,SF United FC,ecrlg,ECNL Regional League Girls,youth,W,San Francisco,CA,37.788,-122.408,verified,,,,https://www.rankedxi.com/crests/ecrlg-sf-united-fc.png
sg1-soccer-ecrlg,SG1 Soccer,ecrlg,ECNL Regional League Girls,youth,W,Houston,TX,29.759,-95.368,verified,,,,https://www.rankedxi.com/crests/ecrlg-sg1-soccer.png
shakopee-sa-ecrlg,Shakopee SA,ecrlg,ECNL Regional League Girls,youth,W,Shakopee,MN,44.798,-93.527,verified,,,,https://www.rankedxi.com/crests/ecrlg-shakopee-sa.png
soca-ecrlg,SOCA,ecrlg,ECNL Regional League Girls,youth,W,Charlottesville,VA,38.029,-78.477,verified,,,https://www.socaspot.org/,https://www.rankedxi.com/crests/ecrlg-soca.png
solano-surf-ecrlg,Solano Surf,ecrlg,ECNL Regional League Girls,youth,W,Fairfield,CA,38.249,-122.04,verified,,,https://solanosurf.org/,https://www.rankedxi.com/crests/ecrlg-solano-surf.png
south-florida-football-academy,South Florida Football Academy,ecrlg,ECNL Regional League Girls,youth,W,Boca Raton,FL,26.359,-80.083,verified,,,,https://www.rankedxi.com/crests/ecrlg-south-florida-football-academy.png
south-lakes-sc-ecrlg,South Lakes SC,ecrlg,ECNL Regional League Girls,youth,W,Oklahoma City,OK,35.473,-97.517,verified,,,https://www.southlakessoccer.org/,https://www.rankedxi.com/crests/ecrlg-south-lakes-sc.png
south-tahoe-fc,South Tahoe FC,ecrlg,ECNL Regional League Girls,youth,W,South Lake Tahoe,CA,38.932,-119.978,verified,,,,https://www.rankedxi.com/crests/ecrlg-south-tahoe-fc.png
south-valley-chivas-ecrlg,South Valley Chivas,ecrlg,ECNL Regional League Girls,youth,W,Porterville,CA,36.065,-119.017,verified,,,,https://www.rankedxi.com/crests/ecrlg-south-valley-chivas.png
south-valley-united-soccer-club-ecrlg,South Valley United Soccer Club,ecrlg,ECNL Regional League Girls,youth,W,Visalia,CA,36.33,-119.292,verified,,,https://southvalleyunited.com/,https://www.rankedxi.com/crests/ecrlg-south-valley-united-soccer-club.png
southwest-mo-rush-ecrlg,Southwest MO Rush,ecrlg,ECNL Regional League Girls,youth,W,Springfield,MO,37.208,-93.292,verified,,,,https://www.rankedxi.com/crests/ecrlg-southwest-mo-rush.png
sporting-club-premier-nj,Sporting Club Premier (NJ),ecrlg,ECNL Regional League Girls,youth,W,Sparta,NJ,41.04,-74.631,verified,,,https://www.pdascp.com/,https://www.rankedxi.com/crests/ecrlg-sporting-club-premier-nj.png
sporting-springfield,Sporting Springfield,mlsnext,MLS NEXT,youth,M,Springfield,MO,37.208,-93.292,verified,,,https://www.sportingspringfield.com,https://www.rankedxi.com/crests/ecrlg-sporting-springfield.png
st-croix-ecrlg,St. Croix,ecrlg,ECNL Regional League Girls,youth,W,Oak Park Heights,MN,45.032,-92.82,verified,,,https://www.stcroixsoccer.org/,https://www.rankedxi.com/crests/ecrlg-st-croix.png
st-petersburg-football-club,St. Petersburg Football Club,ecrlg,ECNL Regional League Girls,youth,W,St Petersburg,FL,27.771,-82.634,verified,,,,https://www.rankedxi.com/crests/ecrlg-st-petersburg-football-club.png
stafford-soccer-ecrlg,Stafford Soccer,ecrlg,ECNL Regional League Girls,youth,W,Stafford,VA,38.417,-77.458,verified,,,https://www.staffordsoccer.com,https://www.rankedxi.com/crests/ecrlg-stafford-soccer.png
stanford-strikers-fc-ecrlg,Stanford Strikers FC,ecrlg,ECNL Regional League Girls,youth,W,Menlo Park,CA,37.452,-122.178,verified,,,,https://www.rankedxi.com/crests/ecrlg-stanford-strikers-fc.png
sting-corpus-christi-ecrlg,Sting Corpus Christi,ecrlg,ECNL Regional League Girls,youth,W,Corpus Christi,TX,27.764,-97.403,verified,,,,https://www.rankedxi.com/crests/ecrlg-sting-corpus-christi.png
sting-nebraska,Sting Nebraska,mlsnext,MLS NEXT,youth,M,Beaver Crossing,NE,40.779,-97.282,verified,,,https://www.stingsoccer.com/nebraska,https://www.rankedxi.com/crests/ecrlg-sting-nebraska.png
sunrise-soccer-club,Sunrise Soccer Club,ecrlg,ECNL Regional League Girls,youth,W,Sunrise,FL,26.167,-80.279,verified,,,https://sunrisesoccer.net,https://www.rankedxi.com/crests/ecrlg-sunrise-soccer-club.png
t3-futbol-club-ecrlg,T3 Futbol Club,ecrlg,ECNL Regional League Girls,youth,W,Avon,OH,41.452,-82.035,verified,,,https://www.t3futbolclub.com/,https://www.rankedxi.com/crests/ecrlg-t3-futbol-club.png
three-rivers-soccer-club-ecrlg,Three Rivers Soccer Club,ecrlg,ECNL Regional League Girls,youth,W,Pasco,WA,46.231,-119.092,verified,,,https://3rsc.org,https://www.rankedxi.com/crests/ecrlg-three-rivers-soccer-club.png
tko-premier-sc-ecrlg,TKO Premier SC,ecrlg,ECNL Regional League Girls,youth,W,Kalamazoo,MI,42.292,-85.587,verified,,,,https://www.rankedxi.com/crests/ecrlg-tko-premier-sc.png
toca-fusion-athletic-club-ecrlg,Toca Fusion Athletic Club,ecrlg,ECNL Regional League Girls,youth,W,Lenexa,KS,38.97,-94.785,verified,,,https://tocafusion.org,https://www.rankedxi.com/crests/ecrlg-toca-fusion-athletic-club.png
tonka-united-sa,Tonka United SA,ecrlb,ECNL Regional League Boys,youth,M,Chanhassen,MN,44.862,-93.531,verified,,,https://www.tonkaunited.org,https://www.rankedxi.com/crests/ecrlg-tonka-united-sa.png
town-country-optimist-club-ecrlg,Town & Country Optimist Club,ecrlg,ECNL Regional League Girls,youth,W,Austin,TX,30.271,-97.744,verified,,,,https://www.rankedxi.com/crests/ecrlg-town-country-optimist-club.png
twin-cities-fire-soccer-club,Twin Cities Fire Soccer Club,ecrlg,ECNL Regional League Girls,youth,W,Prior Lake,MN,44.713,-93.423,verified,,,,https://www.rankedxi.com/crests/ecrlg-twin-cities-fire-soccer-club.png
tyler-fc,Tyler FC,ecrlg,ECNL Regional League Girls,youth,W,"Tyler,",TX,32.351,-95.301,verified,,,,https://www.rankedxi.com/crests/ecrlg-tyler-fc.png
united-pdx-ecrlg,United PDX,ecrlg,ECNL Regional League Girls,youth,W,Tigard,OR,45.431,-122.772,verified,,,http://unitedpdx.com/,https://www.rankedxi.com/crests/ecrlg-united-pdx.png
utah-surf-ecrlg,Utah Surf,ecrlg,ECNL Regional League Girls,youth,W,Highland,UT,40.427,-111.789,verified,,,https://utahsurfsoccer.com,https://www.rankedxi.com/crests/ecrlg-utah-surf.png
va-united-ecrlg,VA United,ecrlg,ECNL Regional League Girls,youth,W,Roanoke,VA,37.271,-79.941,verified,,,https://www.vaunited.org,https://www.rankedxi.com/crests/ecrlg-va-united.png
vale-rush-united,Vale Rush United,ecrlg,ECNL Regional League Girls,youth,W,North Branford,CT,41.328,-72.767,verified,,,https://www.northeastrush.com/connecticut-ct/ct-select/,https://www.rankedxi.com/crests/ecrlg-vale-rush-united.png
valley-surf-america-ecrlg,Valley Surf | America,ecrlg,ECNL Regional League Girls,youth,W,Lathrop,CA,37.823,-121.277,verified,,,https://www.valleysurf.org/,https://www.rankedxi.com/crests/ecrlg-valley-surf-america.png
valley-united-soccer-club-association,Valley United Soccer Club Association,ecrlg,ECNL Regional League Girls,youth,W,Fresno,CA,36.739,-119.785,verified,,,https://valleyunitedsca.com,https://www.rankedxi.com/crests/ecrlg-valley-united-soccer-club-association.png
valor-soccer-ecrlg,Valor Soccer,ecrlg,ECNL Regional League Girls,youth,W,Maple Valley,WA,47.366,-122.044,verified,,,,https://www.rankedxi.com/crests/ecrlg-valor-soccer.png
vienna-youth-soccer-ecrlg,Vienna Youth Soccer,ecrlg,ECNL Regional League Girls,youth,W,vienna,VA,38.901,-77.265,verified,,,,https://www.rankedxi.com/crests/ecrlg-vienna-youth-soccer.png
villarreal-virginia-academy-ecrlg,Villarreal Virginia Academy,ecrlg,ECNL Regional League Girls,youth,W,Springfield,VA,38.775,-77.18,verified,,,https://villarrealva.org,https://www.rankedxi.com/crests/ecrlg-villarreal-virginia-academy.png
virginia-reign-ecrlg,Virginia Reign,ecrlg,ECNL Regional League Girls,youth,W,Williamsburg,VA,37.271,-76.7,verified,,,https://vareignfc.com,https://www.rankedxi.com/crests/ecrlg-virginia-reign.png
virginia-soccer-association-ecrlg,Virginia Soccer Association,ecrlg,ECNL Regional League Girls,youth,W,Haymarket,VA,38.812,-77.637,verified,,,http://www.vsaonline.org/,https://www.rankedxi.com/crests/ecrlg-virginia-soccer-association.png
virginia-valor-fc-ecrlg,Virginia Valor FC,ecrlg,ECNL Regional League Girls,youth,W,Chantilly,VA,38.885,-77.449,verified,,,https://Virginiavalorfc.org,https://www.rankedxi.com/crests/ecrlg-virginia-valor-fc.png
walnut-creek-surf-soccer-club-ecrlg,Walnut Creek Surf Soccer Club,ecrlg,ECNL Regional League Girls,youth,W,Walnut Creek,CA,37.902,-122.062,verified,,,,https://www.rankedxi.com/crests/ecrlg-walnut-creek-surf-soccer-club.png
west-mont-united-s-a-ecrlg,West-Mont United S.A,ecrlg,ECNL Regional League Girls,youth,W,Royersford,PA,40.184,-75.538,verified,,,https://www.westmontusa.org,https://www.rankedxi.com/crests/ecrlb-west-mont-united-s-a.png
western-wisconsin-soccer-ecrlg,Western Wisconsin Soccer,ecrlg,ECNL Regional League Girls,youth,W,Hudson,WI,44.975,-92.755,verified,,,https://www.wwsoccer.com,https://www.rankedxi.com/crests/ecrlg-western-wisconsin-soccer.png
whatcom-fc-rangers-ecrlg,Whatcom FC Rangers,ecrlg,ECNL Regional League Girls,youth,W,Bellingham,WA,48.754,-122.479,verified,,,https://whatcomfcrangers.org/,https://www.rankedxi.com/crests/ecrlg-whatcom-fc-rangers.png
yardley-makefield-soccer-ecrlg,Yardley Makefield Soccer,ecrlg,ECNL Regional League Girls,youth,W,Fallsington,PA,40.187,-74.819,verified,,,https://www.ymssoccer.net/,https://www.rankedxi.com/crests/ecrlg-yardley-makefield-soccer.png
california-football-academy,California Football Academy,ea,Elite Academy League,youth,M,Laguna Hills,CA,33.595,-117.688,verified,,,,https://www.rankedxi.com/crests/ea-california-football-academy.png
santa-barbara-sc-gaa,Santa Barbara SC,gaa,GA Aspire,youth,W,Santa Barbara,CA,34.422,-119.703,verified,,,,https://www.rankedxi.com/crests/mlsnext-santa-barbara-sc.png
sand-and-surf-sc,Sand and Surf SC,gaa,GA Aspire,youth,W,Manhattan Beach,CA,33.887,-118.41,verified,,,,
bend-fc,Bend FC,gaa,GA Aspire,youth,W,Bend,OR,44.058,-121.315,verified,,,,https://www.rankedxi.com/crests/gaa-bend-fc.png
eugene-metro-fc-gaa,Eugene Metro FC,gaa,GA Aspire,youth,W,Eugene,OR,44.051,-123.095,verified,,,https://www.emfc.org,https://www.rankedxi.com/crests/ecnlb-eugene-metro-fc.png
portland-city-united-sc-gaa,Portland City United SC,gaa,GA Aspire,youth,W,Portland,OR,45.52,-122.674,verified,,,,https://www.rankedxi.com/crests/ecrlb-portland-city-united-sc.png
washington-east-surf-columbia-basin,Washington East Surf- Columbia Basin,gaa,GA Aspire,youth,W,Pasco,WA,46.231,-119.092,verified,,,,
phoenix-premier-fc,Phoenix Premier FC,mlsnext,MLS NEXT,youth,M,Phoenix,AZ,33.448,-112.074,verified,,,,
ccv-stars-sc,CCV Stars SC,gaa,GA Aspire,youth,W,Peoria,AZ,33.581,-112.237,verified,,,,https://www.rankedxi.com/crests/ecnlb-ccv-stars.png
impact-united,Impact United,gaa,GA Aspire,youth,W,Salt Lake City,UT,40.76,-111.887,verified,,,,https://www.rankedxi.com/crests/gaa-impact-united.png
htx-north-gaa,HTX - North,gaa,GA Aspire,youth,W,Houston,TX,29.759,-95.368,verified,,,,https://www.rankedxi.com/crests/ecnlb-htx.png
htx-south,HTX - South,gaa,GA Aspire,youth,W,Houston,TX,29.759,-95.368,verified,,,,
capital-city-sc,Capital City SC,gaa,GA Aspire,youth,W,Austin,TX,30.271,-97.744,verified,,,,https://www.rankedxi.com/crests/mlsnext-capital-city-soccer-club.png
houston-surf,Houston Surf,gaa,GA Aspire,youth,W,Houston,TX,29.759,-95.368,verified,,,,
midwest-united-fc-scor,Midwest United FC SCOR,gaa,GA Aspire,youth,W,Rockford,MI,43.12,-85.56,verified,,,,
mighigan-stars-elite-sc,Mighigan Stars Elite SC,gaa,GA Aspire,youth,W,Washington,MI,42.302,-83.257,verified,,,,
wisconsin-united-sc,Wisconsin United SC,gaa,GA Aspire,youth,W,Appleton,WI,44.261,-88.407,verified,,,,
indy-premier-sc-gaa,Indy Premier SC,gaa,GA Aspire,youth,W,Noblesville,IN,40.046,-86.014,verified,,,,
javanon-fc-gaa,Javanon FC,gaa,GA Aspire,youth,W,Louisville,KY,38.254,-85.759,verified,,,,
kings-hammer-sc-tn,Kings Hammer SC TN,gaa,GA Aspire,youth,W,Nashville,TN,36.162,-86.774,verified,,,,
va-rush-sc,VA Rush SC,gaa,GA Aspire,youth,W,Virginia Beach,VA,36.85,-75.976,verified,,,,https://www.rankedxi.com/crests/gaa-va-rush-sc.png
virginia-revolution-sc,Virginia Revolution SC,mlsnext,MLS NEXT,youth,M,Leesburg,VA,39.115,-77.565,verified,,,,https://www.rankedxi.com/crests/gaa-virginia-revolution-sc.png
springfield-syc-soccer,Springfield SYC Soccer,gaa,GA Aspire,youth,W,Springfield,VA,38.775,-77.18,verified,,,,https://www.rankedxi.com/crests/gaa-springfield-syc-soccer.png
fc-richmond,FC Richmond,mlsnext,MLS NEXT,youth,M,Richmond,VA,37.539,-77.434,verified,,,,https://www.rankedxi.com/crests/gaa-fc-richmond.png
the-player-progression-academy,The Player Progression Academy,gaa,GA Aspire,youth,W,Washington,DC,38.895,-77.036,verified,,,,https://www.rankedxi.com/crests/gaa-the-player-progression-academy.png
potomac-sa,Potomac SA,gaa,GA Aspire,youth,W,Germantown,MD,39.171,-77.266,verified,,,,
huntingdon-valley-aa,Huntingdon Valley AA,gaa,GA Aspire,youth,W,Huntingdon Valley,PA,40.123,-75.064,verified,,,,https://www.rankedxi.com/crests/gaa-huntingdon-valley-aa.png
ginga-fc,Ginga FC,mlsnext,MLS NEXT,youth,M,Woodbridge,CT,41.353,-73.011,verified,,,,https://www.rankedxi.com/crests/gaa-ginga-fc.png
nefc-gaa,NEFC,gaa,GA Aspire,youth,W,Mendon,MA,42.108,-71.554,verified,,,,https://www.rankedxi.com/crests/mlsnext-nefc.png
seacoast-united-massachusetts,Seacoast United Massachusetts,gaa,GA Aspire,youth,W,Weymouth,MA,42.221,-70.939,verified,,,,https://www.rankedxi.com/crests/gaa-seacoast-united-massachusetts.png
ifa,IFA,gaa,GA Aspire,youth,W,Boston,MA,42.359,-71.058,verified,,,,https://www.rankedxi.com/crests/gaa-ifa.png
seacoast-united-nh,Seacoast United NH,gaa,GA Aspire,youth,W,Hampton,NH,42.942,-70.838,verified,,,,https://www.rankedxi.com/crests/mlsnext-seacoast-united.png
nj-premier,NJ Premier,gaa,GA Aspire,youth,W,Somerset,NJ,40.568,-74.619,verified,,,,https://www.rankedxi.com/crests/gaa-nj-premier.png
long-island-sc,Long Island SC,gaa,GA Aspire,youth,W,Long Island,NY,40.851,-73.099,verified,,,,https://www.rankedxi.com/crests/mlsnext-long-island-soccer-club.png
atlantic-united,Atlantic United,mlsnext,MLS NEXT,youth,M,Stony Brook,NY,40.908,-73.133,verified,,,,https://www.rankedxi.com/crests/gaa-atlantic-united.png
new-york-city-fc,New York City FC,gaa,GA Aspire,youth,W,New York City,NY,40.713,-74.006,verified,,,,https://www.rankedxi.com/crests/gaa-new-york-city-fc.png
tophat,Tophat,gaa,GA Aspire,youth,W,Atlanta,GA,33.754,-84.39,verified,,,,https://www.rankedxi.com/crests/gaa-tophat.png
afc-lightning-gaa,AFC Lightning,gaa,GA Aspire,youth,W,Peachtree City,GA,33.398,-84.59,verified,,,,
inter-atlanta-fc-gaa,Inter Atlanta FC,gaa,GA Aspire,youth,W,Atlanta,GA,33.754,-84.39,verified,,,,
charlotte-independence-soccer-club-north,Charlotte Independence Soccer Club North,gaa,GA Aspire,youth,W,Charlotte,NC,35.227,-80.843,verified,,,,https://www.rankedxi.com/crests/gaa-charlotte-independence-soccer-club-north.png
fox-soccer-academy-of-the-carolinas-gaa,Fox Soccer Academy of the Carolinas,gaa,GA Aspire,youth,W,Charlotte,NC,35.227,-80.843,verified,,,,https://www.rankedxi.com/crests/ecrlb-fox-soccer-academy-of-the-carolinas.png
charlotte-independence-soccer-club-south,Charlotte Independence Soccer Club South,gaa,GA Aspire,youth,W,Charlotte,NC,35.227,-80.843,verified,,,,https://www.rankedxi.com/crests/gaa-charlotte-independence-soccer-club-north.png
lowcountry-united-sc,Lowcountry United SC,gaa,GA Aspire,youth,W,Charleston,SC,32.788,-79.94,verified,,,,
kc-fusion,KC Fusion,gaa,GA Aspire,youth,W,Kansas City,KS,39.113,-94.626,verified,,,,
toca-fc,Toca FC,gaa,GA Aspire,youth,W,Olathe,KS,38.884,-94.819,verified,,,,
lou-fusz-athletic-gold,Lou Fusz Athletic Gold,gaa,GA Aspire,youth,W,St. Louis,MO,38.625,-90.19,verified,,,,https://www.rankedxi.com/crests/gaa-lou-fusz-athletic-gold.png
lou-fusz-athletic-white,Lou Fusz Athletic White,gaa,GA Aspire,youth,W,St. Louis,MO,38.625,-90.19,verified,,,,https://www.rankedxi.com/crests/gaa-lou-fusz-athletic-gold.png
city-sc-southwest-ea,CITY SC Southwest,ea,Elite Academy League,youth,M,Temecula,CA,33.495,-117.147,verified,,,,https://www.rankedxi.com/crests/ga-city-sc-southwest.png
rangers-fc-ea,Rangers FC,ea,Elite Academy League,youth,M,Fullerton,CA,33.871,-117.929,verified,,,,https://www.rankedxi.com/crests/ga-rangers-fc.png
colorado-united-ea,Colorado United,ea,Elite Academy League,youth,M,Littleton,CO,39.613,-105.017,verified,,,,
manitou-fc-ea,Manitou FC,ea,Elite Academy League,youth,M,White Bear Lake,MN,45.084,-93.007,verified,,,,https://www.rankedxi.com/crests/upsl-manitou-fc.png
california-football-academy-gaa,California Football Academy,gaa,GA Aspire,youth,W,Laguna Hills,CA,33.595,-117.688,verified,,,,https://www.rankedxi.com/crests/ea-california-football-academy.png
alexandria-reds-npsl,Alexandria Reds,npsl,NPSL,amateur,M,Alexandria,VA,38.8048,-77.0469,verified,,,,https://www.rankedxi.com/crests/upsl-alexandria-reds.png
fc-motown-npsl,FC Motown,npsl,NPSL,amateur,M,Morristown,NJ,40.7968,-74.4815,verified,,,https://fcmotownsoccer.com/,https://www.rankedxi.com/crests/npsl-fc-motown.png
grove-united-npsl,Grove United,npsl,NPSL,amateur,M,Richmond,VA,37.5407,-77.436,verified,,,,https://www.rankedxi.com/crests/upsl-grove-united.png
mint-hill-fc-npsl,Mint Hill FC,npsl,NPSL,amateur,M,Mint Hill,NC,35.1796,-80.6473,verified,,,,https://www.rankedxi.com/crests/upsl-mint-hill-fc.png
new-york-shockers-npsl,New York Shockers,npsl,NPSL,amateur,M,Albany,NY,42.6526,-73.7562,verified,,,https://www.newyorkshockers.com/,https://www.rankedxi.com/crests/upsl-new-york-shockers.png
osners-fc-npsl,OSNER'S FC,npsl,NPSL,amateur,M,Brooklyn,NY,40.6782,-73.9442,verified,,,https://www.osnersfc.com/,https://www.rankedxi.com/crests/upsl-osners-fc.png
sioux-falls-thunder-fc-npsl,Sioux Falls Thunder FC,npsl,NPSL,amateur,M,Sioux Falls,SD,43.5446,-96.7311,verified,,,,https://www.rankedxi.com/crests/upsl-sioux-falls-thunder-fc.png
virginia-dream-fc-npsl,Virginia Dream FC,npsl,NPSL,amateur,M,Arlington,VA,38.8797,-77.1075,verified,,,,https://www.rankedxi.com/crests/upsl-virginia-dream-fc.png
west-chester-united-sc-npsl,West Chester United SC,npsl,NPSL,amateur,M,West Chester,PA,39.9607,-75.6055,verified,,,,https://www.rankedxi.com/crests/npsl-west-chester-united-sc.png
brooklyn-fc-uslc,Brooklyn FC,uslc,USL Championship,pro,M,Brooklyn,NY,40.6782,-73.9442,verified,1617,real_results,https://www.brooklynfootballclub.com/,https://www.rankedxi.com/crests/brooklyn-fc.png
sporting-club-jacksonville,Sporting Club Jacksonville,uslc,USL Championship,pro,M,Jacksonville,FL,30.3322,-81.6557,verified,1541,real_results,https://sportingjax.com/,https://www.rankedxi.com/crests/uslc-sporting-club-jacksonville.png
sporting-club-jacksonville-uslw,Sporting Club Jacksonville,uslw,USL Super League,pro,W,Jacksonville,FL,30.3322,-81.6557,verified,1926,real_results,https://sportingjax.com/,https://www.rankedxi.com/crests/uslw-sporting-club-jacksonville.png
texoma-fc-2026,Texoma FC,usl2,USL League Two,amateur,M,Sherman,TX,33.64,-96.61,verified,1398,real_results,,https://www.rankedxi.com/crests/texoma-fc.png
bellingham-united-fc-eplwa,Bellingham United FC,eplwa,EPLWA,other,M,Bellingham,WA,48.754,-122.479,verified,,,,https://www.rankedxi.com/crests/eplwa-bellingham-united-fc-eplwa.png
fc-olympia-eplwa,FC Olympia,eplwa,EPLWA,other,M,Olympia,WA,47.0451,-122.895,verified,,,https://fcoly.com/lacey/,https://www.rankedxi.com/crests/eplwa-fc-olympia-eplwa.png
port-orchard-fc,Port Orchard FC,eplwa,EPLWA,other,M,Port Orchard,WA,47.5316,-122.6384,verified,,,https://gopofc.com/,https://www.rankedxi.com/crests/eplwa-port-orchard-fc.png
we-surf-sc,WE SURF SC,eplwa,EPLWA,other,M,Spokane,WA,47.657,-117.424,verified,,,http://www.wesurfsc.com,https://www.rankedxi.com/crests/eplwa-we-surf-sc.png
wenatchee-all-stars-fc,Wenatchee All Stars FC,eplwa,EPLWA,other,M,Wenatchee,WA,47.423,-120.31,verified,,,https://www.wenatcheeallstarsfc.org/,https://www.rankedxi.com/crests/eplwa-wenatchee-all-stars-fc.png
yakima-united-fc,Yakima United FC,eplwa,EPLWA,other,M,Yakima,WA,46.6016,-120.5108,verified,,,http://www.yakimaunited.com,https://www.rankedxi.com/crests/eplwa-yakima-united-fc.png
lands-end-fc,Lands End FC,sfsfl,SFSFL,other,M,San Francisco,CA,37.788,-122.408,verified,,,,https://www.rankedxi.com/crests/sfsfl-lands-end-fc.png
mexicali-fc,Mexicali FC,sfsfl,SFSFL,other,M,San Francisco,CA,37.788,-122.408,verified,,,,https://www.rankedxi.com/crests/sfsfl-mexicali-fc.png
olympic-club,Olympic Club,sfsfl,SFSFL,other,M,San Francisco,CA,37.788,-122.408,verified,,,,https://www.rankedxi.com/crests/sfsfl-olympic-club.png
sf-celtic-sc,SF Celtic SC,sfsfl,SFSFL,other,M,San Francisco,CA,37.788,-122.408,verified,,,,https://www.rankedxi.com/crests/sfsfl-sf-celtic-sc.png
sf-elite-sc,SF Elite SC,sfsfl,SFSFL,other,M,San Francisco,CA,37.788,-122.408,verified,,,http://www.sfelitesc.org,https://www.rankedxi.com/crests/sfsfl-sf-elite-sc.png
sf-glens-sc,SF Glens SC,sfsfl,SFSFL,other,M,San Francisco,CA,37.788,-122.408,verified,,,http://www.sfglens.com,https://www.rankedxi.com/crests/sfsfl-sf-glens-sc.png
sf-hibernian-fc,SF Hibernian FC,sfsfl,SFSFL,other,M,San Francisco,CA,37.788,-122.408,verified,,,,https://www.rankedxi.com/crests/sfsfl-sf-hibernian-fc.png
sf-vikings-sc,SF Vikings SC,sfsfl,SFSFL,other,M,San Francisco,CA,37.788,-122.408,verified,,,,https://www.rankedxi.com/crests/sfsfl-sf-vikings-sc.png
sfiac,SFIAC,sfsfl,SFSFL,other,M,San Francisco,CA,37.788,-122.408,verified,,,http://sfiac.org,https://www.rankedxi.com/crests/sfsfl-sfiac.png
braza-futbol,Braza Futbol,csl,Cosmopolitan SL,other,M,New York,NY,40.713,-74.006,approximate,,,,https://www.rankedxi.com/crests/csl-braza-futbol.png
central-park-rangers-ii,Central Park Rangers II,csl,Cosmopolitan SL,other,M,New York,NY,40.713,-74.006,approximate,,,https://www.centralparkrangers.com/,https://www.rankedxi.com/crests/csl-central-park-rangers-ii.png
hoboken-fc-1912-ii,Hoboken FC 1912 II,csl,Cosmopolitan SL,other,M,Hoboken,NJ,40.7433,-74.0324,verified,,,https://hobokenfc.com/,https://www.rankedxi.com/crests/csl-hoboken-fc-1912-ii.png
laberia-fc,Laberia FC,csl,Cosmopolitan SL,other,M,New York,NY,40.713,-74.006,approximate,,,,https://www.rankedxi.com/crests/csl-laberia-fc.png
manhattan-celtic,Manhattan Celtic,csl,Cosmopolitan SL,other,M,New York,NY,40.713,-74.006,approximate,,,https://www.manhattanceltic.com/,https://www.rankedxi.com/crests/csl-manhattan-celtic.png
manhattan-kickers,Manhattan Kickers,csl,Cosmopolitan SL,other,M,New York,NY,40.713,-74.006,approximate,,,,
ny-galicia,NY Galicia,csl,Cosmopolitan SL,other,M,New York,NY,40.713,-74.006,approximate,,,,
ny-ukrainians,NY Ukrainians,csl,Cosmopolitan SL,other,M,Greenpoint,NY,40.7237,-73.951,verified,,,https://www.ukrainiansportsclubny.com/,
polonia-sc,Polonia SC,csl,Cosmopolitan SL,other,M,Greenpoint,NY,40.7237,-73.951,verified,,,,https://www.rankedxi.com/crests/csl-polonia-sc.png
ny-irish-rovers,NY Irish Rovers,lisfl,LISFL,other,M,Massapequa,NY,40.6761,-73.4697,approximate,,,,https://www.rankedxi.com/crests/lisfl-ny-irish-rovers.png
ny-polet,NY Polet,lisfl,LISFL,other,M,Franklin Square,NY,40.7075,-73.6759,verified,,,,https://www.rankedxi.com/crests/lisfl-ny-polet.png
istria-sc,Istria SC,lisfl,LISFL,other,M,Astoria,NY,40.772,-73.9303,verified,,,http://istriasportclub.com/,https://www.rankedxi.com/crests/lisfl-istria-sc.png
eleftheria-sc,Eleftheria SC,lisfl,LISFL,other,M,Astoria,NY,40.772,-73.9303,approximate,,,https://www.eleftheriapancyprian.com/,https://www.rankedxi.com/crests/lisfl-eleftheria-sc.png
asteras-fc,Asteras FC,lisfl,LISFL,other,M,Massapequa,NY,40.6761,-73.4697,approximate,,,https://www.asterasfc.com/,https://www.rankedxi.com/crests/lisfl-asteras-fc.png
hellas-new-york-fc,Hellas New York FC,lisfl,LISFL,other,M,Bayside,NY,40.7684,-73.7771,verified,,,,https://www.rankedxi.com/crests/lisfl-hellas-new-york-fc.png
club-marin,Club Marin,sfsfl,SFSFL,other,M,Mill Valley,CA,37.906,-122.545,approximate,,,,https://www.rankedxi.com/crests/sfsfl-club-marin.png
inter-sf,Inter SF,sfsfl,SFSFL,other,M,San Francisco,CA,37.788,-122.408,verified,,,https://www.intersf.org/,https://www.rankedxi.com/crests/sfsfl-inter-sf.png
sf-city-fc,SF City FC,sfsfl,SFSFL,other,M,San Francisco,CA,37.788,-122.408,verified,,,http://sfcityfc.com/,https://www.rankedxi.com/crests/sfsfl-sf-city-fc.png
brooklyn-city-fc,Brooklyn City FC,csl,Cosmopolitan SL,other,M,Brooklyn,NY,40.653,-73.95,verified,,,https://brooklyncityfc.org/,https://www.rankedxi.com/crests/csl-brooklyn-city-fc.png
ny-international-fc-csl,NY International FC,csl,Cosmopolitan SL,other,M,New York,NY,40.713,-74.006,verified,,,https://www.nyintfc.com/,https://www.rankedxi.com/crests/csl-ny-international-fc-csl.png
amsg-fc-upsl,AMSG FC,upsl,UPSL,amateur,M,Costa Mesa,CA,33.6633,-117.9033,verified,1315,standings,,https://www.rankedxi.com/crests/uslwl-amsg-fc.png
alaska-rush,Alaska Rush,upsl,UPSL,amateur,M,Anchorage,AK,61.2163,-149.8949,verified,,,https://www.akrush.com/,https://www.rankedxi.com/crests/upsl-alaska-rush.png
alaska-thorns-fc,Alaska Thorns FC,upsl,UPSL,amateur,M,Anchorage,AK,61.2163,-149.8949,verified,,,,https://www.rankedxi.com/crests/upsl-alaska-thorns-fc.png
alaska-timbers,Alaska Timbers,upsl,UPSL,amateur,M,Anchorage,AK,61.2163,-149.8949,verified,,,,https://www.rankedxi.com/crests/upsl-alaska-timbers.png
anchorage-youth-soccer-club,Anchorage Youth Soccer Club,upsl,UPSL,amateur,M,Anchorage,AK,61.2163,-149.8949,verified,,,,
ash-gold-fc,Ash Gold FC,upsl,UPSL,amateur,M,Mount Juliet,TN,36.2001,-86.5186,verified,,,,https://www.rankedxi.com/crests/upsl-ash-gold-fc.png
be-pro-fc-upsl,BE PRO FC,upsl,UPSL,amateur,M,Las Vegas,NV,36.1674,-115.1484,verified,,,https://beprofc.com,https://www.rankedxi.com/crests/swpl-be-pro-fc.png
cfl-gosa-spurs,CFL GOSA Spurs,upsl,UPSL,amateur,M,Sanford,FL,28.8117,-81.268,verified,,,,
capo-fc-upsl,Capo FC,upsl,UPSL,amateur,M,San Juan Capistrano,CA,33.5017,-117.6626,verified,,,,https://www.rankedxi.com/crests/uslwl-capo-fc.png
cincinnati-futbol-club,Cincinnati Futbol Club,upsl,UPSL,amateur,M,Edgewood,KY,39.0187,-84.5819,verified,,,,
cook-inlet-sc,Cook Inlet SC,upsl,UPSL,amateur,M,Anchorage,AK,61.2163,-149.8949,verified,1384,standings,https://cookinletsc.com,https://www.rankedxi.com/crests/upsl-cook-inlet-sc.png
corpus-christi-fc-sharks,Corpus Christi FC-Sharks,upsl,UPSL,amateur,M,Corpus Christi,TX,27.7635,-97.4033,verified,,,,https://www.rankedxi.com/crests/upsl-corpus-christi-fc-sharks.png
corpus-christi-shakas,Corpus Christi Shakas,upsl,UPSL,amateur,M,Corpus Christi,TX,27.7635,-97.4033,verified,,,,
costenos,Costeños,upsl,UPSL,amateur,M,Oxnard,CA,34.1976,-119.1804,verified,,,,
davis-legacy-upsl,Davis Legacy,upsl,UPSL,amateur,M,Davis,CA,38.5436,-121.739,verified,1401,standings,https://davislegacysoccer.org,https://www.rankedxi.com/crests/usl2-davis-legacy.png
fc-brownsville,FC Brownsville,upsl,UPSL,amateur,M,Brownsville,TX,25.9024,-97.4982,verified,1370,standings,,
fisa-elite-academy,FISA Elite Academy,upsl,UPSL,amateur,M,Sarasota,FL,27.3366,-82.5309,verified,,,,
fairbanks-sc,Fairbanks SC,upsl,UPSL,amateur,M,Fairbanks,AK,64.8378,-147.7167,verified,1361,standings,,https://www.rankedxi.com/crests/upsl-fairbanks-sc.png
fall-river-marksmen-football-club,Fall River Marksmen Football Club,upsl,UPSL,amateur,M,Fall River,MA,41.7011,-71.1546,verified,,,,
gfi-academy-upsl,GFI Academy,upsl,UPSL,amateur,M,Houston,TX,29.7589,-95.3677,verified,1403,standings,https://gfiacademy.com,https://www.rankedxi.com/crests/usl2-gfi-academy.png
georgia-revolution-fc,Georgia Revolution FC,upsl,UPSL,amateur,M,McDonough,GA,33.4473,-84.1469,verified,1379,standings,,https://www.rankedxi.com/crests/upsl-georgia-revolution-fc.png
houston-fc-upsl,Houston FC,upsl,UPSL,amateur,M,Houston,TX,29.7589,-95.3677,verified,1352,standings,,https://www.rankedxi.com/crests/usl2-houston-fc.png
ifc-cedar,IFC Cedar,upsl,UPSL,amateur,M,Cedar City,UT,37.6774,-113.0618,verified,,,,
icemen-fc,Icemen FC,upsl,UPSL,amateur,M,Fairbanks,AK,64.8378,-147.7167,verified,,,,https://www.rankedxi.com/crests/upsl-icemen-fc.png
kensington-soccer-club-upsl,Kensington Soccer Club,upsl,UPSL,amateur,M,Philadelphia,PA,39.9527,-75.1635,verified,1310,standings,https://www.kensingtonsoccer.org/,https://www.rankedxi.com/crests/wpsl-kensington-soccer-club.png
leg-az-world-fc,Leg-AZ World FC,upsl,UPSL,amateur,M,Gainesville,FL,29.652,-82.325,verified,,,,
lobos-desert-fc,Lobos Desert FC,upsl,UPSL,amateur,M,Perris,CA,33.7819,-117.2298,verified,,,,
lobos-fc,Lobos FC,upsl,UPSL,amateur,M,San Bernardino,CA,34.8253,-116.0833,verified,,,,
magnolia-fc,Magnolia FC,upsl,UPSL,amateur,M,Jackson,MS,32.2999,-90.183,verified,,,,
maryland-bobcats-fc,Maryland Bobcats FC,upsl,UPSL,amateur,M,Silver spring,MD,38.9998,-77.024,verified,1311,standings,,https://www.rankedxi.com/crests/maryland-bobcats.png
mat-su-united-fc,Mat-Su United FC,upsl,UPSL,amateur,M,Wasilla,AK,61.5824,-149.4426,verified,1328,standings,,https://www.rankedxi.com/crests/upsl-mat-su-united-fc.png
metasport-fc,Metasport FC,upsl,UPSL,amateur,M,Bountiful,UT,40.8895,-111.8805,verified,,,,https://www.rankedxi.com/crests/upsl-metasport-fc.png
miami-fl-upsl-test,Miami FL UPSL Test,upsl,UPSL,amateur,M,miami,FL,25.7742,-80.1936,verified,,,,https://www.rankedxi.com/crests/upsl-miami-fl-upsl-test.png
miami-united-fc,Miami United FC,upsl,UPSL,amateur,M,Miami,FL,25.7742,-80.1936,verified,1466,standings,https://www.miamiunitedsoccer.com/,
napa-valley-1839-fc-upsl,Napa Valley 1839 FC,upsl,UPSL,amateur,M,Napa,CA,38.4899,-122.3218,verified,,,https://napavalley1839.com,https://www.rankedxi.com/crests/napa-valley-1839-fc.png
orange-county-fc,Orange County FC,upsl,UPSL,amateur,M,Irvine,CA,33.6857,-117.826,verified,,,https://www.orangecountysoccer.com/,https://www.rankedxi.com/crests/orange-county-sc.png
orlando-city-hunter-s-creek,Orlando City Hunter's Creek,upsl,UPSL,amateur,M,Orlando,FL,28.5421,-81.379,verified,,,,
orlando-rovers-fc,Orlando Rovers FC,upsl,UPSL,amateur,M,Orlando,FL,28.5421,-81.379,verified,,,,
pennsylvania-classics,Pennsylvania Classics,upsl,UPSL,amateur,M,Manheim,PA,40.1637,-76.3952,verified,,,,https://www.rankedxi.com/crests/upsl-pennsylvania-classics.png
psc,PSC,upsl,UPSL,amateur,M,Irvine,CA,33.6857,-117.826,verified,,,,
psc-fc-florida,PSC FC Florida,upsl,UPSL,amateur,M,Panama City Beach FL,FL,30.1914,-85.8225,verified,,,,
psg-academy-winter-park,PSG Academy Winter Park,upsl,UPSL,amateur,M,Orlando,FL,28.5421,-81.379,verified,,,,
portland-united-football-club,Portland United Football Club,upsl,UPSL,amateur,M,Portland,OR,45.5202,-122.6742,verified,,,https://portlandunitedfootballclub.com,
project-51o-upsl,Project 51O,upsl,UPSL,amateur,M,Oakland,CA,37.8045,-122.2714,verified,1355,standings,https://www.oaklandrootssc.com/project-510/,https://www.rankedxi.com/crests/usl2-project-51o.png
reno-fc,RENO FC,upsl,UPSL,amateur,M,Sparks,NV,39.5405,-119.7487,verified,,,,https://www.rankedxi.com/crests/upsl-reno-fc.png
rebels-fc,Rebels FC,upsl,UPSL,amateur,M,Simi Valley,CA,34.2677,-118.7538,verified,,,,
rochester-fc-upsl,Rochester FC,upsl,UPSL,amateur,M,Rochester,MN,44.0234,-92.463,verified,1291,standings,,https://www.rankedxi.com/crests/upsl-rochester-fc-upsl.png
round-rock-sc,Round Rock SC,upsl,UPSL,amateur,M,Round Rock,TX,30.5086,-97.6788,verified,,,https://roundrocksc.com,https://www.rankedxi.com/crests/upsl-round-rock-sc.png
snohomish-united-upsl,Snohomish United,upsl,UPSL,amateur,M,Snohomish,WA,48.0075,-121.7305,verified,1385,standings,,https://www.rankedxi.com/crests/usl2-snohomish-united.png
south-florida-football-academy-upsl,South Florida Football Academy,upsl,UPSL,amateur,M,Boca Raton,FL,26.3587,-80.0831,verified,,,,https://www.rankedxi.com/crests/ecrlg-south-florida-football-academy.png
sporting-ntx,Sporting NTX,upsl,UPSL,amateur,M,Allen,TX,33.1032,-96.6706,verified,,,,
vallejo-omega-fc,Vallejo Omega FC,upsl,UPSL,amateur,M,Vallejo,CA,38.1041,-122.2566,verified,,,,
3rd-eye-fc,3rd Eye FC,upsl,UPSL,amateur,M,Bloomfield,CT,41.8313,-72.737,verified,,,,
afc-solano,AFC Solano,upsl,UPSL,amateur,M,Fairfield,CA,38.2494,-122.04,verified,,,,
afg-fc,AFG FC,upsl,UPSL,amateur,M,Alameda,CA,37.609,-121.8991,verified,,,,
amsg-fc-ii,AMSG FC II,upsl,UPSL,amateur,M,Costa Mesa,CA,33.6633,-117.9033,verified,,,,https://www.rankedxi.com/crests/upsl-amsg-fc-ii.png
asa-itss,ASA ITSS,upsl,UPSL,amateur,M,Miami,FL,25.7742,-80.1936,verified,,,,https://www.rankedxi.com/crests/upsl-asa-itss.png
asc-central-cal,ASC Central Cal,upsl,UPSL,amateur,M,Palmdale,CA,34.5793,-118.1171,verified,,,,https://www.rankedxi.com/crests/upsl-asc-central-cal.png
aysab-football-club,AYSAB Football Club,upsl,UPSL,amateur,M,New York City,NY,40.7127,-74.006,verified,,,,https://www.rankedxi.com/crests/upsl-aysab-football-club.png
academia-futbol-central-la,Academia Futbol central LA,upsl,UPSL,amateur,M,Los Angeles,CA,34.0537,-118.2428,verified,,,,https://www.rankedxi.com/crests/upsl-academia-futbol-central-la.png
academias-barcelona-sc,Academias Barcelona SC,upsl,UPSL,amateur,M,Queens,NY,40.7135,-73.8283,verified,,,,https://www.rankedxi.com/crests/upsl-academias-barcelona-sc.png
alianza-fc-upsl,Alianza FC,upsl,UPSL,amateur,M,Mount Vernon,WA,48.42,-122.3264,verified,,,,
amlima-f-c,Amlima F.C,upsl,UPSL,amateur,M,Syracuse,NY,43.0481,-76.1474,verified,,,,https://www.rankedxi.com/crests/upsl-amlima-f-c.png
anaheim-flash-fc,Anaheim Flash FC,upsl,UPSL,amateur,M,Santa Ana,CA,33.7495,-117.8732,verified,,,,https://www.rankedxi.com/crests/upsl-anaheim-flash-fc.png
anaheim-legacy-fc,Anaheim Legacy FC,upsl,UPSL,amateur,M,Anaheim,CA,33.8348,-117.9117,verified,,,,https://www.rankedxi.com/crests/upsl-anaheim-legacy-fc.png
aria-fc,Aria FC,upsl,UPSL,amateur,M,Concord,CA,37.9769,-122.0336,verified,,,,https://www.rankedxi.com/crests/upsl-aria-fc.png
arlington-sa-ii,Arlington SA II,upsl,UPSL,amateur,M,Arlington,VA,38.8769,-77.0893,verified,,,,
astoria-knights-fc-ii,Astoria Knights FC II,upsl,UPSL,amateur,M,Queens,NY,40.7135,-73.8283,verified,,,,https://www.rankedxi.com/crests/upsl-astoria-knights-fc-ii.png
athan-fynix-xi,Athan Fynix XI,upsl,UPSL,amateur,M,Costa Mesa,CA,33.6633,-117.9033,verified,,,,
atlanta-city-fc-ii,Atlanta City FC II,upsl,UPSL,amateur,M,Atlanta,GA,33.7545,-84.3898,verified,,,,https://www.rankedxi.com/crests/upsl-atlanta-city-fc-ii.png
atlanta-city-fc-u17,Atlanta City FC U17,upsl,UPSL,amateur,M,Atlanta,GA,33.7545,-84.3898,verified,,,,https://www.rankedxi.com/crests/upsl-atlanta-city-fc-u17.png
atlanta-city-fc-u23,Atlanta City FC U23,upsl,UPSL,amateur,M,Lawrenceville,GA,33.9566,-83.989,verified,,,,https://www.rankedxi.com/crests/upsl-atlanta-city-fc-u23.png
augusta-united-fc-u23,Augusta United FC U23,upsl,UPSL,amateur,M,Martinez,GA,33.5183,-82.0978,verified,,,,
busa-gremio,BUSA - Gremio,upsl,UPSL,amateur,M,Stevensville,MD,38.9778,-76.3189,verified,,,,https://www.rankedxi.com/crests/upsl-busa-gremio.png
beaverton-fc,Beaverton FC,upsl,UPSL,amateur,M,Beaverton,OR,45.4872,-122.8038,verified,,,,https://www.rankedxi.com/crests/upsl-beaverton-fc.png
blue-ridge-fc-ii,Blue Ridge FC II,upsl,UPSL,amateur,M,Harrisonburg,VA,38.4493,-78.8689,verified,,,https://blueridge.org,
boiling-springs-united-fc,Boiling Springs United FC,upsl,UPSL,amateur,M,Boiling Springs,SC,35.0414,-81.9788,verified,,,,https://www.rankedxi.com/crests/upsl-boiling-springs-united-fc.png
boston-panthers-fc,Boston Panthers FC,upsl,UPSL,amateur,M,Winchester,MA,42.4523,-71.137,verified,,,,
bridge-sports-club-ii,Bridge Sports Club II,upsl,UPSL,amateur,M,Laurel,MD,39.0984,-76.8485,verified,,,,
c-d-real-austin,C.D. Real Austin,upsl,UPSL,amateur,M,Round Rock,TX,30.5086,-97.6788,verified,,,,
chiefs-united-upsl,CHIEFS UNITED,upsl,UPSL,amateur,M,Upper Marlboro,MD,38.8162,-76.7517,verified,,,https://chiefsunited.com,https://www.rankedxi.com/crests/upsl-chiefs-united-upsl.png
cma-tritons,CMA Tritons,upsl,UPSL,amateur,M,Port St Lucie,FL,27.2939,-80.3503,verified,,,,
california-mirimar,California Mirimar,upsl,UPSL,amateur,M,San Diego,CA,32.7174,-117.1628,verified,,,,
california-natives-fc,California Natives FC,upsl,UPSL,amateur,M,San Bernardino,CA,34.8253,-116.0833,verified,,,,https://www.rankedxi.com/crests/upsl-california-natives-fc.png
california-rush-ii,California Rush II,upsl,UPSL,amateur,M,Huntington Beach,CA,33.6783,-118,verified,,,https://www.californiarushsoccer.com/,https://www.rankedxi.com/crests/upsl-california-rush-ii.png
caribbean-football-club-academy,Caribbean Football Club Academy,upsl,UPSL,amateur,M,Stamford,CT,41.0534,-73.5387,verified,,,https://caribbeanacademy.com,https://www.rankedxi.com/crests/upsl-caribbean-football-club-academy.png
cesena-fc-usa,Cesena FC USA,upsl,UPSL,amateur,M,Hendon,VA,37.4717,-77.5162,verified,,,,https://www.rankedxi.com/crests/upsl-cesena-fc-usa.png
charleston-united-sc,Charleston United SC,upsl,UPSL,amateur,M,Charleston,SC,32.7884,-79.9399,verified,,,https://www.charlestonunitedsoccer.com/,https://www.rankedxi.com/crests/upsl-charleston-united-sc.png
charlotte-county-fc,Charlotte County FC,upsl,UPSL,amateur,M,Punta Gorda,FL,26.9352,-82.0512,verified,,,,
chelsea-premier-soccer-academy,Chelsea Premier Soccer Academy,upsl,UPSL,amateur,M,Brooklyn,NY,40.6526,-73.9497,verified,,,,https://www.rankedxi.com/crests/upsl-chelsea-premier-soccer-academy.png
club-de-lyon-fc,Club De Lyon FC,upsl,UPSL,amateur,M,Orlando,FL,28.5421,-81.379,verified,,,,https://www.rankedxi.com/crests/club-de-lyon.png
club-petrolero-upsl,Club Petrolero,upsl,UPSL,amateur,M,Arlington,VA,38.8769,-77.0893,verified,,,,https://www.rankedxi.com/crests/upsl-club-petrolero-upsl.png
club-x-academy,Club X Academy,upsl,UPSL,amateur,M,Highland,UT,40.4272,-111.7892,verified,,,,https://www.rankedxi.com/crests/upsl-club-x-academy.png
cochise-united,Cochise United,upsl,UPSL,amateur,M,Sierra Vista,AZ,31.5648,-110.2743,verified,,,,
coppell-fc,Coppell FC,upsl,UPSL,amateur,M,Coppell,TX,32.9553,-97.0156,verified,,,,https://www.rankedxi.com/crests/upsl-coppell-fc.png
coronado-athletic-club,Coronado Athletic Club,upsl,UPSL,amateur,M,Sierra Vista,AZ,31.5648,-110.2743,verified,,,,
crown-anchor-lions,Crown & Anchor Lions,upsl,UPSL,amateur,M,Oxnard,CA,34.1976,-119.1804,verified,,,,
current-fc,Current FC,upsl,UPSL,amateur,M,New Smyrna Beach,FL,29.0258,-80.9271,verified,,,,https://www.rankedxi.com/crests/upsl-current-fc.png
current-fc-ii,Current FC II,upsl,UPSL,amateur,M,New Smyrna Beach,FL,29.0258,-80.9271,verified,,,,https://www.rankedxi.com/crests/upsl-current-fc-ii.png
dc-hyper-upsl,DC Hyper,upsl,UPSL,amateur,M,Washington,DC,38.8951,-77.0364,verified,,,,https://www.rankedxi.com/crests/upsl-dc-hyper-upsl.png
dade-county-fc-u23,Dade County FC U23,upsl,UPSL,amateur,M,Miami,FL,25.7742,-80.1936,verified,,,,https://www.rankedxi.com/crests/upsl-dade-county-fc-u23.png
dalul-fc,Dalul FC,upsl,UPSL,amateur,M,Seattle,WA,47.6038,-122.3301,verified,,,,https://www.rankedxi.com/crests/upsl-dalul-fc.png
district-gaels-fc,District Gaels FC,upsl,UPSL,amateur,M,Washington,DC,38.8951,-77.0364,verified,,,,
dixon-leon-sc,Dixon Leon SC,upsl,UPSL,amateur,M,Dixon,CA,38.4455,-121.8233,verified,,,https://www.dixonleonsc.com/,https://www.rankedxi.com/crests/upsl-dixon-leon-sc.png
downtown-la-premier,Downtown LA Premier,upsl,UPSL,amateur,M,Los Angeles,CA,34.0537,-118.2428,verified,,,,https://www.rankedxi.com/crests/upsl-downtown-la-premier.png
enfa-sports-cd-gouveia-sad,ENFA Sports CD Gouveia SAD,upsl,UPSL,amateur,M,McLean,VA,38.9367,-77.1858,verified,,,,
east-coast-fc,East Coast FC,upsl,UPSL,amateur,M,Long Island,NY,40.8515,-73.0994,verified,,,https://ecsurfsoccer.com/,https://www.rankedxi.com/crests/upsl-east-coast-fc.png
eclipse-soccer-club,Eclipse Soccer Club,upsl,UPSL,amateur,M,Fairbanks,AK,64.8378,-147.7167,verified,,,,https://www.rankedxi.com/crests/upsl-eclipse-soccer-club.png
elite-players-center-ii,Elite Players Center II,upsl,UPSL,amateur,M,Brooklyn,NY,40.6526,-73.9497,verified,,,,https://www.rankedxi.com/crests/upsl-elite-players-center-ii.png
elite-spark-football,Elite Spark Football,upsl,UPSL,amateur,M,Torrance,CA,33.8371,-118.3414,verified,,,https://www.elitesparkfootball.com/,
elk-grove-blues,Elk Grove Blues,upsl,UPSL,amateur,M,Elk Grove,CA,38.4088,-121.3716,verified,,,,
f7-football-club,F7 Football Club,upsl,UPSL,amateur,M,Kent,WA,47.3827,-122.227,verified,,,,
fc-b3ast,FC B3ast,upsl,UPSL,amateur,M,Queens,NY,40.7135,-73.8283,verified,,,,https://www.rankedxi.com/crests/upsl-fc-b3ast.png
fc-congo-az,FC Congo AZ,upsl,UPSL,amateur,M,Phoenix,AZ,33.4484,-112.0741,verified,,,,https://www.rankedxi.com/crests/upsl-fc-congo-az.png
fc-internacional,FC INTERNACIONAL,upsl,UPSL,amateur,M,Meridian,ID,43.6086,-116.3923,verified,,,,
fc-millennium,FC MILLENNIUM,upsl,UPSL,amateur,M,Hyattsville,MD,38.9529,-76.9409,verified,,,,
fc-spider-ii,FC Spider II,upsl,UPSL,amateur,M,Herriman,UT,40.514,-112.0329,verified,,,,
fd-football-club,FD Football Club,upsl,UPSL,amateur,M,Orlando,FL,28.5421,-81.379,verified,,,,https://www.rankedxi.com/crests/upsl-fd-football-club.png
fsa-sport-ii,FSA Sport II,upsl,UPSL,amateur,M,Morristown,NJ,40.797,-74.481,verified,,,,https://www.rankedxi.com/crests/upsl-fsa-sport-ii.png
fall-river-lincoln-clube-futbol,Fall River Lincoln Clube Futbol,upsl,UPSL,amateur,M,Bristol,RI,41.677,-71.2662,verified,,,,https://www.rankedxi.com/crests/upsl-fall-river-lincoln-clube-futbol.png
filial-pachuca-georgia,Filial Pachuca Georgia,upsl,UPSL,amateur,M,Lilburn,GA,33.8901,-84.143,verified,,,,https://www.rankedxi.com/crests/upsl-filial-pachuca-georgia.png
florida-soccer-soldiers-ii,Florida Soccer Soldiers II,upsl,UPSL,amateur,M,Miramar,FL,25.9873,-80.2323,verified,,,,https://www.rankedxi.com/crests/upsl-florida-soccer-soldiers-ii.png
fort-lauderdale-solaiya-fc,Fort Lauderdale Solaiya FC,upsl,UPSL,amateur,M,Fort Lauderdale,FL,26.1223,-80.1434,verified,,,,https://www.rankedxi.com/crests/upsl-fort-lauderdale-solaiya-fc.png
fort-myers-city-fc,Fort Myers City FC,upsl,UPSL,amateur,M,Fort Myers,FL,26.6406,-81.8723,verified,,,https://fortmyerscityfc.com,https://www.rankedxi.com/crests/upsl-fort-myers-city-fc.png
fountain-city-fc,Fountain City FC,upsl,UPSL,amateur,M,Columbus,GA,32.4611,-84.988,verified,,,,https://www.rankedxi.com/crests/upsl-fountain-city-fc.png
frederick-kings-fc,Frederick Kings FC,upsl,UPSL,amateur,M,Frederick,MD,39.4158,-77.4128,verified,,,,https://www.rankedxi.com/crests/upsl-frederick-kings-fc.png
frederick-kings-ii,Frederick Kings II,upsl,UPSL,amateur,M,Frederick,MD,39.4158,-77.4128,verified,,,,
frederick-skyline-cf-ii,Frederick Skyline CF II,upsl,UPSL,amateur,M,Frederick,MD,39.4158,-77.4128,verified,,,,
future-soccer-academy,Future Soccer Academy,upsl,UPSL,amateur,M,Tenafly,NJ,40.9254,-73.9629,verified,,,,https://www.rankedxi.com/crests/upsl-future-soccer-academy.png
futuro-fc,Futuro FC,upsl,UPSL,amateur,M,Gwinnett,GA,33.9567,-84.0227,verified,,,,
gcu-club-soccer,GCU Club Soccer,upsl,UPSL,amateur,M,Phoenix,AZ,33.4484,-112.0741,verified,,,,
gzs-bridgeport-fc-ii,GZS Bridgeport FC II,upsl,UPSL,amateur,M,Bridgeport,CT,41.1793,-73.1888,verified,,,,
gaffer-fc,Gaffer FC,upsl,UPSL,amateur,M,Corning,NY,42.1435,-77.0543,verified,,,,https://www.rankedxi.com/crests/upsl-gaffer-fc.png
galacticos-soccer-academy,Galacticos Soccer Academy,upsl,UPSL,amateur,M,Naples,FL,26.1422,-81.7943,verified,,,https://galacticosacademy.com,https://www.rankedxi.com/crests/upsl-galacticos-soccer-academy.png
galo-fc,Galo FC,upsl,UPSL,amateur,M,Long Island,NY,40.8515,-73.0994,verified,,,,https://www.rankedxi.com/crests/upsl-galo-fc.png
gastonia-fc,Gastonia FC,upsl,UPSL,amateur,M,Gastonia,NC,35.2623,-81.1838,verified,,,,https://www.rankedxi.com/crests/upsl-gastonia-fc.png
gatorville-football-club,Gatorville Football Club,upsl,UPSL,amateur,M,Gainesville,FL,29.652,-82.325,verified,,,,https://www.rankedxi.com/crests/upsl-gatorville-football-club.png
georgia-fc-upsl,Georgia FC,upsl,UPSL,amateur,M,Duluth,GA,34.0029,-84.1441,verified,,,,https://www.rankedxi.com/crests/georgia-fc.png
georgia-revolution-fc-u23,Georgia Revolution FC U23,upsl,UPSL,amateur,M,McDonough,GA,33.4473,-84.1469,verified,,,,https://www.rankedxi.com/crests/upsl-georgia-revolution-fc-u23.png
georgia-storm,Georgia Storm,upsl,UPSL,amateur,M,Carrollton,GA,33.5801,-85.0766,verified,,,https://www.georgiastorm.com/,
germantown-city-fc-ii,Germantown City FC II,upsl,UPSL,amateur,M,Germantown,MD,39.1712,-77.2656,verified,,,,
greensboro-f-c,Greensboro F.C,upsl,UPSL,amateur,M,Greensboro,NC,36.0726,-79.792,verified,,,,
gremio-fc-utah,Gremio FC Utah,upsl,UPSL,amateur,M,Ogden,UT,41.223,-111.9738,verified,,,https://gremiofcutah.com/,
hialeah-city-football-club,HIALEAH CITY FOOTBALL CLUB,upsl,UPSL,amateur,M,HIALEAH,FL,25.8268,-80.2814,verified,,,https://www.hialeahcityfc.com/,https://www.rankedxi.com/crests/upsl-hialeah-city-football-club.png
hodler-fc,Hodler FC,upsl,UPSL,amateur,M,Doral,FL,25.8195,-80.3553,verified,,,,https://www.rankedxi.com/crests/upsl-hodler-fc.png
homestead-fc,Homestead FC,upsl,UPSL,amateur,M,Homestead,FL,25.4719,-80.476,verified,,,,https://www.rankedxi.com/crests/upsl-homestead-fc.png
houston-rangers-sc,Houston Rangers SC,upsl,UPSL,amateur,M,Katy,TX,29.7858,-95.8244,verified,,,,https://www.rankedxi.com/crests/mlsnext-houston-rangers.png
hughson-united,Hughson United,upsl,UPSL,amateur,M,Hughson,CA,37.597,-120.866,verified,,,,
isa,ISA,upsl,UPSL,amateur,M,Boca Raton,FL,26.3587,-80.0831,verified,,,,https://www.rankedxi.com/crests/upsl-isa.png
imperial-soccer-club-upsl,Imperial Soccer Club,upsl,UPSL,amateur,M,Sugar Land,TX,29.6197,-95.6349,verified,,,https://imperialsc.org/,https://www.rankedxi.com/crests/ecrlb-imperial-soccer-club.png
inland-empire-fc-upsl,Inland Empire FC,upsl,UPSL,amateur,M,San Bernardino,CA,34.8253,-116.0833,verified,,,,https://www.rankedxi.com/crests/swpl-inland-empire-fc.png
inter-new-hampshire-fc,Inter New Hampshire FC,upsl,UPSL,amateur,M,Manchester,NH,42.9956,-71.4548,verified,,,,https://www.rankedxi.com/crests/upsl-inter-new-hampshire-fc.png
ironbound-soccer-club,Ironbound Soccer Club,upsl,UPSL,amateur,M,Newark,NJ,40.7357,-74.1724,verified,,,https://www.ironboundsoccer.com/,https://www.rankedxi.com/crests/usl2-ironbound-sc.png
island-united-ac,Island United AC,upsl,UPSL,amateur,M,Miami,FL,25.7742,-80.1936,verified,,,,
jetsetv-f-c,JETSETV F.C.,upsl,UPSL,amateur,M,Lake Park,FL,26.8002,-80.0662,verified,,,,https://www.rankedxi.com/crests/upsl-jetsetv-f-c.png
jackson-tennessee-boom,Jackson Tennessee Boom,upsl,UPSL,amateur,M,Jackson,TN,35.6144,-88.8177,verified,,,,https://www.rankedxi.com/crests/upsl-jackson-tennessee-boom.png
jasa-rwc,Jasa RWC,upsl,UPSL,amateur,M,Redwood City,CA,37.4863,-122.2325,verified,,,,
javier-velasco-soccer-academy,Javier Velasco Soccer Academy,upsl,UPSL,amateur,M,North Brunswick,NJ,40.4539,-74.4765,verified,,,,https://www.rankedxi.com/crests/upsl-javier-velasco-soccer-academy.png
juventus-academy-miami,Juventus Academy Miami,upsl,UPSL,amateur,M,Miami,FL,25.7742,-80.1936,verified,,,,https://www.rankedxi.com/crests/upsl-juventus-academy-miami.png
ko-elites-fc,KO Elites FC,upsl,UPSL,amateur,M,Hartford,CT,41.7646,-72.6909,verified,,,,https://www.rankedxi.com/crests/apsl-ko-elites.png
key-biscayne-academy,Key Biscayne Academy,upsl,UPSL,amateur,M,Key Biscayne,FL,25.6968,-80.1635,verified,,,,
kraze-united,Kraze united,upsl,UPSL,amateur,M,"Oviedo, FL",FL,28.6703,-81.2085,verified,,,,https://www.rankedxi.com/crests/upsl-kraze-united.png
la-maquina-fc,La Maquina FC,upsl,UPSL,amateur,M,Fountain Valley,CA,33.7038,-117.9627,verified,,,,https://www.rankedxi.com/crests/upsl-la-maquina-fc.png
laguna-fc,Laguna FC,upsl,UPSL,amateur,M,San Francisco,CA,37.7879,-122.4075,verified,,,,https://www.rankedxi.com/crests/upsl-laguna-fc.png
lakefront-fc,Lakefront FC,upsl,UPSL,amateur,M,Grosse Pointe,MI,42.3861,-82.9119,verified,,,,
lancaster-fc-u20,Lancaster FC U20,upsl,UPSL,amateur,M,Lancaster,PA,40.038,-76.3057,verified,,,,https://www.rankedxi.com/crests/upsl-lancaster-fc-u20.png
legends-fc-upsl,Legends FC,upsl,UPSL,amateur,M,LaGrange,GA,33.0393,-85.0313,verified,,,,https://www.rankedxi.com/crests/upsl-legends-fc-upsl.png
lewiston-star-fc,Lewiston Star FC,upsl,UPSL,amateur,M,Lewiston,ME,44.0991,-70.2177,verified,,,,https://www.rankedxi.com/crests/upsl-lewiston-star-fc.png
limeno-georgia,Limeno Georgia,upsl,UPSL,amateur,M,Norcross,GA,33.9412,-84.2135,verified,,,,https://www.rankedxi.com/crests/upsl-limeno-georgia.png
lobos-sha,Lobos SHA,upsl,UPSL,amateur,M,Perris,CA,33.7819,-117.2298,verified,,,,https://www.rankedxi.com/crests/upsl-lobos-sha.png
los-banos-fc,Los Banos FC,upsl,UPSL,amateur,M,Los Banos,CA,37.0592,-120.8505,verified,,,,
marlex-soccer,Marlex Soccer,upsl,UPSL,amateur,M,Orlando,FL,28.5421,-81.379,verified,,,,https://www.rankedxi.com/crests/upsl-marlex-soccer.png
merced-united-fc-upsl,Merced United FC,upsl,UPSL,amateur,M,Merced,CA,37.1642,-120.7679,verified,,,https://www.mercedunited.com/,https://www.rankedxi.com/crests/ecrlg-merced-united-fc.png
merced-united-fc-reserves,Merced United FC Reserves,upsl,UPSL,amateur,M,Merced,CA,37.1642,-120.7679,verified,,,,
mercury-soccer,Mercury Soccer,upsl,UPSL,amateur,M,Cincinnati,OH,39.1013,-84.5127,verified,,,https://www.mercurysoccer.com/,https://www.rankedxi.com/crests/ecrlg-mercury.png
miami-united-fc-fifa-ref-cup,Miami United FC / FIFA Ref Cup,upsl,UPSL,amateur,M,Miami,FL,25.7742,-80.1936,verified,,,,
milan-de-miami-academy,Milan de Miami Academy,upsl,UPSL,amateur,M,Miami,FL,25.7742,-80.1936,verified,,,,https://www.rankedxi.com/crests/upsl-milan-de-miami-fc.png
miramar-supreme-fc,Miramar Supreme FC,upsl,UPSL,amateur,M,Miramar,FL,25.9873,-80.2323,verified,,,,https://www.rankedxi.com/crests/upsl-miramar-supreme-fc.png
montgomery-united-fc-upsl,Montgomery United FC,upsl,UPSL,amateur,M,Montgomery,AL,32.3777,-86.3091,verified,,,https://www.montgomeryunitedfc.com/,https://www.rankedxi.com/crests/usl2-montgomery-united-fc.png
nc-united-fc,NC United FC,upsl,UPSL,amateur,M,Concord,NC,35.4094,-80.58,verified,,,,
nola-athletic-fc,NOLA ATHLETIC FC,upsl,UPSL,amateur,M,NEW ORLEANS,LA,29.9561,-90.0734,verified,,,,https://www.rankedxi.com/crests/upsl-nola-athletic-fc.png
nyc-haiti-united-fc,NYC Haiti United FC,upsl,UPSL,amateur,M,Brooklyn,NY,40.6526,-73.9497,verified,,,,https://www.rankedxi.com/crests/upsl-nyc-haiti-united-fc.png
neuse-river-fa,Neuse River FA,upsl,UPSL,amateur,M,Clayton,NC,35.6507,-78.4564,verified,,,,https://www.rankedxi.com/crests/upsl-neuse-river-fa.png
new-jersey-all-stars,New Jersey All Stars,upsl,UPSL,amateur,M,Edgewater,NJ,40.827,-73.9757,verified,,,,
new-york-titans-fc,New York Titans FC,upsl,UPSL,amateur,M,Brooklyn,NY,40.6526,-73.9497,verified,,,,
new-york-titans-fc-u17,New York Titans FC U17,upsl,UPSL,amateur,M,Brooklyn,NY,40.6526,-73.9497,verified,,,,https://www.rankedxi.com/crests/upsl-new-york-titans-fc-u17.png
north-york-football-club,North York Football Club,upsl,UPSL,amateur,M,Buffalo,NY,42.8864,-78.8781,verified,,,,
ohio-elite-fc,Ohio Elite FC,upsl,UPSL,amateur,M,Columbus,OH,39.9623,-83.0007,verified,,,,
ole-sporting,Olé Sporting,upsl,UPSL,amateur,M,Chesapeake,VA,36.7168,-76.2494,verified,,,,
orlando-city-hunter-s-creek-academy,Orlando City Hunter's Creek Academy,upsl,UPSL,amateur,M,Orlando,FL,28.5421,-81.379,verified,,,,
orlando-city-soccer-school-hunters-creek,Orlando City Soccer School Hunter’s Creek,upsl,UPSL,amateur,M,Orlando,FL,28.5421,-81.379,verified,,,,
orlando-rovers-fc-upsl,Orlando Rovers FC,upsl,UPSL,amateur,M,Debary,FL,28.8831,-81.3088,verified,,,,https://www.rankedxi.com/crests/upsl-orlando-rovers-fc-upsl.png
pass-fc-pro,PASS FC PRO,upsl,UPSL,amateur,M,Grand Rapids,MI,42.9632,-85.6679,verified,,,,https://www.rankedxi.com/crests/upsl-pass-fc-pro.png
pdx-fc,PDX FC,upsl,UPSL,amateur,M,Portland,OR,45.5202,-122.6742,verified,,,,https://www.rankedxi.com/crests/upsl-pdx-fc.png
phx-heat-fc,PHX Heat FC,upsl,UPSL,amateur,M,Surprise,AZ,33.6292,-112.3681,verified,,,https://phxheatfc.com,https://www.rankedxi.com/crests/upsl-phx-heat-fc.png
psg-academy-houston,PSG Academy Houston,upsl,UPSL,amateur,M,Houston,TX,29.7589,-95.3677,verified,,,,
pachuca-georgia-reserves,Pachuca Georgia Reserves,upsl,UPSL,amateur,M,Lilburn,GA,33.8901,-84.143,verified,,,,https://www.rankedxi.com/crests/upsl-pachuca-georgia-reserves.png
pachuca-georgia-u17,Pachuca Georgia U17,upsl,UPSL,amateur,M,Lilburn,GA,33.8901,-84.143,verified,,,,https://www.rankedxi.com/crests/upsl-pachuca-georgia-u17.png
paris-saint-germain-academy-orlando,Paris Saint Germain Academy Orlando,upsl,UPSL,amateur,M,Orlando,FL,28.5421,-81.379,verified,,,,https://www.rankedxi.com/crests/upsl-paris-saint-germain-academy-orlando.png
passaic-fc,Passaic FC,upsl,UPSL,amateur,M,Passaic,NJ,41.0462,-74.3178,verified,,,,https://www.rankedxi.com/crests/upsl-passaic-fc.png
pathfinder-fc,Pathfinder FC,upsl,UPSL,amateur,M,Pleasant Valley,NY,41.7443,-73.8248,verified,,,,https://www.rankedxi.com/crests/upsl-pathfinder-fc.png
piedmont-soccer-academy,Piedmont Soccer Academy,upsl,UPSL,amateur,M,Winder,GA,33.9919,-83.7184,verified,,,,https://www.rankedxi.com/crests/upsl-piedmont-soccer-academy.png
player-club-brandon,Player Club Brandon,upsl,UPSL,amateur,M,Brandon,FL,27.9285,-82.2881,verified,,,,https://www.rankedxi.com/crests/upsl-player-club-brandon.png
portuguese-american-center-soccer-team,Portuguese American Center Soccer Team,upsl,UPSL,amateur,M,Farmingville,NY,40.8407,-73.0349,verified,,,,https://www.rankedxi.com/crests/upsl-portuguese-american-center-soccer-team.png
project-football-upsl,Project Football,upsl,UPSL,amateur,M,Salem,MA,42.5195,-70.8967,verified,,,,https://www.rankedxi.com/crests/apsl-project-football.png
rsl-southern-az,RSL Southern AZ,upsl,UPSL,amateur,M,Tucson,AZ,32.2229,-110.9748,verified,,,,https://www.rankedxi.com/crests/upsl-rsl-southern-az.png
rapids-sc,Rapids SC,upsl,UPSL,amateur,M,Twin Falls,ID,42.5559,-114.4701,verified,,,,https://www.rankedxi.com/crests/upsl-rapids-sc.png
real-altura-fc,Real Altura FC,upsl,UPSL,amateur,M,Phoenix,AZ,33.4484,-112.0741,verified,,,,
rio-cuarto-fc,Rio Cuarto FC,upsl,UPSL,amateur,M,Modesto,CA,37.6393,-120.9969,verified,,,,
riverbank-fc,Riverbank FC,upsl,UPSL,amateur,M,Riverbank,CA,37.736,-120.9355,verified,,,,https://www.rankedxi.com/crests/upsl-riverbank-fc.png
royal-palms-sc,Royal Palms SC,upsl,UPSL,amateur,M,Palm Coast,FL,29.5541,-81.2208,verified,,,,https://www.rankedxi.com/crests/upsl-royal-palms-sc.png
soap-fc,SOAP FC,upsl,UPSL,amateur,M,Staten Island,NY,40.5835,-74.1496,verified,,,,https://www.rankedxi.com/crests/upsl-soap-fc.png
ssl-fc,SSL FC,upsl,UPSL,amateur,M,Atlanta,GA,33.7545,-84.3898,verified,,,,https://www.rankedxi.com/crests/upsl-ssl-fc.png
sahara-gunners-fc,Sahara Gunners FC,upsl,UPSL,amateur,M,Buffalo,NY,42.8864,-78.8781,verified,,,,https://www.rankedxi.com/crests/upsl-sahara-gunners-fc.png
san-ramon-fc-upsl,San Ramon FC,upsl,UPSL,amateur,M,San Ramon,CA,37.7648,-121.9544,verified,1370,standings,https://www.sanramonfc.com/,https://www.rankedxi.com/crests/san-ramon-fc.png
santos-f-c,Santos F.C.,upsl,UPSL,amateur,M,Forest Grove,OR,45.519,-123.1111,verified,,,,https://www.rankedxi.com/crests/upsl-santos-f-c.png
selma-football-club,Selma Football Club,upsl,UPSL,amateur,M,Selma,CA,36.5708,-119.6121,verified,,,,https://www.rankedxi.com/crests/upsl-selma-football-club.png
sensatica,Sensatica,upsl,UPSL,amateur,M,Arizona,TX,30.7896,-95.468,verified,,,,https://www.rankedxi.com/crests/upsl-sensatica.png
shock-city-fc-d1,Shock City FC D1,upsl,UPSL,amateur,M,Clearwater,FL,27.9659,-82.8001,verified,,,,https://www.rankedxi.com/crests/upsl-shock-city-fc-d1.png
shoreline-united-fc,Shoreline United FC,upsl,UPSL,amateur,M,Long Beach,CA,33.769,-118.1916,verified,,,,https://www.rankedxi.com/crests/upsl-shoreline-united-fc.png
silicon-valley-rush,Silicon Valley Rush,upsl,UPSL,amateur,M,San Francisco,CA,37.7879,-122.4075,verified,,,,
sioux-united-fc,Sioux United FC,upsl,UPSL,amateur,M,Sioux City,IA,42.4967,-96.4059,verified,,,,https://www.rankedxi.com/crests/upsl-sioux-united-fc.png
skills-fc-ii,Skills FC II,upsl,UPSL,amateur,M,Burnsville,MN,44.7671,-93.2774,verified,,,https://www.skillsfc.org/,https://www.rankedxi.com/crests/upsl-skills-fc-ii.png
sons-of-queens-fc,Sons of Queens FC,upsl,UPSL,amateur,M,Woodside,NY,40.7454,-73.9054,verified,,,,
sons-of-queens-prospects,Sons of Queens Prospects,upsl,UPSL,amateur,M,Woodside,NY,40.7454,-73.9054,verified,,,,
south-florida-football-academy-ii,South Florida Football Academy II,upsl,UPSL,amateur,M,Boca Raton,FL,26.3587,-80.0831,verified,,,,https://www.rankedxi.com/crests/upsl-south-florida-football-academy-ii.png
southwest-futbol-club-ii,Southwest Futbol Club II,upsl,UPSL,amateur,M,Bridgeport,CT,41.1793,-73.1888,verified,,,,
sporting-az-fc,Sporting AZ FC,upsl,UPSL,amateur,M,Phoenix,AZ,33.4484,-112.0741,verified,,,,https://www.rankedxi.com/crests/upsl-sporting-az-fc.png
st-michael-fc,St. Michael FC,upsl,UPSL,amateur,M,New Bedford,MA,41.6362,-70.9342,verified,,,https://www.stmichaelfc.com/,
st-petersburg-football-club-upsl,St. Petersburg Football Club,upsl,UPSL,amateur,M,Saint Petersburg,FL,27.7712,-82.634,verified,,,https://www.stpetersburg.com/,https://www.rankedxi.com/crests/ecrlg-st-petersburg-football-club.png
street-footie-fc,Street Footie FC,upsl,UPSL,amateur,M,Rockville,MD,39.0818,-77.1517,verified,,,,
strikers-fc-miami,Strikers FC Miami,upsl,UPSL,amateur,M,Homestead,FL,25.4719,-80.476,verified,,,,https://www.rankedxi.com/crests/ecrlb-strikers-miami-fc.png
supreme-fc,Supreme FC,upsl,UPSL,amateur,M,Miramar,FL,25.9873,-80.2323,verified,,,,https://www.rankedxi.com/crests/upsl-supreme-fc.png
sure-sports-fc-ii,Sure Sports FC II,upsl,UPSL,amateur,M,Columbia,MD,39.1938,-76.8646,verified,,,https://suresports.com,
tampa-bay-tide-fc,Tampa Bay Tide Fc,upsl,UPSL,amateur,M,Brandon,FL,27.9285,-82.2881,verified,,,,https://www.rankedxi.com/crests/upsl-tampa-bay-tide-fc.png
thunder-subject-to-change,Thunder(subject to change,upsl,UPSL,amateur,M,Sioux Falls,SD,43.5476,-96.7294,verified,,,,https://www.rankedxi.com/crests/upsl-thunder-subject-to-change.png
top-team-fc,Top Team FC,upsl,UPSL,amateur,M,Orlando,FL,28.5421,-81.379,verified,,,,https://www.rankedxi.com/crests/upsl-top-team-fc.png
two-bridges-football-club,Two Bridges Football Club,upsl,UPSL,amateur,M,New York,NY,40.7127,-74.006,verified,,,https://www.twobridges.club/,https://www.rankedxi.com/crests/upsl-two-bridges-football-club.png
united-africa,United Africa,upsl,UPSL,amateur,M,Boston,MA,42.3588,-71.0578,verified,,,https://unitedafricafc.org,https://www.rankedxi.com/crests/upsl-united-africa.png
upper-royalty-cf,Upper Royalty CF,upsl,UPSL,amateur,M,Lewiston,ME,44.0991,-70.2177,verified,,,,https://www.rankedxi.com/crests/upsl-upper-royalty-cf.png
upstate-united,Upstate United,upsl,UPSL,amateur,M,Syracuse,NY,43.0481,-76.1474,verified,,,,https://www.rankedxi.com/crests/upsl-upstate-united.png
utah-avalanche-sc,Utah Avalanche SC,upsl,UPSL,amateur,M,Salt Lake City,UT,40.7596,-111.8868,verified,,,https://utahavalanche.com,https://www.rankedxi.com/crests/ecnlb-utah-avalanche.png
utah-red-wolves-ii,Utah Red Wolves II,upsl,UPSL,amateur,M,Salt Lake City,UT,40.7596,-111.8868,verified,,,,
vail-sc,Vail SC,upsl,UPSL,amateur,M,Vail,AZ,32.0101,-110.6975,verified,,,,
vinotinto-fc-atlanta,Vinotinto FC Atlanta,upsl,UPSL,amateur,M,Norcross,GA,33.9412,-84.2135,verified,,,,https://www.rankedxi.com/crests/upsl-vinotinto-fc-atlanta.png
vlora-fc-academy,Vlora FC Academy,upsl,UPSL,amateur,M,Twin Cities,MN,44.9863,-93.1794,verified,,,,https://www.rankedxi.com/crests/upsl-vlora-fc.png
wahda-united-fc,Wahda United FC,upsl,UPSL,amateur,M,Lewiston,ME,44.0991,-70.2177,verified,,,,https://www.rankedxi.com/crests/upsl-wahda-united-fc.png
wahda-united-fc-ii,Wahda United FC II,upsl,UPSL,amateur,M,Lewiston,ME,44.0991,-70.2177,verified,,,,
warwick-city-football-club,Warwick City Football Club,upsl,UPSL,amateur,M,Warwick,RI,41.6993,-71.4586,verified,,,,
west-pines-united-fc-upsl,West Pines United FC - UPSL,upsl,UPSL,amateur,M,Pembroke Pines,FL,26.0062,-80.2872,verified,,,,https://www.rankedxi.com/crests/upsl-west-pines-united-fc-upsl.png
weston-fc-upsl,Weston FC,upsl,UPSL,amateur,M,Weston,FL,26.1003,-80.3995,verified,1286,standings,,https://www.rankedxi.com/crests/usl2-weston-fc.png
wheaton-wanderers-fc,Wheaton Wanderers FC,upsl,UPSL,amateur,M,Wheaton,IL,41.8647,-88.1102,verified,,,https://wheatonwanderersfc.com,
white-lions-fc,White Lions FC,upsl,UPSL,amateur,M,Tucson,AZ,32.2229,-110.9748,verified,,,https://whitelions.org,
yorba-linda-fc,Yorba Linda FC,upsl,UPSL,amateur,M,Yorba Linda,CA,33.8901,-117.825,verified,,,,
yuma-city-fc,Yuma City FC,upsl,UPSL,amateur,M,Yuma,AZ,32.721,-114.6203,verified,,,,
albion-sc-brooklyn-upsl,Albion SC Brooklyn,upsl,UPSL,amateur,M,Brooklyn,NY,40.6526,-73.9497,verified,,,https://albionscbrooklyn.org,https://www.rankedxi.com/crests/ea-albion-sc-brooklyn.png
alpharetta-fc-academy,Alpharetta FC Academy,upsl,UPSL,amateur,M,Alpharetta,GA,34.0756,-84.2946,verified,,,,
atletico-buford-fc-ii,Atletico Buford FC II,upsl,UPSL,amateur,M,Atlanta,GA,33.7545,-84.3898,verified,,,,https://www.rankedxi.com/crests/upsl-atletico-buford-fc-ii.png
atletico-u-23,Atletico U-23,upsl,UPSL,amateur,M,Plano,TX,33.0137,-96.6925,verified,,,,
dalton-united-academy,Dalton United Academy,upsl,UPSL,amateur,M,Dalton,GA,34.7692,-84.9702,verified,,,,https://www.rankedxi.com/crests/upsl-dalton-united.png
eagles-sports-southaven-fc,Eagles Sports Southaven FC,upsl,UPSL,amateur,M,Southaven,MS,34.9874,-90.0035,verified,,,,https://www.rankedxi.com/crests/upsl-eagles-sports-southaven-fc.png
eclipse-soccer-club-alaska,Eclipse Soccer Club Alaska,upsl,UPSL,amateur,M,Fairbanks,AK,64.8378,-147.7167,verified,1352,standings,,
fc-merchant,FC Merchant,upsl,UPSL,amateur,M,Queens,NY,40.7135,-73.8283,verified,,,,
fc-minneapolis-2,FC Minneapolis 2,upsl,UPSL,amateur,M,Minneapolis,MN,44.9773,-93.2655,verified,,,,https://www.rankedxi.com/crests/upsl-fc-minneapolis-2.png
fc-minneapolis-3,FC Minneapolis 3,upsl,UPSL,amateur,M,Minneapolis,MN,44.9773,-93.2655,verified,,,,https://www.rankedxi.com/crests/upsl-fc-minneapolis-3.png
mat-su-summit-rush,Mat-Su Summit Rush,upsl,UPSL,amateur,M,Wasilla,AK,61.5824,-149.4426,verified,1329,standings,,
ny-dash-fc,NY Dash FC,upsl,UPSL,amateur,M,Queens,NY,40.7135,-73.8283,verified,,,,https://www.rankedxi.com/crests/upsl-ny-dash-fc.png
ny-phoenix-fc,NY Phoenix FC,upsl,UPSL,amateur,M,"Spring Valley,",NY,41.113,-74.0438,verified,,,https://www.nyphoenixfc.com/,https://www.rankedxi.com/crests/upsl-ny-phoenix-fc.png
nychaiti,NYCHAITI,upsl,UPSL,amateur,M,Brooklyn,NY,40.6526,-73.9497,verified,,,,
sensatica-upsl,Sensatica,upsl,UPSL,amateur,M,Miami,FL,25.7742,-80.1936,verified,,,,https://www.rankedxi.com/crests/upsl-sensatica-upsl.png
soccer-saves-lives-fc-ii,Soccer Saves Lives FC II,upsl,UPSL,amateur,M,Clarkston,GA,33.8095,-84.2396,verified,,,,
thunder-united-soccer-club,Thunder United Soccer Club,upsl,UPSL,amateur,M,Frisco,TX,33.1506,-96.8238,verified,,,https://thunderunitedsoccer.com,
vlora-fc-iii,Vlora FC III,upsl,UPSL,amateur,M,Burnsville,MN,44.7671,-93.2774,verified,,,,https://www.rankedxi.com/crests/upsl-vlora-fc-iii.png
west-pines-united-fc-u23,West Pines United FC U23,upsl,UPSL,amateur,M,Pembroke Pines,FL,26.0062,-80.2872,verified,,,,https://www.rankedxi.com/crests/upsl-west-pines-united-fc-u23.png
weston-fc-u17-iii,Weston FC U17 III,upsl,UPSL,amateur,M,Weston,FL,26.1003,-80.3995,verified,,,,https://www.rankedxi.com/crests/upsl-weston-fc-u17-iii.png
weston-fc-u19-iii,Weston FC U19 III,upsl,UPSL,amateur,M,Weston,FL,26.1003,-80.3995,verified,,,,https://www.rankedxi.com/crests/upsl-weston-fc-u19-iii.png
idaho-fc,Idaho FC,upsl,UPSL,amateur,M,Pocatello,ID,42.862,-112.4506,verified,,,,
carolina-velocity-fc,Carolina Velocity FC,mlsnext,MLS NEXT,youth,M,Raleigh,NC,35.78,-78.639,verified,,,,
fc-bay-area-surf,FC Bay Area Surf,mlsnext,MLS NEXT,youth,M,Bay Area,CA,37.788,-122.356,verified,,,,https://www.rankedxi.com/crests/ecnlb-bay-area-surf.png
grand-junction-soccer-club,Grand Junction Soccer Club,mlsnext,MLS NEXT,youth,M,Grand Junction,CO,39.067,-108.564,verified,,,,
lexington-sporting-club,Lexington Sporting Club,mlsnext,MLS NEXT,youth,M,Lexington,KY,38.046,-84.497,verified,,,,https://www.rankedxi.com/crests/ecrlg-lexington-sporting.png
lowcountry-united,Lowcountry United,mlsnext,MLS NEXT,youth,M,Charleston,SC,32.788,-79.94,verified,,,,
minneapolis-united-sc,Minneapolis United SC,mlsnext,MLS NEXT,youth,M,Minneapolis,MN,44.977,-93.265,verified,,,,https://www.rankedxi.com/crests/ecrlb-minneapolis-united.png
new-england-surf-sc,New England Surf SC,mlsnext,MLS NEXT,youth,M,Charlestown,MA,42.378,-71.062,verified,,,,https://www.rankedxi.com/crests/ecrlg-new-england-surf.png
sound-fc,Sound FC,mlsnext,MLS NEXT,youth,M,Woodinville,WA,47.755,-122.159,verified,,,,
springfield-syc,Springfield SYC,mlsnext,MLS NEXT,youth,M,Springfield,VA,38.775,-77.18,verified,,,,https://www.rankedxi.com/crests/gaa-springfield-syc-soccer.png
whatcom-rangers,Whatcom Rangers,mlsnext,MLS NEXT,youth,M,Bellingham,WA,48.754,-122.479,verified,,,,https://www.rankedxi.com/crests/ecrlb-whatcom-fc-rangers.png
wisconsin-united-fc,Wisconsin United FC,mlsnext,MLS NEXT,youth,M,Appleton,WI,44.261,-88.407,verified,,,,
athletic-club-florida,Athletic Club Florida,ecnlb,ECNL Boys,youth,M,Sunrise,FL,26.167,-80.279,verified,,,,https://www.rankedxi.com/crests/ecnlb-athletic-club-florida.png
gotsport-club,GOTSport Club,ecnlb,ECNL Boys,youth,M,ny,DE,40.751,-73.969,verified,,,,
n1-miyami,N1 Miyami,ecnlb,ECNL Boys,youth,M,test,KS,38.637,-95.263,verified,,,,
seattle-celtic-ga,Seattle Celtic,ga,Girls Academy,youth,W,Seattle,WA,47.604,-122.33,verified,,,,
athletic-club-florida-ecnlg,Athletic Club Florida,ecnlg,ECNL Girls,youth,W,Sunrise,FL,26.167,-80.279,verified,,,,https://www.rankedxi.com/crests/ecnlg-athletic-club-florida.png
loucity-racing-youth-academy-ecnlg,LouCity / Racing Youth Academy,ecnlg,ECNL Girls,youth,W,Louisville,KY,38.254,-85.759,verified,,,,https://www.rankedxi.com/crests/ecnlg-loucity-racing-youth-academy.png
n1-miyami-ecnlg,N1 Miyami,ecnlg,ECNL Girls,youth,W,test,KS,38.637,-95.263,verified,,,,
albion-sc-washington,ALBION SC Washington,ea,Elite Academy League,youth,M,Bellevue,WA,47.614,-122.192,verified,,,,
harbor-soccer-club,Harbor Soccer Club,ea,Elite Academy League,youth,M,Gig Harbor,WA,47.326,-122.588,verified,,,,
flyte-sc-inland-empire,FLYTE SC Inland Empire,ea,Elite Academy League,youth,M,Rancho Cucamonga,CA,34.103,-117.575,verified,,,,
city-sc-noco,City SC NOCO,ea,Elite Academy League,youth,M,Windsor,CO,40.477,-104.901,verified,,,,
croatian-eagles-sc,Croatian Eagles SC,ea,Elite Academy League,youth,M,Franklin,WI,42.889,-88.038,verified,,,,
jb-marine-soccer-club,JB Marine Soccer Club,ea,Elite Academy League,youth,M,St. Louis,MO,38.625,-90.19,verified,,,,
centennial-soccer-club,Centennial Soccer Club,ecrlb,ECNL Regional League Boys,youth,M,Circle Pines,MN,45.145,-93.155,verified,,,,https://www.rankedxi.com/crests/ecrlb-centennial-soccer-club.png
acf-miami,ACF Miami,ecrlg,ECNL Regional League Girls,youth,W,Miami,FL,25.774,-80.194,verified,,,,https://www.rankedxi.com/crests/ecrlg-acf-miami.png
acf-sunrise,ACF Sunrise,ecrlg,ECNL Regional League Girls,youth,W,Sunrise,FL,26.167,-80.279,verified,,,,https://www.rankedxi.com/crests/ecrlg-acf-sunrise.png
capital-fc-ecrlg,Capital FC,ecrlg,ECNL Regional League Girls,youth,W,Salem,OR,44.939,-123.033,verified,,,,https://www.rankedxi.com/crests/ecrlg-capital-fc.png
ccv-stars-ecrlg,CCV STARS,ecrlg,ECNL Regional League Girls,youth,W,Peoria,AZ,33.581,-112.237,verified,,,,https://www.rankedxi.com/crests/ecrlg-ccv-stars.png
city-sc-kings-county-ecrlg,City SC Kings County,ecrlg,ECNL Regional League Girls,youth,W,Hanford,CA,36.328,-119.646,verified,,,,https://www.rankedxi.com/crests/ecrlg-city-sc-kings-county.png
east-bay-united-ecrlg,East Bay United,ecrlg,ECNL Regional League Girls,youth,W,oakland,CA,37.804,-122.271,verified,,,,https://www.rankedxi.com/crests/ecrlg-east-bay-united.png
eastshore-alliance-fc,Eastshore Alliance FC,ecrlg,ECNL Regional League Girls,youth,W,Berkeley,CA,37.871,-122.273,verified,,,,https://www.rankedxi.com/crests/ecrlg-eastshore-alliance-fc.png
epsc-ecrlg,EPSC,ecrlg,ECNL Regional League Girls,youth,W,Eden Prairie,MN,44.855,-93.471,verified,,,,https://www.rankedxi.com/crests/ecrlg-epsc.png
eugene-metro-fc-ecrlg,Eugene Metro FC,ecrlg,ECNL Regional League Girls,youth,W,Eugene,OR,44.051,-123.095,verified,,,,https://www.rankedxi.com/crests/ecrlg-eugene-metro-fc.png
lonestar-sat-ecrlg,Lonestar SAT,ecrlg,ECNL Regional League Girls,youth,W,San Antonio,TX,29.425,-98.495,verified,,,,https://www.rankedxi.com/crests/ecrlg-lonestar-sat.png
long-island-slammers-ecrlg,Long Island Slammers,ecrlg,ECNL Regional League Girls,youth,W,Central Islip,NY,40.781,-73.193,verified,,,,https://www.rankedxi.com/crests/ecrlg-long-island-slammers.png
napa-united-ecrlg,Napa United,ecrlg,ECNL Regional League Girls,youth,W,Napa,CA,38.49,-122.322,verified,,,,https://www.rankedxi.com/crests/ecrlg-napa-united.png
reno-apex-soccer-club-ecrlg,Reno APEX Soccer Club,ecrlg,ECNL Regional League Girls,youth,W,Reno,NV,39.526,-119.813,verified,,,,https://www.rankedxi.com/crests/ecrlg-reno-apex-soccer-club.png
sporting-springfield-ecrlg,Sporting Springfield,ecrlg,ECNL Regional League Girls,youth,W,Springfield,MO,37.208,-93.292,verified,,,,https://www.rankedxi.com/crests/ecrlg-sporting-springfield.png
sting-nebraska-ecrlg,Sting Nebraska,ecrlg,ECNL Regional League Girls,youth,W,Beaver Crossing,NE,40.779,-97.282,verified,,,,https://www.rankedxi.com/crests/ecrlg-sting-nebraska.png
tonka-united-sa-ecrlg,Tonka United SA,ecrlg,ECNL Regional League Girls,youth,W,Chanhassen,MN,44.862,-93.531,verified,,,,https://www.rankedxi.com/crests/ecrlg-tonka-united-sa.png
union-sacramento-fc-ecrlg,Union Sacramento FC,ecrlg,ECNL Regional League Girls,youth,W,Sacramento,CA,38.581,-121.494,verified,,,,https://www.rankedxi.com/crests/ecrlg-union-sacramento-fc.png
city-sc-los-angeles-gaa,City SC Los Angeles,gaa,GA Aspire,youth,W,Los Angeles,CA,34.054,-118.243,verified,,,,
flyte-soccer-club-inland-empire,Flyte Soccer Club Inland Empire,gaa,GA Aspire,youth,W,Rancho Cucamonga,CA,34.103,-117.575,verified,,,,
sound-fc-gaa,Sound FC,gaa,GA Aspire,youth,W,Woodinville,WA,47.755,-122.159,verified,,,,
harbor-soccer-club-gaa,Harbor Soccer Club,gaa,GA Aspire,youth,W,Gig Harbor,WA,47.326,-122.588,verified,,,,
albion-sc-washington-gaa,ALBION SC Washington,gaa,GA Aspire,youth,W,Bellevue,WA,47.614,-122.192,verified,,,,
phoenix-premier-fc-gaa,Phoenix Premier FC,gaa,GA Aspire,youth,W,Phoenix,AZ,33.448,-112.074,verified,,,,
7-elite-academy,7 Elite Academy,gaa,GA Aspire,youth,W,Salt Lake City,UT,40.76,-111.887,verified,,,,
albion-sc-dallas-gaa,Albion SC Dallas,gaa,GA Aspire,youth,W,Dallas,TX,32.776,-96.797,verified,,,,
chicago-rush-sc,Chicago Rush SC,gaa,GA Aspire,youth,W,Oswego,IL,41.683,-88.353,verified,,,,
croatian-eagles-sc-gaa,Croatian Eagles SC,gaa,GA Aspire,youth,W,Franklin,WI,42.889,-88.038,verified,,,,
madison-56er,Madison 56er,gaa,GA Aspire,youth,W,Oregon,WI,42.926,-89.384,verified,,,,
kings-hammer-sc-nky,Kings Hammer SC NKY,gaa,GA Aspire,youth,W,Cincinnati,OH,39.101,-84.513,verified,,,,
cincinnati-united,Cincinnati United,gaa,GA Aspire,youth,W,Cincinnati,OH,39.101,-84.513,verified,,,,https://www.rankedxi.com/crests/pecnlb-cincinnati-united-soccer-club.png
sporting-columbus-united,Sporting Columbus United,gaa,GA Aspire,youth,W,Lewis Center,OH,40.198,-83.01,verified,,,,
fort-wayne-united-fc,Fort Wayne United FC,gaa,GA Aspire,youth,W,Fort Wayne,IN,41.08,-85.139,verified,,,,
virginia-revolution-sc-gaa,Virginia Revolution SC,gaa,GA Aspire,youth,W,Leesburg,VA,39.115,-77.565,verified,,,,https://www.rankedxi.com/crests/gaa-virginia-revolution-sc.png
fc-richmond-gaa,FC Richmond,gaa,GA Aspire,youth,W,Richmond,VA,37.539,-77.434,verified,,,,https://www.rankedxi.com/crests/gaa-fc-richmond.png
carolina-velocity-fc-gaa,Carolina Velocity FC,gaa,GA Aspire,youth,W,Raleigh,NC,35.78,-78.639,verified,,,,
tsj-virginia,TSJ Virginia,gaa,GA Aspire,youth,W,Springfield,VA,38.775,-77.18,verified,,,,
pennrisingxi,PennRisingXI,gaa,GA Aspire,youth,W,Lehigh Valley,PA,40.595,-75.568,verified,,,,
dc-soccer-club,DC Soccer Club,gaa,GA Aspire,youth,W,Washington,DC,38.895,-77.036,verified,,,,
ginga-fc-gaa,Ginga FC,gaa,GA Aspire,youth,W,Woodbridge,CT,41.353,-73.011,verified,,,,https://www.rankedxi.com/crests/gaa-ginga-fc.png
new-england-force,New England Force,gaa,GA Aspire,youth,W,Pembroke,MA,42.071,-70.809,verified,,,,
western-united-pioneers-fc-gaa,Western United Pioneers FC,gaa,GA Aspire,youth,W,Ludlow,MA,42.159,-72.48,verified,,,,https://www.rankedxi.com/crests/ecrlb-western-united-pioneers-fc.png
atlantic-united-gaa,Atlantic United,gaa,GA Aspire,youth,W,Stony Brook,NY,40.908,-73.133,verified,,,,https://www.rankedxi.com/crests/gaa-atlantic-united.png
cedar-stars-academy-north,Cedar Stars Academy North,gaa,GA Aspire,youth,W,South Hackensack,NJ,40.87,-74.05,verified,,,,
tsf-academy-gaa,TSF Academy,gaa,GA Aspire,youth,W,Lincoln Park,NJ,40.924,-74.302,verified,,,,
union-kc-sc-navy,Union KC SC Navy,gaa,GA Aspire,youth,W,Kansas City,MO,39.1,-94.578,verified,,,,
sporting-city-gaa,Sporting City,gaa,GA Aspire,youth,W,Kansas City,MO,39.1,-94.578,verified,,,,
jb-marine-soccer-club-gaa,JB Marine Soccer Club,gaa,GA Aspire,youth,W,St. Louis,MO,38.625,-90.19,verified,,,,
sporting-arkansas-soccer-club,Sporting Arkansas Soccer Club,gaa,GA Aspire,youth,W,Bentonville,AR,36.373,-94.209,verified,,,,
southwest-missouri-rush-soccer-club,Southwest Missouri Rush Soccer Club,gaa,GA Aspire,youth,W,Springfield,MO,37.208,-93.292,verified,,,,
albion-sc-denver-gaa,Albion SC Denver,gaa,GA Aspire,youth,W,Denver,CO,39.739,-104.985,verified,,,,https://www.rankedxi.com/crests/ea-albion-sc-denver.png
albion-sc-boulder,Albion SC Boulder,gaa,GA Aspire,youth,W,Boulder,CO,40.015,-105.271,verified,,,,
city-sc-noco-gaa,City SC NOCO,gaa,GA Aspire,youth,W,Windsor,CO,40.477,-104.901,verified,,,,
co-elevation-fc,CO Elevation FC,gaa,GA Aspire,youth,W,Highlands Ranch,CO,39.539,-104.973,verified,,,,
grand-junction-soccer-club-gaa,Grand Junction Soccer Club,gaa,GA Aspire,youth,W,Grand Junction,CO,39.067,-108.564,verified,,,,
fc-sarasota,FC Sarasota,gaa,GA Aspire,youth,W,Sarasota,FL,27.337,-82.531,verified,,,,
florida-united,Florida United,gaa,GA Aspire,youth,W,Davie,FL,26.063,-80.233,verified,,,,
orlando-pride-soccer-school-lake-nona,Orlando Pride Soccer School Lake Nona,gaa,GA Aspire,youth,W,Lake Nona,FL,28.398,-81.264,verified,,,,
palm-beach-kicks,Palm Beach Kicks,gaa,GA Aspire,youth,W,Palm Beach,FL,26.628,-80.449,verified,,,,
kings-hammer-lakeland,Kings Hammer Lakeland,gaa,GA Aspire,youth,W,Lakeland,FL,28.039,-81.95,verified,,,,
woodland-soccer-club,Woodland Soccer Club,gaa,GA Aspire,youth,W,Woodland,CA,38.679,-121.773,verified,,,,
kings-hammer-columbus,Kings Hammer Columbus,pecnlb,Pre-ECNL Boys,other,M,Covington,KY,39.083,-84.511,verified,,,https://Www.kingshammer.com,https://www.rankedxi.com/crests/pecnlb-kings-hammer-columbus.png
barcelona-united,Barcelona United,pecnlb,Pre-ECNL Boys,other,M,Pickerington,OH,39.884,-82.754,verified,,,,https://www.rankedxi.com/crests/pecnlb-barcelona-united.png
brevard-sa,Brevard SA,pecnlb,Pre-ECNL Boys,other,M,Melbourne,FL,28.079,-80.608,verified,,,https://www.brevardsoccer.org/,
btx-sc-inc,BTX SC INC,pecnlb,Pre-ECNL Boys,other,M,Brownsville,TX,25.902,-97.498,verified,,,,https://www.rankedxi.com/crests/pecnlb-btx-sc-inc.png
cincinnati-united-soccer-club,Cincinnati United Soccer Club,pecnlb,Pre-ECNL Boys,other,M,Cincinnati,OH,39.101,-84.513,verified,,,https://www.cincinnatiunitedsoccer.com,https://www.rankedxi.com/crests/pecnlb-cincinnati-united-soccer-club.png
coyotes-fc-academy,Coyotes FC Academy,pecnlb,Pre-ECNL Boys,other,M,Harker Heights,TX,31.075,-97.659,verified,,,,https://www.rankedxi.com/crests/pecnlb-coyotes-fc-academy.png
dallas-cosmos-soccer-club-pecnlb,Dallas Cosmos Soccer Club,pecnlb,Pre-ECNL Boys,other,M,Dallas,TX,32.776,-96.797,verified,,,,https://www.rankedxi.com/crests/pecnlb-dallas-cosmos-soccer-club.png
doral-west-soccer-academy,Doral West Soccer Academy,pecnlb,Pre-ECNL Boys,other,M,Miami,FL,25.774,-80.194,verified,,,https://doralwest.org,https://www.rankedxi.com/crests/pecnlb-doral-west-soccer-academy.png
fc-storm,FC Storm,pecnlb,Pre-ECNL Boys,other,M,Loveland,OH,39.269,-84.264,verified,,,,https://www.rankedxi.com/crests/pecnlb-fc-storm.png
fishhawk-premier-fc,Fishhawk Premier FC,pecnlb,Pre-ECNL Boys,other,M,Odessa,FL,28.183,-82.554,verified,,,,https://www.rankedxi.com/crests/pecnlb-fishhawk-premier-fc.png
forms-academy-pecnlb,Forms Academy,pecnlb,Pre-ECNL Boys,other,M,Melissa,TX,33.286,-96.572,verified,,,https://www.formsacademy.com,https://www.rankedxi.com/crests/pecnlb-forms-academy.png
galaxy-soccer-club,Galaxy Soccer Club,pecnlb,Pre-ECNL Boys,other,M,Naperville,IL,41.773,-88.148,verified,,,,https://www.rankedxi.com/crests/pecnlb-galaxy-soccer-club.png
grasshoppers-fc,Grasshoppers FC,pecnlb,Pre-ECNL Boys,other,M,Lewis Center,OH,40.198,-83.01,verified,,,,https://www.rankedxi.com/crests/pecnlb-grasshoppers-fc.png
hill-country-united,Hill Country United,pecnlb,Pre-ECNL Boys,other,M,Fredericksburg,TX,30.275,-98.872,verified,,,,https://www.rankedxi.com/crests/pecnlb-hill-country-united.png
kitsap-alliance-fc,Kitsap Alliance FC,pecnlb,Pre-ECNL Boys,other,M,Silverdale,WA,47.659,-122.677,verified,,,,https://www.rankedxi.com/crests/pecnlb-kitsap-alliance-fc.png
lakeland-premier,Lakeland Premier,pecnlb,Pre-ECNL Boys,other,M,Kathleen,FL,28.121,-82.023,verified,,,,https://www.rankedxi.com/crests/pecnlb-lakeland-premier.png
lakota-futbol-club,Lakota Futbol Club,pecnlb,Pre-ECNL Boys,other,M,West Chester,OH,39.33,-84.408,verified,,,,https://www.rankedxi.com/crests/pecnlb-lakota-futbol-club.png
lee-county-premier-fc,Lee County Premier FC,pecnlb,Pre-ECNL Boys,other,M,Fort Myers,FL,26.641,-81.872,verified,,,,https://www.rankedxi.com/crests/pecnlb-lee-county-premier-fc.png
mako-soccer-club,Mako Soccer Club,pecnlb,Pre-ECNL Boys,other,M,Port St. Lucie,FL,27.294,-80.35,verified,,,,https://www.rankedxi.com/crests/pecnlb-mako-soccer-club.png
michigan-hawks-pecnlb,Michigan Hawks,pecnlb,Pre-ECNL Boys,other,M,Plymouth,MI,42.371,-83.468,verified,,,https://hawks.soccer/,https://www.rankedxi.com/crests/pecnlb-michigan-hawks.png
miso-pdp-hawaii,MISO PDP Hawaii,pecnlb,Pre-ECNL Boys,other,M,Kapolei,HI,21.345,-158.063,verified,,,,https://www.rankedxi.com/crests/pecnlb-miso-pdp-hawaii.png
naples-elite-soccer-club,Naples Elite Soccer Club,pecnlb,Pre-ECNL Boys,other,M,Naples,FL,26.142,-81.794,verified,,,,https://www.rankedxi.com/crests/pecnlb-naples-elite-soccer-club.png
north-shore-fc,North Shore FC,pecnlb,Pre-ECNL Boys,other,M,Houston,TX,29.759,-95.368,verified,,,,https://www.rankedxi.com/crests/pecnlb-north-shore-fc.png
one-fc-houston,One FC Houston,pecnlb,Pre-ECNL Boys,other,M,Sugar Land,TX,29.62,-95.635,verified,,,,https://www.rankedxi.com/crests/pecnlb-one-fc-houston.png
ormond-beach-soccer-club,Ormond Beach Soccer Club,pecnlb,Pre-ECNL Boys,other,M,Ormond Beach,FL,29.285,-81.056,verified,,,https://ormondbeachsc.net,https://www.rankedxi.com/crests/pecnlb-ormond-beach-soccer-club.png
pflugerville-fc,Pflugerville FC,pecnlb,Pre-ECNL Boys,other,M,Pflugerville,TX,30.439,-97.62,verified,,,https://www.pfcsoccer.org,https://www.rankedxi.com/crests/pecnlb-pflugerville-fc.png
premier-futbol-academy-of-san-antonio,Premier Futbol Academy of San Antonio,pecnlb,Pre-ECNL Boys,other,M,San Antonio,TX,29.425,-98.495,verified,,,,https://www.rankedxi.com/crests/pecnlb-premier-futbol-academy-of-san-antonio.png
real-greens-soccer-academy,Real Greens Soccer Academy,pecnlb,Pre-ECNL Boys,other,M,Houston,TX,29.759,-95.368,verified,,,https://www.realgreensfc.com,https://www.rankedxi.com/crests/pecnlb-real-greens-soccer-academy.png
royal-oak-fc,Royal Oak FC,pecnlb,Pre-ECNL Boys,other,M,Royal Oak,MI,42.489,-83.145,verified,,,,https://www.rankedxi.com/crests/pecnlb-royal-oak-fc.png
seminole-united-pecnlb,Seminole United,pecnlb,Pre-ECNL Boys,other,M,Sanford,FL,28.812,-81.268,verified,,,https://seminole-united.com,https://www.rankedxi.com/crests/pecnlb-seminole-united.png
south-miami-united-fc,South Miami United FC,pecnlb,Pre-ECNL Boys,other,M,South Miami,FL,25.708,-80.293,verified,,,,https://www.rankedxi.com/crests/pecnlb-south-miami-united-fc.png
sporting-gainesville-soccer-academy,Sporting Gainesville Soccer Academy,pecnlb,Pre-ECNL Boys,other,M,GAINESVILLE,FL,29.652,-82.325,verified,,,,https://www.rankedxi.com/crests/pecnlb-sporting-gainesville-soccer-academy.png
strikerz-dfw,StrikerZ DFW,pecnlb,Pre-ECNL Boys,other,M,Celina,TX,33.324,-96.784,verified,,,,https://www.rankedxi.com/crests/pecnlb-strikerz-dfw.png
tampa-bay-united-pecnlb,Tampa Bay United,pecnlb,Pre-ECNL Boys,other,M,Tampa,FL,27.945,-82.458,verified,,,http://www.tbusc.com/,https://www.rankedxi.com/crests/pecnlb-tampa-bay-united.png
team-challenger-fc-south,Team Challenger FC South,pecnlb,Pre-ECNL Boys,other,M,Medina,OH,41.1,-81.938,verified,,,,https://www.rankedxi.com/crests/pecnlb-team-challenger-fc-south.png
total-futbol-academy-oh,Total Futbol Academy (OH),pecnlb,Pre-ECNL Boys,other,M,Cleves,OH,39.162,-84.749,verified,,,https://TFACincinnati.com,https://www.rankedxi.com/crests/pecnlg-total-futbol-academy-oh.png
tyler-fc-pecnlb,Tyler FC,pecnlb,Pre-ECNL Boys,other,M,"Tyler,",TX,32.351,-95.301,verified,,,,https://www.rankedxi.com/crests/pecnlb-tyler-fc.png
union-fc-indy,Union FC Indy,pecnlb,Pre-ECNL Boys,other,M,Zionsville,IN,39.951,-86.262,verified,,,,https://www.rankedxi.com/crests/pecnlb-union-fc-indy.png
kings-hammer-columbus-pecnlg,Kings Hammer Columbus,pecnlg,Pre-ECNL Girls,other,W,Covington,KY,39.083,-84.511,verified,,,https://Www.kingshammer.com,https://www.rankedxi.com/crests/pecnlg-kings-hammer-columbus.png
barcelona-united-pecnlg,Barcelona United,pecnlg,Pre-ECNL Girls,other,W,Pickerington,OH,39.884,-82.754,verified,,,,https://www.rankedxi.com/crests/pecnlg-barcelona-united.png
cherry-hill-fc,Cherry Hill FC,pecnlg,Pre-ECNL Girls,other,W,Cherry Hill,NJ,39.935,-75.031,verified,,,,https://www.rankedxi.com/crests/pecnlg-cherry-hill-fc.png
cincinnati-west,Cincinnati West,pecnlg,Pre-ECNL Girls,other,W,Cincinnati,OH,39.101,-84.513,verified,,,,https://www.rankedxi.com/crests/pecnlg-cincinnati-west.png
cuyahoga-valley-soccer-academy-pecnlg,Cuyahoga Valley Soccer Academy,pecnlg,Pre-ECNL Girls,other,W,Brecksville,OH,41.32,-81.627,verified,,,https://www.cvsa.soccer,https://www.rankedxi.com/crests/pecnlg-cuyahoga-valley-soccer-academy.png
fc-storm-pecnlg,FC Storm,pecnlg,Pre-ECNL Girls,other,W,Loveland,OH,39.269,-84.264,verified,,,,https://www.rankedxi.com/crests/pecnlg-fc-storm.png
florida-tropics-academy,Florida Tropics Academy,pecnlg,Pre-ECNL Girls,other,W,Lakeland,FL,28.039,-81.95,verified,,,https://tropicsacademyfl.com,https://www.rankedxi.com/crests/pecnlg-florida-tropics-academy.png
kitsap-alliance-fc-pecnlg,Kitsap Alliance FC,pecnlg,Pre-ECNL Girls,other,W,Silverdale,WA,47.659,-122.677,verified,,,,https://www.rankedxi.com/crests/pecnlg-kitsap-alliance-fc.png
lakota-futbol-club-pecnlg,Lakota Futbol Club,pecnlg,Pre-ECNL Girls,other,W,West Chester,OH,39.33,-84.408,verified,,,,https://www.rankedxi.com/crests/pecnlg-lakota-futbol-club.png
miso-pdp-hawaii-pecnlg,MISO PDP Hawaii,pecnlg,Pre-ECNL Girls,other,W,Kapolei,HI,21.345,-158.063,verified,,,,https://www.rankedxi.com/crests/pecnlg-miso-pdp-hawaii.png
oregon-premier-fc-pecnlg,Oregon Premier FC,pecnlg,Pre-ECNL Girls,other,W,West Linn,OR,45.366,-122.612,verified,,,https://oregonpremierfc.com/,https://www.rankedxi.com/crests/pecnlg-oregon-premier-fc.png
royal-oak-fc-pecnlg,Royal Oak FC,pecnlg,Pre-ECNL Girls,other,W,Royal Oak,MI,42.489,-83.145,verified,,,,https://www.rankedxi.com/crests/pecnlg-royal-oak-fc.png
sporting-columbus,Sporting Columbus,pecnlg,Pre-ECNL Girls,other,W,Columbus,OH,39.962,-83.001,verified,,,http://www.sportingcolumbus.com/,https://www.rankedxi.com/crests/pecnlg-sporting-columbus.png
strikerz-dfw-pecnlg,StrikerZ DFW,pecnlg,Pre-ECNL Girls,other,W,Celina,TX,33.324,-96.784,verified,,,,https://www.rankedxi.com/crests/pecnlg-strikerz-dfw.png
team-challenger-fc-south-pecnlg,Team Challenger FC South,pecnlg,Pre-ECNL Girls,other,W,Medina,OH,41.1,-81.938,verified,,,,https://www.rankedxi.com/crests/pecnlg-team-challenger-fc-south.png
total-futbol-academy-oh-pecnlg,Total Futbol Academy (OH),pecnlg,Pre-ECNL Girls,other,W,Cleves,OH,39.162,-84.749,verified,,,https://TFACincinnati.com,https://www.rankedxi.com/crests/pecnlg-total-futbol-academy-oh.png
union-fc-indy-pecnlg,Union FC Indy,pecnlg,Pre-ECNL Girls,other,W,Zionsville,IN,39.951,-86.262,verified,,,,https://www.rankedxi.com/crests/pecnlg-union-fc-indy.png
upper-90-fc-pecnlg,Upper 90 FC,pecnlg,Pre-ECNL Girls,other,W,Oberlin,OH,41.294,-82.217,verified,,,https://upper90futbolclub.com,https://www.rankedxi.com/crests/pecnlg-upper-90-fc.png
coastal-rush,Coastal Rush,ecnlb,ECNL Boys,youth,M,Penscola,FL,30.421,-87.217,verified,,,,https://www.rankedxi.com/crests/ecnlb-coastal-rush.png
manta-united-soccer-club,Manta United Soccer Club,ecrlb,ECNL Regional League Boys,youth,M,North Rovalton,OH,41.314,-81.725,verified,,,,https://www.rankedxi.com/crests/ecrlb-manta-united-soccer-club.png
coastal-rush-ecrlg,Coastal Rush,ecrlg,ECNL Regional League Girls,youth,W,Penscola,FL,30.421,-87.217,verified,,,,https://www.rankedxi.com/crests/ecrlg-coastal-rush.png
manta-united-soccer-club-ecrlg,Manta United Soccer Club,ecrlg,ECNL Regional League Girls,youth,W,North Rovalton,OH,41.314,-81.725,verified,,,,https://www.rankedxi.com/crests/ecrlg-manta-united-soccer-club.png
956-united,956 United,mlsnext,MLS NEXT,youth,M,McAllen,TX,26.204,-98.23,verified,,,https://956united.com,
albion-sc-boulder-county,ALBION SC Boulder County,mlsnext,MLS NEXT,youth,M,Longmont,CO,40.167,-105.102,verified,,,https://www.albionscbouldercounty.org,
aspire-fc,Aspire FC,mlsnext,MLS NEXT,youth,M,Houston,TX,29.759,-95.368,verified,,,https://aspirefutbol.com,
capital-city-south,Capital City South,mlsnext,MLS NEXT,youth,M,Austin,TX,30.271,-97.744,verified,,,https://capcitysc.com,
cedar-stars-academy-newark,Cedar Stars Academy Newark,mlsnext,MLS NEXT,youth,M,Newark,NJ,40.736,-74.172,verified,,,https://www.cedarstars.com/newark,
celtic-storm,Celtic Storm,mlsnext,MLS NEXT,youth,M,Orem,UT,40.298,-111.694,verified,,,https://www.utahceltic.com,
charleston-sc,Charleston SC,mlsnext,MLS NEXT,youth,M,Charleston,SC,32.788,-79.94,verified,,,https://chssoccerclub.com,
chicago-fire-youth-sc,Chicago Fire Youth SC,mlsnext,MLS NEXT,youth,M,Chicago,IL,41.876,-87.624,verified,,,https://chicagofireyouthsc.com,https://www.rankedxi.com/crests/chicago-fire.png
city-sc-san-diego-mlsnext,City SC - San Diego,mlsnext,MLS NEXT,youth,M,Carlsbad,CA,33.158,-117.351,verified,,,https://ourcitysc.com,
classic-fc,Classic FC,mlsnext,MLS NEXT,youth,M,Albuquerque,NM,35.084,-106.651,verified,,,https://www.classicfcnm.com,
downtown-las-vegas-soccer-club,Downtown Las Vegas Soccer Club,mlsnext,MLS NEXT,youth,M,Las Vegas,NV,36.167,-115.148,verified,,,https://downtownlvsc.com,
fc-greater-boston-bolts,FC Greater Boston Bolts,mlsnext,MLS NEXT,youth,M,Framingham,MA,42.277,-71.417,verified,,,https://bostonbolts.com,
fc-harlem,FC Harlem,mlsnext,MLS NEXT,youth,M,New York,NY,40.713,-74.006,verified,,,https://fcharlem.com,
fc-hudson-valley,FC Hudson Valley,mlsnext,MLS NEXT,youth,M,Salt Point,NY,41.805,-73.79,verified,,,https://fchudsonvalley.com,
fc-tucson-youth-soccer-club,FC Tucson Youth Soccer Club,mlsnext,MLS NEXT,youth,M,Tucson,AZ,32.223,-110.975,verified,,,https://fctucsonyouth.com,https://www.rankedxi.com/crests/usl2-fc-tucson.png
fox-soccer-academy-carolinas,Fox Soccer Academy Carolinas,mlsnext,MLS NEXT,youth,M,Mooresville,NC,35.585,-80.81,verified,,,https://www.foxsoccer.academy/carolinas,https://www.rankedxi.com/crests/ecrlb-fox-soccer-academy-of-the-carolinas.png
hillsboro-rush,Hillsboro Rush,mlsnext,MLS NEXT,youth,M,Hillsboro,OR,45.523,-122.99,verified,,,https://www.hillsbororush.org,
houston-futsal-club,Houston Futsal Club,mlsnext,MLS NEXT,youth,M,Houston,TX,29.759,-95.368,verified,,,https://houstonfutsalclub.com,
ifa-west,IFA West,mlsnext,MLS NEXT,youth,M,Westfield,MA,42.121,-72.749,verified,,,https://www.ifawest.com,
kings-hammer-nashville,Kings Hammer Nashville,mlsnext,MLS NEXT,youth,M,Murfreesboro,TN,35.846,-86.392,verified,,,https://kingshammer.com/tennessee/murfreesboro,
la-youth,LA Youth,mlsnext,MLS NEXT,youth,M,Los Angeles,CA,34.054,-118.243,verified,,,https://layouth.org,
lanier-soccer-association,Lanier Soccer Association,mlsnext,MLS NEXT,youth,M,Gainesville,GA,34.298,-83.824,verified,,,http://www.lsasharks.com,
lou-fusz-athletic-2,Lou Fusz Athletic 2,mlsnext,MLS NEXT,youth,M,St. Louis,MO,38.625,-90.19,verified,,,https://www.loufuszathletic.com,
louisiana-elite-sp,Louisiana Elite SP,mlsnext,MLS NEXT,youth,M,Baton Rouge,LA,30.449,-91.187,verified,,,https://louisianaelite.com,
mclean-youth-soccer,McLean Youth Soccer,mlsnext,MLS NEXT,youth,M,McLean,VA,38.937,-77.186,verified,,,https://www.mcleansoccer.org,
miami-futbol-academy-rush,Miami Futbol Academy Rush,mlsnext,MLS NEXT,youth,M,Miami,FL,25.774,-80.194,verified,,,https://miamifutbolacademyrush.com,
michigan-jaguars-united-fc,Michigan Jaguars United FC,mlsnext,MLS NEXT,youth,M,Novi,MI,42.481,-83.475,verified,,,https://michiganjaguarsfc.com/club/novi,
monarchs-az,Monarchs AZ,mlsnext,MLS NEXT,youth,M,Tucson,AZ,32.223,-110.975,verified,,,https://rslazsoccer.com,
mt-rainier-futbol-club,Mt. Rainier Futbol Club,mlsnext,MLS NEXT,youth,M,Buckley,WA,47.162,-122.028,verified,,,https://www.playmrac.com/soccer,
one-fc,One FC,mlsnext,MLS NEXT,youth,M,Miami,FL,25.774,-80.194,verified,,,https://onefcmiami.com,
orlando-city-youth-sc,Orlando City Youth SC,mlsnext,MLS NEXT,youth,M,Orlando,FL,28.542,-81.379,verified,,,https://www.orlandocitysc.com/club/contact,https://www.rankedxi.com/crests/orlando-city.png
ozark-united-fc-academy,Ozark United FC Academy,mlsnext,MLS NEXT,youth,M,Bentonville,AR,36.373,-94.209,verified,,,https://www.sportingarkansas.com/about,
pa-classics-harrisburg,PA Classics Harrisburg,mlsnext,MLS NEXT,youth,M,Hummelstown,PA,40.265,-76.708,verified,,,https://www.paclassicsharrisburg.com/about,
pda-hibernian,PDA Hibernian,mlsnext,MLS NEXT,youth,M,Zarephath,NJ,40.536,-74.575,verified,,,https://pdahibernians.com/facility.html,
plantation-fc-rush,Plantation FC Rush,mlsnext,MLS NEXT,youth,M,Plantation,FL,26.128,-80.233,verified,,,https://www.plantationfcrush.com/about-the-club,
players-sc,Players SC,mlsnext,MLS NEXT,youth,M,Las Vegas,NV,36.167,-115.148,verified,,,https://playerssc.com,
roswell-soccer-club,Roswell Soccer Club,mlsnext,MLS NEXT,youth,M,Roswell,GA,34.023,-84.36,verified,,,https://www.roswellsoccerclub.com/about,
sa-united-sc,SA United SC,mlsnext,MLS NEXT,youth,M,San Antonio,TX,29.425,-98.495,verified,,,https://www.saunitedsoccer.com/contact,
saint-paul-blackhawks,Saint Paul Blackhawks,mlsnext,MLS NEXT,youth,M,Saint Paul,MN,44.95,-93.093,verified,,,https://blackhawksoccer.org,
saints-academy,Saints Academy,mlsnext,MLS NEXT,youth,M,Portland,OR,45.52,-122.674,verified,,,https://saintssocceracademy.org/contact,
skyline-soccer-association,Skyline Soccer Association,mlsnext,MLS NEXT,youth,M,Englewood,CO,39.648,-104.988,verified,,,https://www.skylinesoccer.org/mlsnextacademy,
sozo-fc,Sozo FC,mlsnext,MLS NEXT,youth,M,Yakima,WA,46.6016,-120.5108,verified,,,https://www.sozofc.com,
sparta-united-soccer-club,Sparta United Soccer Club,mlsnext,MLS NEXT,youth,M,Salt Lake City,UT,40.76,-111.887,verified,,,https://spartaunitedsc.org,
sporting-oklahoma,Sporting Oklahoma,mlsnext,MLS NEXT,youth,M,Oklahoma City,OK,35.473,-97.517,verified,,,https://www.sportingok.com/contact-us,
the-st-james,The St. James,mlsnext,MLS NEXT,youth,M,Springfield,VA,38.775,-77.18,verified,,,https://sports.thestjames.com/soccer,https://www.rankedxi.com/crests/upsl-the-st-james-football-club.png
triangle-united-soccer-association,Triangle United Soccer Association,mlsnext,MLS NEXT,youth,M,Chapel Hill,NC,35.913,-79.056,verified,,,https://triangleunited.org,
tulsa-greenwood-sc,Tulsa Greenwood SC,mlsnext,MLS NEXT,youth,M,Tulsa,OK,36.156,-95.993,verified,,,https://tulsagreenwoodsc.com,
virginia-rush,Virginia Rush,mlsnext,MLS NEXT,youth,M,Virginia Beach,VA,36.85,-75.976,verified,,,https://varush.com,
hoover-vestavia-soccer-ga,Hoover- Vestavia Soccer,ga,Girls Academy,youth,W,Birmingham,AL,33.521,-86.802,verified,,,,
albion-sc-hawaii,ALBION SC Hawaii,ea,Elite Academy League,youth,M,Wailuku,HI,20.891,-156.503,verified,,,https://www.albionschawaii.org,
bvbia-washington,BVBIA Washington,ea,Elite Academy League,youth,M,Bellevue,WA,47.614,-122.192,verified,,,https://www.bvbia-washington.com,
emerald-city-football-club,Emerald City Football Club,ea,Elite Academy League,youth,M,Seattle,WA,47.604,-122.33,verified,,,https://emeraldcityfc.org,
highline-premier-fc,Highline Premier FC,ea,Elite Academy League,youth,M,Burien,WA,47.47,-122.349,verified,,,https://www.highlinepremier.com,
sozos,Sozos,ea,Elite Academy League,youth,M,Yakima,WA,46.6016,-120.5108,verified,,,https://www.sozofc.com,
sting-soccer-club-id,Sting Soccer Club ID,ea,Elite Academy League,youth,M,Coeur d'Alene,ID,47.674,-116.781,verified,,,https://stingsc.com,
warriors-sports-academy,Warriors Sports Academy,ea,Elite Academy League,youth,M,Bellevue,WA,47.614,-122.192,verified,,,https://www.littlewarriorssports.org,
western-wa-surf-academy,Western WA Surf Academy,ea,Elite Academy League,youth,M,Bellevue,WA,47.614,-122.192,verified,,,https://westernwasurf.com,
football-club-alliance,Football Club Alliance,ea,Elite Academy League,youth,M,El Sobrante,CA,37.974,-122.306,verified,,,https://www.wccysl.com/fca-competitive-program,
albion-sc-antelope-valley,ALBION SC Antelope Valley,ea,Elite Academy League,youth,M,Lancaster,CA,34.698,-118.137,verified,,,https://albionscantelopevalley.org,
boca-oc,Boca OC,ea,Elite Academy League,youth,M,Anaheim Hills,CA,33.844,-117.777,verified,,,https://www.bocaocsoccer.com,
central-cal-aztecs,Central Cal Aztecs,ea,Elite Academy League,youth,M,Bakersfield,CA,35.374,-119.019,verified,,,https://www.centralcalaztecs.org,
fram-cq,Fram CQ,ea,Elite Academy League,youth,M,Torrance,CA,33.837,-118.341,verified,,,https://www.framsoccer.com,
la-surf-futures,LA SURF FUTURES,ea,Elite Academy League,youth,M,Pasadena,CA,34.148,-118.144,verified,,,https://wearelasurf.com,
la-surf-lc,LA SURF LC,ea,Elite Academy League,youth,M,Pasadena,CA,34.148,-118.144,verified,,,https://wearelasurf.com,
laifc,LAIFC,ea,Elite Academy League,youth,M,Glendale,CA,34.147,-118.248,verified,,,https://lainternationalfc.com/en,
oaks-fc,Oaks FC,ea,Elite Academy League,youth,M,Thousand Oaks,CA,34.171,-118.838,verified,,,https://oaksfc.org,
socal-elite-fc,SoCal Elite FC,ea,Elite Academy League,youth,M,Chino,CA,34.013,-117.69,verified,,,https://socalelitefc.com,
bvbia-arizona,BVBIA Arizona,ea,Elite Academy League,youth,M,Tucson,AZ,32.223,-110.975,verified,,,https://www.bvbia-arizona.com,
colorado-rush-cos,Colorado Rush COS,ea,Elite Academy League,youth,M,Colorado Springs,CO,38.834,-104.825,verified,,,https://www.coloradorush.com/youth-soccer-colorado-springs,
manchester-city-north-texas,Manchester City North Texas,ea,Elite Academy League,youth,M,Dallas,TX,32.776,-96.797,verified,,,https://www.mancity.com/northtexas/about-us,
steel-united-tx,Steel United TX,ea,Elite Academy League,youth,M,McKinney,TX,33.198,-96.615,verified,,,https://www.mckinneysoccer.org/page/show/8471903-steel-united-tx,
fc1-academy,FC1 Academy,ea,Elite Academy League,youth,M,Glenview,IL,42.07,-87.811,verified,,,https://www.fc1academy.com,
jabhat-fc,JaBHat FC,ea,Elite Academy League,youth,M,Evanston,IL,42.047,-87.685,verified,,,https://www.jahbatfc.org,
north-shore-united-soccer-club,North Shore United Soccer Club,ea,Elite Academy League,youth,M,Cedarburg,WI,43.297,-87.988,verified,,,https://www.northshoreunited.org,
hoosier-futbol-club,Hoosier Futbol Club,ea,Elite Academy League,youth,M,Noblesville,IN,40.046,-86.014,verified,,,https://www.hoosierfc.com,
usa-of-indiana,USA of Indiana,ea,Elite Academy League,youth,M,Indianapolis,IN,39.768,-86.158,verified,,,https://www.usaofindiana.org,
black-river-athletics,Black River Athletics,ea,Elite Academy League,youth,M,Wayne,NJ,40.949,-74.238,verified,,,https://www.blackriverathletics.com,
fc-dutchmen,FC Dutchmen,ea,Elite Academy League,youth,M,Albany,NY,42.651,-73.755,verified,,,https://www.fcdutchmensurf.com,
fc-dynamo-roc,FC Dynamo ROC,ea,Elite Academy League,youth,M,Rochester,NY,43.157,-77.615,verified,,,https://fcdynamoroc.com,
jp-soccer,JP Soccer,ea,Elite Academy League,youth,M,Putnam Valley,NY,41.341,-73.877,verified,,,https://jp-soccer.com,
saratoga-wilton-soccer-club,Saratoga-Wilton Soccer Club,ea,Elite Academy League,youth,M,Wilton,NY,43.18,-73.744,verified,,,https://www.saratogawiltonsoccerclub.com,
albion-sc-atlanta-metro,ALBION SC Atlanta Metro,ea,Elite Academy League,youth,M,Brookhaven,GA,33.858,-84.34,verified,,,https://albionscatlantametro.org,
all-in-fc,All-In FC,ea,Elite Academy League,youth,M,Sugar Hill,GA,34.106,-84.034,verified,,,https://allinfc.com,
bvbia-georgia,BVBIA Georgia,ea,Elite Academy League,youth,M,Peachtree City,GA,33.398,-84.59,verified,,,https://www.bvbia-georgia.com,
